Ref_Area,Year,Total_GHG,Energy_Per_Capita,Elec_Per_Capita,Renewable_%,Fossil_Elec_%,Renew_Elec_%,GDP_Total,GDP_Per_Capita,GDP_Per_Capita_PPP,Population,Urban_%,Industry_VA_%,Agri_VA_%,Forest_%,Agri_Land_%,Covid
AGO,2000,68.933,444.60207021880075,76.19697325121926,73.8,49.34256055363322,62.3038062283737,9129594970.153011,563.733795571487,6796.406339580133,16194869.0,50.5070653484197,,,62.3314430095452,35.71268147910484,0
AGO,2001,67.2114,447.5320651897295,83.59602388648902,72.8,48.9010989010989,61.685592185592185,8936079117.731356,533.5862024124473,6848.68325514498,16747208.0,51.7224790407329,,,61.886218817678674,35.62605277933745,0
AGO,2002,64.9216,451.4249321488849,86.97057814773906,70.8,45.43909348441926,64.04532577903683,17311512432.450966,999.065855913758,7523.812914880418,17327699.0,52.8926234794038,51.91965219310748,9.386790603934498,61.44099462581214,35.64450148391754,0
AGO,2003,65.3759,468.0464384366769,96.80271283890424,65.6,46.81704260651629,61.69022556390977,20342128111.975285,1133.663319606071,7518.88948314505,17943712.0,54.0043545370761,48.9228549611473,10.00007684629395,60.995770433945616,35.693430656934304,0
AGO,2004,70.6393,455.9567202653719,88.86894669008333,62.3,29.82612572447615,77.1440035666518,26997977896.592377,1451.471178724934,8081.757079526723,18600423.0,55.0445280863936,50.29787706977377,10.363591444992622,60.55054624207909,35.541830432341385,0
AGO,2005,68.6988,415.6993263929164,102.37849344578068,68.9,22.56351915054987,83.43951459992415,41396636383.3725,2145.8862109632746,8895.376604610363,19291161.0,56.0,56.12429841911485,8.565367316813552,60.10532205021256,35.43996149835566,0
AGO,2006,61.2209,446.8187750858796,129.55102949102033,62.6,20.750921890714046,85.15822996982904,58653659979.71097,2930.444286073203,9588.822388609622,20015279.0,56.8939032662772,54.221423296271595,8.441008978432754,59.66009785834603,35.403064089195475,0
AGO,2007,59.7285,471.6923918498875,135.18741745398057,58.9,28.76543209876543,88.89537037037037,73037821926.68129,3515.0567898653467,10437.589989717875,20778561.0,57.7564632930133,57.90527823970404,8.616240421865545,59.214873666479505,35.48969278896286,0
AGO,2008,63.0361,497.7435915654799,168.45350185171412,55.4,26.75882498148605,78.55171562577141,98790432989.40668,4578.155264515174,11134.704718366622,21578655.0,58.5851745819614,56.20782634838291,7.818318032957952,58.769649474612976,35.449586909440924,0
AGO,2009,64.5384,530.4478504897329,197.3252193988313,53.0,37.13878713878714,67.87952787952788,81705175408.38931,3645.1484656297575,10933.271218798864,22414773.0,59.3775316348744,40.97232183238786,10.366147457300096,58.32442528274645,35.79850806128179,0
AGO,2010,71.665,513.0093641415937,206.99876474710584,53.1,35.34593503395118,67.6379152138007,95546919754.76326,4101.637155667117,11077.13019194049,23294825.0,60.1310289535053,48.55013870934552,10.091306858865346,57.87920109087993,35.97497393117831,0
AGO,2011,70.5619,511.9963822479043,206.95049770521132,51.7,32.25349619401664,71.56877323420075,125551634704.47304,5184.152691499118,11037.638877857707,24218352.0,60.8431610396073,52.17066300522859,9.556306022164444,57.4339760968958,36.34876072832277,0
AGO,2012,72.492,557.5769583781785,271.7119968810116,49.0,31.40077821011673,49.80337224383917,143572907527.97626,5702.453062774339,11519.993386336422,25177394.0,61.5114223949332,53.361103646772214,9.696979323666032,56.988751102911685,36.33833319964707,0
AGO,2013,77.0263,538.4945934026712,276.0874766200839,46.8,44.2397445345124,44.68926553672317,148845200696.79153,5688.57916215215,11626.187721848446,26165620.0,62.1333075212361,50.37504053971207,10.329550703440448,56.543526108927566,36.486724953878245,0
AGO,2014,78.9976,473.6146614985091,310.37412821411647,47.5,49.36322492369224,53.430270497842336,153449860496.4016,5649.687624691393,11721.664415633966,27160769.0,62.723115793241,43.99663620995666,11.478215893010914,56.09830111494345,36.63591882569985,0
AGO,2015,83.5369,543.3609239837007,306.16740698260566,47.1,47.51955537258131,52.30969534787978,102543067840.73212,3641.72893919944,11392.905934493156,28157798.0,63.51567832685,36.73388413490781,13.663772327979595,55.653076120959334,36.72816234860031,0
AGO,2016,80.6255,487.9489734765259,331.66490023153835,48.1,42.45819581958196,59.054088742207554,59878249719.32792,2051.81462126253,10805.712253366695,29183070.0,64.2992302517989,37.394351326160795,14.67114132695616,55.20784471003449,36.75623646426566,0
AGO,2017,75.4336,481.0003577926609,315.19929707580053,52.5,28.727069559549307,84.22385696992272,84376935689.33658,2790.718868697683,10414.235884298676,30234839.0,65.0850525086068,37.098934510693525,14.928326001911252,54.762629341461455,36.70891152642978,0
AGO,2018,70.4651,428.6399101355219,370.7365733402924,52.5,20.65616396451514,88.12763842153564,89512794227.49503,2860.093648368199,10000.944377250891,31297155.0,65.8732136723372,41.18915940143864,13.33979056789306,54.31740595171251,36.71933905510548,0
AGO,2019,71.2087,444.1834636378527,411.2661028516756,51.0,28.29030751784404,85.06671109630123,80734428592.53683,2493.678844401766,9648.011037671778,32375632.0,66.6637823180533,42.225104513416234,12.391158567315602,53.872174540787675,36.7819042271597,0
AGO,2020,63.1592,423.4905038207078,439.11817393802994,60.1,24.843929935147585,84.59375377552253,58852456453.876854,1759.356199182642,8960.33797242389,33451132.0,67.4568270208187,36.70985112850875,15.02236742686762,53.42695115103875,36.78832116788321,1
AGO,2021,66.6019,430.74656947007986,394.7304141275437,52.9,27.16615364463947,91.16431221925656,79559543805.2963,2303.908126627765,8862.281333145209,34532429.0,68.2524163556969,38.172195095854065,16.561923695764047,52.98172238710194,36.830833400176466,1
AGO,2022,68.0352,437.56854375649306,373.0318277557737,52.9,27.114128021315743,91.16431221925656,131212208930.3441,3682.113151369797,8950.142592551425,35635029.0,69.0506188977513,34.9333591780179,18.989092980165253,52.53649723269432,36.94714045079009,0
AGO,2023,68.2808,448.8709033527133,379.1030104947752,52.9,27.114128021315743,91.16431221925656,107167747140.12744,2916.136632842746,8788.261064396353,36749906.0,69.8515032220457,35.12922672299873,20.689762325646782,52.0912696719339,36.947942568380526,0
AGO,2024,69.9229,448.8709033527133,379.1030104947752,52.899999999999984,27.114128021315743,91.16431221925652,100998916781.0789,2665.874447767527,8901.887366115625,37885849.0,70.6551379036435,34.567317456220046,22.069326284466687,52.0912696719339,36.947942568380526,0
ARE,2000,117.226,8956.949299019114,10724.544342113735,0.1,100.0,0.0,104337372362.15112,29865.502347066005,95390.70136423165,3493575.0,79.287092479995,48.51701163163952,2.2626500930374576,4.356941706561533,7.702055758941144,0
ARE,2001,129.7435,11703.275104551414,10875.257480012568,0.1,100.0,0.0,103311640571.81757,27745.17080876723,90750.34693293864,3723590.0,79.7469002624215,49.6763412859899,2.2382001623564887,4.368023092086736,7.913263869332582,0
ARE,2002,131.3144,10866.251881176757,11107.387587930329,0.1,100.0,0.0,109816201497.61745,27753.60895263462,87479.24488971151,3956826.0,80.2705602850306,47.54574758244483,2.20332258864369,4.37910447761194,7.969586032103633,0
ARE,2003,139.4106,10102.216856028528,11063.440841492233,0.1,100.0,0.0,124346358066.71204,29659.542856781132,89828.55539583201,4192457.0,80.8489432668434,49.12101291546045,1.9276839325365367,4.390185863137145,7.800619543790481,0
ARE,2004,146.0518,9441.127157396024,11101.008429279333,0.1,100.0,0.0,147824370319.94556,33376.715229520916,93166.14497677222,4428967.0,81.4729199268812,51.67834808476933,1.6653619090599296,4.401267248662348,7.800619543790481,0
ARE,2005,155.5192,9535.075505786006,12205.051031236131,0.1,100.0,0.0,180617467964.60175,38719.31383076232,92750.91486042888,4664790.0,82.2122832763517,55.643476302480686,1.395409874085288,4.412348634187553,7.8428611658687695,0
ARE,2006,162.325,9239.041445953824,12502.645185761914,0.1,100.0,0.0,222116541865.21445,44342.604832248195,94872.53919855016,5009100.0,82.5588968646829,57.90311171807097,1.0942440019467392,4.4234300197127565,7.583779217121937,0
ARE,2007,172.8358,8929.1273242532,13134.36338535745,0.1,100.0,0.0,257916133424.098,45854.73251581623,87180.60590486578,5624635.0,82.758608500318,54.84022859025103,0.9766711676662828,4.434511405237961,7.499295972965362,0
ARE,2008,200.3914,9425.055327747315,11974.77764957802,0.1,100.0,0.0,315474615738.5977,50054.170068180334,80285.18520287052,6302664.0,82.9658963549658,58.01797844355845,0.8273054640932299,4.445592790763166,7.5978597578147,0
ARE,2009,201.4993,9445.239020002868,11984.837465249297,0.1,99.99299866974724,0.0074797544866858,253547358747.44727,37803.06637387768,71488.99096036216,6707058.0,83.1701992996163,52.04495600036804,1.0368868886082512,4.456674176288369,5.461841734722613,0
ARE,2010,209.6933,8849.862878193866,12827.376715433464,0.1,99.98084066887354,0.0196063821860796,307736419332.8795,44795.29493022682,70913.77803950799,6869838.0,83.3714299144178,50.25925486788619,0.7322843981659267,4.467755561813574,5.523796113770769,0
ARE,2011,217.382,8498.198791978466,13085.720704147125,0.1,99.97780848724491,0.0225949948051686,368881143635.126,51921.904511613,73190.39737920747,7104538.0,83.5695007795347,55.75102087817668,0.6501731728273675,4.467755561813574,5.4702900591382715,0
ARE,2012,226.7173,8466.346027923324,13475.032226432491,0.1,99.97834723503604,0.0223400048954077,392793464942.1375,53141.61243400989,73644.05321432573,7391448.0,83.7643244751488,55.35640754394697,0.6277148406900634,4.467755561813574,5.304139678963672,0
ARE,2013,238.5775,8654.485492637752,13409.14913770658,0.1,99.92181462793764,0.0783671985090231,409632675289.3125,53247.24094954414,74237.22144784957,7693031.0,83.9558135814626,52.989412221412735,0.631291645173813,4.467755561813574,5.342157138834131,0
ARE,2014,242.0497,9398.40039523838,13560.371440199318,0.1,99.74173066197606,0.263563430434596,424935874744.7243,52725.23584079344,74145.10937064623,8059440.0,84.1438806787019,50.740206987543715,0.6256019408206068,4.467755561813574,5.385806814981695,0
ARE,2015,254.2073,9973.982874540296,14046.287011167356,0.1,99.76448976708038,0.2402047368958181,381973042886.31726,44910.33499552302,75238.55399134773,8505237.0,84.3284383471193,42.15880284802637,0.716283764709908,4.467755561813574,5.390030977189524,0
ARE,2016,262.1895,10191.618466429389,13705.618127171563,0.1,99.75619729502442,0.2481541203428668,381717086453.3696,42721.09993831847,75671.05643785959,8935095.0,84.5093991669984,39.87492295927685,0.7408036203433163,4.467755561813574,5.404111517882287,0
ARE,2017,254.2672,8378.97733971587,13672.115772953604,0.2,99.44637655311811,0.5576957374710183,403365010211.0279,43733.61922874352,72529.05710501737,9223225.0,84.686675718659,41.412271712847264,0.7537003209217489,4.467755561813574,5.404111517882287,0
ARE,2018,238.7795,8363.009284636333,13702.802732215356,0.3,99.11847309835753,0.885151528519123,440560108917.63104,47135.35919439715,72671.06523497512,9346701.0,84.8601805824625,45.74398454347056,0.7056429806230944,4.467755561813574,5.3752464094621235,0
ARE,2019,251.8938,8736.63609388178,13914.14265728047,0.7,97.35941179019748,2.645867941699048,433926208304.96936,45938.607358199384,72822.96994069502,9445785.0,85.0298263388195,43.46696837462992,0.7346287699376378,4.467755561813574,5.49704308645452,0
ARE,2020,249.749,8105.438129496328,13855.06579167109,0.9,94.91952516204208,3.7831986017041728,357161878829.1355,37991.74929716649,66808.64775601905,9401038.0,85.1955255681984,40.32158831785569,0.9629657301302074,4.467755561813574,5.488594762038862,1
ARE,2021,255.3525,8500.464105865778,14828.694103237212,1.0,89.05080106271637,4.201345839036041,422441388699.7958,44118.50471927712,68580.14854234828,9575152.0,85.3571908511355,45.38118725087275,0.8903479144214059,4.467755561813574,5.513397634469164,1
ARE,2022,255.5927,8303.276671160469,14687.973977508833,1.0,81.76700678083866,4.201345839036041,511403403675.9701,50759.75892311914,70075.63000533715,10074977.0,85.5147347682487,49.33329925686681,0.7408969245456516,4.467755561813574,5.513397634469164,0
ARE,2023,254.3073,9139.5423044996,15284.701057856106,1.0,81.76700678083866,4.201345839036041,522622191967.3247,49850.687217516395,70239.85528550718,10483751.0,85.6680699002526,45.400738799476905,0.7640687114774426,4.467755561813574,5.515399887355675,0
ARE,2024,264.1484,9139.5423044996,15284.701057856106,0.9999999999999997,81.76700678083866,4.2013458390360405,552324846834.5814,50273.506046983675,69701.80479835454,10986400.0,85.8171088279791,44.32928599846284,0.7694192454889611,4.467755561813574,5.515399887355675,0
ARG,2000,288.4453,1643.3213196178888,2091.7943104398605,9.8,52.0754208148864,33.03178865990966,284203750000.0,7637.014892036284,22281.381429995752,37213984.0,89.1760271133454,25.990836011136377,4.679910944172974,12.196485535446104,46.95818671460779,0
ARG,2001,285.5007,1518.5673730419478,2093.1127254412477,11.5,40.34429975375468,41.61724382722896,268696750000.0,7141.475076628263,21066.45812904325,37624825.0,89.3682951289372,25.24343398273332,4.5685896089178595,12.080871417661482,46.99326558726053,0
ARG,2002,284.5413,1484.2570188162542,2027.039695052366,11.6,39.37237751905916,43.240245848354114,97724004251.8602,2569.699635191236,18571.70204712742,38029349.0,89.5616701920513,30.557737091304627,10.206646714441105,11.96525729987686,47.03126769930098,0
ARG,2003,305.8995,1590.617210679182,2142.6294966292407,10.8,44.78148486033277,37.88123941092142,127586973492.17664,3320.477751339027,20005.138511346464,38424282.0,89.752468256564,32.64509909965032,10.328166939116995,11.849643182092237,47.174981455700134,0
ARG,2004,324.6533,1740.908902599452,2257.0123039219275,9.3,53.20854815065966,31.518902262687103,164657930452.78662,4242.020990894215,21591.449396516982,38815916.0,89.9397208794212,28.816922006834016,8.362486610028256,11.734029064307611,47.318695212099286,0
ARG,2005,329.3846,1712.4320350002954,2369.5463695408616,9.6,52.11073187796046,33.72057029942611,198737095012.28165,5067.653422932756,23262.40757928158,39216789.0,90.1233737736072,28.626314043908387,7.938754274209384,11.61841494652299,47.473736521125886,0
ARG,2006,342.6815,1784.0166977627923,2502.5418254426854,9.2,50.3940270089207,34.739686541377246,232557260817.3077,5869.380289702044,24877.24939222955,39622115.0,90.3033726521064,29.203279665246896,6.935572291263924,11.502800828738366,47.55339479444146,0
ARG,2007,354.3631,1845.914228023441,2596.6118248994803,7.7,57.9593993570831,29.226791140076617,287530508430.568,7185.251551470267,26850.664593277073,40016763.0,90.4796632279031,27.415236133478327,7.4523539460692305,11.387186710953744,47.49109325499052,0
ARG,2008,357.0159,1889.4092380155373,2702.5677820099017,7.7,60.79785445389454,27.450146399074853,361558037110.41925,8944.1102657357,27658.48534468313,40424148.0,90.6521912139817,26.27245993959456,7.318954597243597,11.27157259316912,46.423562771084775,0
ARG,2009,333.4521,1722.7440290988231,2680.0992029559493,8.6,56.535456239578906,30.495398371857323,332976484577.6189,8150.235270282207,25747.197680999467,40854831.0,90.8209023233265,25.284204799373462,5.273623468901396,11.155958475384498,45.430209486642624,0
ARG,2010,337.3105,1826.0511236884872,2777.7337786465223,8.8,59.7341586319089,28.633480141253028,423627422092.4897,10260.13131082542,28056.25702123418,41288694.0,90.9930051940977,25.25877625767221,7.1321674507896375,11.040344357599874,46.13891233570481,0
ARG,2011,343.8255,1865.257361156828,2880.7835773505617,8.8,63.33915030963816,26.389827498339848,530158122010.4424,12704.283181968423,29425.759387608403,41730660.0,91.1072286738406,25.212697605884347,6.9987337702251935,10.958712897697584,45.7919603608739,0
ARG,2012,351.3252,1897.6098392280903,2917.622836126637,8.6,66.37610430845669,24.283996530891237,545982375701.128,12949.71748665402,28825.96668653608,42161721.0,91.2041217246797,24.429057064912225,5.781744206850099,10.877081437795292,45.58130442249579,0
ARG,2013,360.0237,1928.549228851265,2940.9295448090065,8.9,63.99434991790173,26.367384399176867,552025140252.2463,12963.67577332604,29227.660181843738,42582455.0,91.3014507719473,24.005881442307185,6.052918436704514,10.795449977893004,44.9219312381015,0
ARG,2014,359.8127,1911.6172773683852,3036.2073361212147,9.8,64.954248931994,25.67168918138783,526319673731.6383,12233.144411918582,28200.81525713183,43024071.0,91.3975345472954,24.27739449366017,6.712703514285585,10.713818517990711,44.19591773273553,0
ARG,2015,366.0408,1919.758592080578,3140.464206693873,9.4,65.69815809195102,24.420524314698824,594749285413.2124,13679.626498095417,28669.206133679618,43477012.0,91.4923019108628,23.15305613590499,5.156685902140803,10.63218705808842,44.12393606875459,0
ARG,2016,369.1827,1889.8701885328928,3104.989251443378,9.4,67.49015079472898,22.73758320880315,557532320662.9546,12699.962313775635,27802.105720149757,43900313.0,91.5856817228217,22.05410721121083,6.2645658201025425,10.600396829746884,43.43242365777636,0
ARG,2017,372.6964,1874.8296373946368,3005.764831246406,10.4,66.79986817170635,24.52249320260361,643628393281.364,14532.500930851062,28334.904184742005,44288894.0,91.6776028433824,21.78212321933503,5.231622377250584,10.559836883242165,42.98257610471043,0
ARG,2018,372.5105,1806.7762349903935,2971.343648383171,10.5,65.60422343324251,25.03788147138965,524819892360.1758,11752.799892297908,27367.115094107976,44654882.0,91.7679941327998,23.719592332130432,4.5378788968114625,10.520373151507844,42.36139277740628,0
ARG,2019,369.602,1777.4150771055288,2876.7185272471224,10.7,63.58066712049013,26.509913654114865,447754683615.22455,9955.974786804276,26629.552941950053,44973465.0,91.8567844513802,23.157847739143374,5.318555996734804,10.48017860992659,42.605848671204996,0
ARG,2020,354.1583,1623.9245083352291,2827.4273977686075,9.8,62.37491568326112,27.262449323032207,385740508436.9652,8535.59938004389,23877.093140485536,45191965.0,91.9439026594897,22.40887637118019,6.3570336757552655,10.440714878192267,43.000485988548206,1
ARG,2021,371.3182,1741.513772005969,2942.9107751163533,9.2,65.01674511519204,25.53611134685564,486564085480.0355,10738.017922338438,26300.274261175044,45312281.0,92.0292776175651,23.499464426376075,7.291282496220415,10.40088574153448,43.10974206066452,1
ARG,2022,383.5354,1808.7602133555297,2833.119097503378,9.2,60.92004531566481,25.53611134685564,633993756301.0798,13962.18940872232,27825.0273492567,45407904.0,92.112838186126,24.11186362729105,6.541569404848367,10.361056604876694,43.427644344079894,0
ARG,2023,377.6745,1763.5087974294772,2821.7723323223404,9.2,52.83583897495255,25.53611134685564,649461687959.1744,14261.84656679479,27230.396849668192,45538401.0,92.1945132257907,25.172210525273535,5.846778603906901,10.321295141210731,42.4367915620695,0
ARG,2024,374.3446,1736.7024965778678,2822.0971482526575,9.2,52.83583897495255,25.536111346855634,638365455340.0404,13969.78366037374,26771.96576505708,45696159.0,92.2742315972952,23.996597560424902,5.806017109159592,10.321295141210731,42.4367915620695,0
ARM,2000,5.8625,625.5032273418832,1236.5341032566514,7.2,45.18294729775093,21.166498825109095,1911563668.8500648,593.4505817422821,4589.008250399769,3221100.0,64.959237917436,,,11.683877766069548,46.4699683877766,0
ARM,2001,5.9984,624.5554713326048,1205.5545177159224,5.4,48.56396866840731,16.844212358572673,2118467913.378734,659.5889885356293,5044.116478264678,3211800.0,64.8228123790872,,,11.676571829996488,46.6455918510713,0
ARM,2002,5.5472,586.4406484323864,1172.2607662978935,8.9,28.610255481065412,30.03261460409494,2376335048.399756,742.6511183198187,5731.353466092127,3199800.0,64.7396211980252,,,11.669265893923429,48.858447488584474,0
ARM,2003,5.994,622.5828814023849,1252.1602513747057,9.8,27.649518269405565,36.02799491001636,2807061008.6908445,882.0301676954736,6569.260234406313,3182500.0,64.6663537455064,,,11.661959957850367,50.72005619950826,0
ARM,2004,6.4779,661.9296798980884,1365.6039685298117,8.7,30.36484245439469,33.39303482587065,3576615240.4161587,1130.0879144415808,7299.400018588655,3164900.0,64.5972633621116,,,11.65465402177731,52.86266245170354,0
ARM,2005,7.22,798.5441805151887,1441.6475972540045,6.5,28.937786924172865,28.06553743865759,4900469511.1019125,1557.4845890865474,8362.900840371192,3146400.0,64.5334210637509,,,11.64734808570425,56.37513171759747,0
ARM,2006,7.1893,818.2749973903616,1551.2775414921173,7.7,24.844302306009087,30.723783874768557,6384452066.514603,2041.6526706899692,9525.231467797785,3127100.0,64.4758978663344,,,11.640042149631192,61.69301018616087,0
ARM,2007,8.1344,918.1816125228356,1673.4247280684815,7.0,25.24584604950831,31.458121397083755,9206301269.791636,2962.7023459456896,10898.84837956342,3107400.0,64.4257647857723,,,11.63273621355813,61.53494906919564,0
ARM,2008,8.6114,973.2171452455896,1572.3494541802986,6.4,26.16984402079723,31.17677642980936,11662040713.875307,3777.668593137672,11727.4821272949,3087100.0,64.3840928379746,,,11.625430277485073,61.42606252195293,0
ARM,2009,7.3396,851.3383877051434,1564.9054142204827,7.8,20.34914477164521,35.685064362546285,8647937081.256197,2820.592655334702,10143.235079686714,3066000.0,64.3519530388516,,,11.618124341412011,61.33825079030558,0
ARM,2010,7.0714,815.6279869857101,1631.3058328954282,9.4,22.153751348020336,39.48698197504237,9260285755.624235,3041.344507233394,10438.564190416904,3044800.0,64.3304164043132,,,11.610818405338954,60.94134176325957,0
ARM,2011,7.698,896.9480238356551,1716.7013441659235,8.0,32.16689098250337,33.57065948855989,10142111824.583546,3349.5530977190615,10990.177099035009,3027900.0,64.3207449145194,,,11.603512469265894,59.64524060414471,0
ARM,2012,8.5676,982.4424153134718,1804.503819318144,6.6,42.29716276754604,28.80910900945744,10619320682.947445,3511.563996874258,11796.274117799436,3024100.0,64.3268379506998,27.82709461390771,17.912681952639666,11.596206533192834,59.11485774499473,0
ARM,2013,8.6111,959.8016823476836,1851.7538054268696,6.8,41.15434500648508,28.23865110246433,11121464437.04153,3680.1669215888583,12194.018952384286,3022000.0,64.3584061131466,26.709048141707125,18.434762883496763,11.588900597119776,59.11485774499473,0
ARM,2014,8.9685,1045.9751136302111,1895.28170416086,7.1,42.4312814556717,25.7659052781004,11609513246.795769,3852.118006103845,12667.375733024915,3013800.0,64.4142934233291,25.27053294639927,18.072036347066245,11.581594661046717,59.03407095187917,0
ARM,2015,8.8965,1084.5206294013578,1909.4055781135592,10.7,35.91486087959995,28.327990768047183,10553337518.414,3512.3935027670905,13112.760090291533,3004600.0,64.4929623431549,25.708699435161147,17.223120031805646,11.574288724973655,58.893572181243414,0
ARM,2016,8.7313,1043.0979720341645,1889.850616582562,13.2,35.28366370471633,32.17183868762816,10546136235.521862,3524.4247687470715,13192.994073173128,2992300.0,64.5928753345316,25.57713303956047,16.390473533849974,11.56691253951528,58.89708465050931,0
ARM,2017,8.9353,1105.966969817074,2006.10861247231,12.6,36.973599484868,29.25305859626529,11527458709.015797,3869.0537386775177,14243.87490037949,2979400.0,64.7124948593667,25.809532379165596,14.994260124277622,11.559536354056902,58.87249736564805,0
ARM,2018,9.0795,1072.336824811469,1938.6998989558776,11.1,43.31921447824413,30.028237710178413,12457940694.73953,4196.005623017693,15037.045242071204,2969000.0,64.8502833795679,24.75655784762569,13.942311655414612,11.552160168598526,58.91464699683878,0
ARM,2019,9.5603,1163.0928467568945,2084.0506329113923,10.3,39.66662325823675,31.225419976559447,13619290539.211609,4597.228873995479,16215.360796509412,2962500.0,65.0047033570428,24.97160845734349,11.525610737958814,11.544783983140148,58.9041095890411,0
ARM,2020,10.2818,1233.3045589153232,2114.1313523552253,8.4,40.380199030364885,23.434549630007655,12641698583.21524,4268.6809330458345,15052.93597911361,2961500.0,65.174217253699,26.817295697929634,11.349805155454892,11.648942225544827,59.43808314309719,1
ARM,2021,10.908,1271.5280555632448,2262.0936434527225,9.1,42.93692092905191,30.038075897956595,13878908628.937807,4685.179971285085,15921.705281964018,2962300.0,65.3572875314441,26.36434041139007,11.3435484176857,11.641626848728007,59.39690939738818,1
ARM,2022,11.2215,1347.5905574741312,2403.677758318739,9.1,42.19804134929271,30.038075897956595,19513506553.125072,6571.974455450988,17886.178387716784,2969200.0,65.5624462874485,25.437096643779356,10.146703925568268,11.633671793213212,58.613420941389414,0
ARM,2023,10.726,1300.305326645279,2386.0607900684818,9.1,42.19804134929271,30.038075897956595,24185982215.6543,8159.0872096799585,19402.75109155784,2964300.0,65.6956882008852,22.880096161667097,8.102237991887987,11.618315824711416,58.59336213768784,0
ARM,2024,10.7806,1300.305326645279,2386.0607900684818,9.099999999999998,42.19804134929271,30.03807589795659,25955275380.03208,8556.214069567193,20078.784898484384,3033500.0,65.8113671449901,22.85706636518577,7.805886217546733,11.618315824711416,58.59336213768784,0
AUS,2000,545.7082,5681.228859131594,10260.446243541764,8.4,91.46148869777,8.538558870538093,416901962163.4793,21908.996801978352,45099.07520970836,19028802.0,85.1071608578257,24.53245722256618,3.1063067622916862,17.158155760644597,59.288103823073826,0
AUS,2001,555.247,5486.394559054432,10712.695361655677,8.4,91.75017250205887,8.249872014601465,380360222861.1969,19733.651010264537,45428.20008375794,19274701.0,85.1481094164726,23.58669458381069,3.5018708625155903,17.128633351990942,59.318172942998835,0
AUS,2002,564.9523,5480.234642898179,10860.61653093247,8.7,92.06741227395575,7.932631671464041,396436967262.5634,20335.096019102304,46688.39477606326,19495210.0,85.2842102783464,23.55517134429215,3.944251238971341,17.09911094333728,58.185699595173325,0
AUS,2003,553.8086,5615.576756329949,10524.403829329502,7.2,91.4697330640121,8.53031222543274,468517181129.8777,23757.589847168372,47581.22853458794,19720737.0,85.4097077818668,23.991725962279535,2.887335849356823,17.069588534683625,57.20942946773753,0
AUS,2004,575.6458,5652.130379179522,10659.607854862974,6.7,91.72452437027762,8.275519406042884,615643050220.515,30886.05009494012,49061.276150392485,19932722.0,85.518767609412,23.881909388067307,3.058219166211231,17.040066126029966,51.40465745935462,0
AUS,2005,577.2283,5624.4956126478455,10556.309004520232,6.7,91.07544281653182,8.924600918434287,696811489612.8158,34535.20727090995,49997.06649539411,20176844.0,85.6190871221958,24.523318912970772,2.8892149353241345,17.010543717376304,53.39937258373143,0
AUS,2006,584.4288,5775.116752265638,10597.69010422295,6.8,90.66056779624618,9.33943220375381,749708370332.9894,36658.82434761221,50693.724864979835,20450966.0,85.7492544263523,25.487237206496697,2.740113191831892,16.98102130872265,53.27857542663005,0
AUS,2007,592.2353,5853.764132296621,10899.90014222459,7.0,91.28505451210536,8.714945487894653,856603595823.1923,41128.24766184024,51663.240395388064,20827622.0,85.8968519574969,25.5716480180669,2.212810341540673,16.95149890006899,51.853676633299926,0
AUS,2008,590.4227,5951.192915325609,10718.004005703931,6.8,91.82883056972877,8.171169430271235,1058448244063.7662,49811.206721898845,52473.381916077255,21249199.0,86.0253816967666,25.509076852545764,2.354179107760028,16.92197649141533,50.673366049230054,0
AUS,2009,597.6317,5843.933129471323,10852.238877322996,7.1,92.47709157727614,7.522908422723866,931761689770.8431,42954.849488457294,52407.91153785844,21691653.0,86.1278139101818,26.977554592399144,2.3142357064120143,16.892454082761674,50.018484047746114,0
AUS,2010,598.7525,5762.943566415196,10797.871253985724,8.2,91.38450334638112,8.61549665361888,1152566632022.1255,52313.893904121345,52739.2681556133,22031750.0,86.2198600512143,25.108230070574027,2.218248373205559,16.862931674108015,48.99209872043529,0
AUS,2011,610.735,5698.655973093493,10786.291008460868,8.3,89.60675263701032,10.392853485422592,1402939868653.3967,62799.38950170316,53257.047323760315,22340024.0,86.3268946146423,26.461435749674973,2.30485962261499,16.9553102586465,51.562813219999214,0
AUS,2012,614.8511,5533.7223383794335,10486.5668300015,8.3,89.47330677290837,10.526693227091634,1552728401401.581,68301.44025125871,54403.8836902433,22733465.0,86.4451259136625,26.33331495965206,2.273178564953509,17.047688843184986,50.38543144631164,0
AUS,2013,604.925,5533.381463509651,10298.930795482853,9.2,86.82947945600809,13.170119724717322,1583737461925.3928,68476.67884961178,54895.005258898425,23128129.0,86.5740515760243,25.18361514214384,2.2907681325216136,17.14006742772347,48.39371021699231,0
AUS,2014,597.2003,5407.438226458302,10130.098008637531,9.3,85.38313982836951,14.616860171630488,1474677007565.6382,62817.20617517368,55489.06884414605,23475686.0,86.7221289343356,25.56985949846761,2.226957692659668,17.232446012261953,48.73839865665231,0
AUS,2015,600.7502,5318.666792662284,10157.165384020278,9.4,86.6746646221562,13.325335377843809,1356805839935.903,56970.36130280944,55879.995881710274,23815995.0,86.8778642539361,23.68610983531264,2.3766439148705505,17.324824596800436,45.31442406570949,0
AUS,2016,595.9681,5216.98867184459,10196.847931332217,9.6,85.41642326954381,14.583576730456183,1211588128417.6074,50084.44406063846,56529.95182468703,24190907.0,87.0166295249235,22.313016802638245,2.413002323302538,17.425487713240475,44.53992579322467,0
AUS,2017,612.9425,5162.458943023076,10040.748863031416,9.9,84.32114219719489,15.678470249468084,1330890554614.0916,54117.54771860902,56881.85698591039,24592588.0,87.12809266445,23.44793116989754,2.7209831965106677,17.422913616969275,48.34061793911093,0
AUS,2018,608.0656,5086.373784548516,10036.67069418583,9.8,82.89830534444717,17.09709794067173,1433144978761.6658,57410.173734600896,57647.845506810496,24963258.0,87.2267680845925,24.108335149700174,2.4719175263084736,17.42131455716444,46.65809501275348,0
AUS,2019,605.154,5231.574660313159,10025.725063199565,10.3,80.29550120063934,19.70374129820548,1398349602956.3535,55194.75850974282,58048.61884208314,25334826.0,87.3019647888406,25.255512905428382,2.1242491119766163,17.42131455716444,47.12377242908885,0
AUS,2020,579.5474,5159.036383817881,9933.585577245773,11.2,77.39970887479353,22.600291125206464,1333336461648.09,51983.4523666382,57260.46505301084,25649248.0,87.2713470458985,25.402839408227024,2.0151271539653477,17.42131455716444,46.25247984274612,1
AUS,2021,576.1891,5006.443065228816,9843.21372769882,12.3,73.33875595923993,26.660867469516557,1560617493202.6936,60758.9044397144,58327.41468423248,25685412.0,87.2353407632761,25.435779520359176,2.3053787548008797,17.42131455716444,47.25923749548233,1
AUS,2022,571.7808,4942.163722028419,9923.43167060364,12.3,69.06577886134548,26.660867469516557,1695627535475.8003,65169.519111865666,60029.13291907325,26018721.0,87.3343268253813,27.401962084845664,2.672426999506184,17.42131455716444,47.25923749548233,0
AUS,2023,587.5131,4927.6489481382205,9819.871190920963,12.3,66.07583960593718,26.660867469516557,1734451264655.6016,65058.37731466737,60684.95962048829,26659922.0,87.4866955653765,27.51678008609192,2.5716983189452285,17.42131455716444,47.22344432281767,0
AUS,2024,591.454,4750.158435853843,9800.045681824768,12.3,66.07583960593718,26.66086746951655,1757022451652.8313,64603.985630846415,60303.98171162445,27196812.0,87.6021469990446,25.530731989440397,2.035652652493914,17.42131455716444,47.22344432281767,0
AUT,2000,83.6814,3570.948531694428,7076.269483394382,26.4,26.596144114142056,73.16278955874431,196181599831.28668,24487.297468595614,53534.34210554224,8011566.0,66.7690238969566,28.611552317659868,1.670896011505092,46.511633543383425,35.63015026660204,0
AUT,2001,88.5759,3758.793163262343,7333.2319526284355,25.5,29.7795000720588,69.84002946404266,196477206829.33017,24430.495982840985,54032.151561271225,8042293.0,66.8408161285718,28.439891924496813,1.7082552734698777,46.542001938923896,35.338099854580705,0
AUT,2002,90.3629,3771.71949185232,7427.656445091207,24.7,29.71247539960639,69.90143842301477,212837224022.81332,26334.862215031993,54565.07698512873,8081957.0,66.8887457136458,27.668343429232703,1.5922342629838409,46.57237033446437,35.16965584100824,0
AUT,2003,95.1532,3956.938946407618,7695.080037082172,22.6,37.45305281350749,62.13695283677336,260779834340.0967,32110.115966142475,54919.787251239606,8121423.0,66.9263574955092,27.69793593070156,1.486930755901904,46.60273873000485,34.964008725157534,0
AUT,2004,95.9343,3974.506368070988,7808.157792139615,23.2,34.10961466517022,65.43237934904602,299210411454.8228,36614.25065337066,55980.23171460134,8171966.0,66.9558612872944,27.61478884700949,1.493176275399403,46.63310712554532,34.74793989335919,0
AUT,2005,96.4267,4084.35261902051,8024.3524749967455,24.4,34.64807277950682,64.68073677280344,313952317330.7765,38157.37022862003,56890.27944338292,8227829.0,66.9797950654143,27.41820505644722,1.2823949829425367,46.66347552108579,34.61948618516723,0
AUT,2006,93.9886,4105.075250273884,8187.318810914635,26.6,32.55231677537016,66.56508299588884,333905979332.4807,40382.20782985749,58460.23707824744,8268641.0,67.0006968062814,27.59090687624185,1.3275179680062377,46.69384391662628,34.455889481337856,0
AUT,2007,91.0048,4010.095148772941,8152.1434486004255,29.0,29.44195193903263,69.63745313748386,386760177589.4965,46622.96229136355,60470.909990671455,8295487.0,67.0211044863084,27.766729848028135,1.4619634033560616,46.72421231216675,34.2959282598158,0
AUT,2008,90.5976,4027.905566177475,8203.452840691145,29.7,28.98385962812823,70.10779195524375,429234399096.17255,51581.39823610713,61157.9873105684,8321496.0,67.0435560819078,27.41220244691688,1.3850411478541662,46.75458070770722,34.04507998061076,0
AUT,2009,82.997,3819.499868868076,7944.796096231681,31.3,26.793752804434988,72.30001302705284,399290118782.42865,47857.44466352659,58810.44220208717,8343323.0,67.0705895694924,26.277701743817396,1.1765530636883337,46.784949103247705,33.87057682985943,0
AUT,2010,89.121,4065.041896391063,8395.385419621007,31.1,31.38988865144528,67.755820492633,389827789217.6341,46611.13934202319,59730.55120056352,8363404.0,67.1047429254747,26.03964196557378,1.2928859599085472,46.815317498788175,33.67910809500727,0
AUT,2011,87.33,3927.582564773227,8406.10116517111,31.6,31.583425766945737,67.54162551471595,428954737064.05725,51116.89535220424,61272.25843977747,8391643.0,67.1484255415056,25.85708539990057,1.4613064807108107,46.858919049927295,33.413717886572954,0
AUT,2012,83.9774,3899.164841895703,8526.93674287434,34.4,22.97563461564949,76.06025921793865,406750487603.5899,48250.40591426372,61376.72071310542,8429991.0,67.2085909812279,26.009804939464026,1.417681343163058,46.902520601066406,33.145904023267086,0
AUT,2013,84.4903,3924.821354035538,8501.238764063826,34.6,19.70565861080227,79.36820469307742,426580502769.4165,50305.35457749725,60863.05476669651,8479823.0,67.2981308784247,25.96977308651513,1.2778499210887166,46.946122152205525,32.91808046534174,0
AUT,2014,80.8206,3750.344800800411,8342.736951280756,35.7,16.58516458326966,82.54022127815642,438556021078.0341,51314.972261632225,60845.659772981475,8546356.0,67.4154327591781,25.7857017006482,1.27555801772568,46.98972370334464,32.891420261754725,0
AUT,2015,82.2617,3795.510373746188,8318.46625689498,34.8,20.805831636012805,78.1278580070139,379546097300.6326,43915.22802085699,60951.68925105068,8642699.0,67.5576175537383,25.515240224653898,1.1436285417298944,47.03332525448376,32.942922927775086,0
AUT,2016,82.7008,3797.168022229447,8255.778976607558,34.6,19.699010364818175,79.22847982666745,393687359770.2733,45061.49939201917,61572.71213530627,8736668.0,67.7218061923556,25.912469184537382,1.1492826407726808,47.07695104217159,32.35785264178381,0
AUT,2017,84.8577,3839.9480523210623,8458.134897766042,34.0,21.98278279401043,77.02418540743649,414926138132.6913,47163.7425775142,62535.89831768428,8797566.0,67.9051196052802,25.802321302563787,1.1999020307668142,47.120455647115854,32.16941347552108,0
AUT,2018,81.7926,3717.625321121481,8396.450842659613,34.1,20.770363029569932,78.16539633035545,452582294972.7754,51194.07498412994,63778.025705174645,8840521.0,68.1046787227623,25.71909263543327,1.1091141402141187,47.16396025206011,32.147721764420744,0
AUT,2019,83.1342,3765.980118996016,8339.939999459455,34.0,20.772152921841744,78.14707546407307,442983642371.8424,49885.99473552041,64609.37429561403,8879920.0,68.3176044750522,25.536377100649553,1.0446341365349905,47.103732428502184,32.12809015996122,0
AUT,2020,76.9727,3546.5044986515327,8025.46724947246,35.8,17.964938394112295,80.99662339094242,434397601557.69617,48716.4098900349,60276.41534591406,8916864.0,68.5410177924001,25.65448678262112,1.0713811327287088,47.13790596219098,31.539812166747456,1
AUT,2021,80.0781,3728.1339893139825,8381.610257579532,36.0,19.020681093586887,79.9114280061055,480466363176.8062,53648.643797621386,62968.942231189205,8955797.0,68.773601700253,25.725345657222725,1.215238865748799,47.172079495879785,31.537668444013573,1
AUT,2022,76.0792,3486.7294329376255,8254.393928853728,36.0,19.509198907403928,79.9114280061055,473221298968.2158,52336.772522375766,65694.55132872541,9041851.0,68.998085127906,25.844468387538623,1.3464959645730148,47.20613184682501,31.476583858458557,0
AUT,2023,71.5963,3308.7116704241053,7860.148770866868,36.0,13.704186196430252,79.9114280061055,516670509628.8758,56579.50417546799,64536.29818414335,9131761.0,69.2265358276021,26.090494864354735,1.241761720389336,47.240265390208435,31.474345613184685,0
AUT,2024,70.9999,3242.207985481198,7896.833966333776,35.999999999999986,13.704186196430252,79.91142800610548,534790720466.8218,58268.87876516011,63788.07867847896,9177982.0,69.4658181096788,24.58342019040852,1.216633757924476,47.240265390208435,31.474345613184685,0
AZE,2000,39.6878,1403.598746671036,2040.479089531099,2.1,91.79635274613617,8.203647253863842,5272615722.968918,655.0972495799167,5656.92989378687,8048600.0,51.1320838928223,42.538309912888664,16.084864670100252,11.951092548877188,57.386356758065496,0
AZE,2001,39.0277,1411.2143488871684,2106.4700660814674,1.8,93.1418028465999,6.858197153400106,5707616203.720108,703.6709985846863,6168.985120597489,8111200.0,51.1584815979004,43.46263827225525,14.83745955301377,12.006046922667185,57.45000242119026,0
AZE,2002,38.8745,1414.7760245464178,1996.7082520083943,2.4,89.19843858617186,10.801561413828138,6236087738.282841,763.1088954634868,6701.081744442067,8171950.0,51.2144165039062,46.15422680412371,13.954639175257732,12.058811639110122,57.4317945241957,0
AZE,2003,41.6901,1476.8410237129256,2235.4598559648293,2.9,88.40082683453913,11.599173165460869,7276413079.114511,883.6925807452558,7329.406018189433,8234100.0,51.7257995605469,48.5398446792136,12.425662911914923,12.108628950297632,57.525528722837926,0
AZE,2004,41.6654,1539.5000390797206,2281.9478721483174,3.1,87.32983811626195,12.670161883738045,8680405740.941248,1045.0136328105998,7937.8594791002,8306500.0,52.2831993103027,50.76903237907669,10.988019038240605,12.160463034642929,57.515240952196635,0
AZE,2005,44.5394,1600.2278034026583,2388.3887343076913,3.4,86.84417628541448,13.155823714585518,13245421880.834042,1578.3673303066716,10054.100338940088,8391850.0,52.5028533935547,58.787781992413656,9.14753443801158,12.217000967819985,57.56835228647471,0
AZE,2006,46.2181,1559.8491757674126,2552.2862143543266,2.9,89.74045552703419,10.259544472965814,20981929497.618767,2472.957257322871,13371.65852145344,8484550.0,52.6540145874023,64.95823153492441,7.0910371168556825,12.27518907995208,57.552912133789945,0
AZE,2007,46.6283,1459.3889815120087,2118.210527542447,3.8,89.17929235135259,10.82176042477228,33049419431.224392,3851.330151751412,16587.365724022806,8581300.0,52.8281555175781,66.16032862608205,6.540082156520513,12.331169444141883,57.56453545365429,0
AZE,2008,51.1419,1587.2483700944156,2040.760435447429,3.1,89.68719678417965,10.3143279582313,48851293785.44826,5574.468104325748,17963.020812683837,8763400.0,53.063304901123,65.51852147135327,5.5708918409854205,12.386262359761336,57.568349328911864,0
AZE,2009,45.5049,1391.3309919554326,1620.3874199013037,3.3,87.75704897180411,12.24629001483994,44292427184.94917,4950.399490094231,19242.390007723116,8947243.0,53.1358125434574,56.26195525469433,6.121933064618064,12.441808477161048,57.57909515625378,0
AZE,2010,44.485,1305.9120927864142,1603.4313740649227,4.4,81.5766969535008,18.42431854623196,52909294791.92624,5843.5337683582,19925.390066213746,9054332.0,53.2848367714869,59.994819262922405,5.5445661132697515,12.4914658343012,57.67034456058846,0
AZE,2011,46.9238,1396.0447805164067,1705.4246326371006,3.5,86.81383660195131,13.186163398048684,65952796427.94731,7189.81869211976,19358.077810034483,9173082.0,53.5085461893249,61.73399639030759,5.076225951384355,12.600995668900772,57.69193544484502,0
AZE,2012,50.0286,1497.2948666471382,2052.650965211756,2.8,92.07847572646598,7.92239429267444,69679944504.19719,7495.865276580995,19523.373716135644,9295784.0,53.8076442276208,59.51735085498423,5.139769507724176,12.710826538266106,57.68709622783034,0
AZE,2013,51.2625,1497.9025747025237,2092.5365206294578,2.5,93.0418771944849,6.964117495932174,74160560123.69016,7875.345366615495,20398.646225034896,9416801.0,54.1821087431318,57.0544154549517,5.3662644804234985,12.82050351443884,57.70454517959327,0
AZE,2014,53.0942,1526.158778639946,2202.3939182884587,2.1,94.0189259139437,5.980063086379812,75239785452.10219,7890.840280620872,20709.20161123204,9535079.0,54.6319175926151,53.58685466693552,5.319406718055516,12.929708575783602,57.70054316925347,0
AZE,2015,52.9715,1510.9185685788905,2244.920145323914,2.3,92.59154244977316,7.406351263771873,53076235354.74602,5500.503646284862,20678.75395723748,9649341.0,55.1570486328276,44.89132033835969,6.177638837808018,13.039534011589224,57.70175290033026,0
AZE,2016,52.6987,1480.9342834589045,2215.660641955389,1.9,91.21914075024046,8.784105482526451,37866996882.915695,3880.685227683798,19822.41059439413,9757812.0,55.7574797205266,47.557807007672295,5.605111774557635,13.154411515664693,57.73557517842023,0
AZE,2017,52.4259,1478.7841844292384,2120.553077100513,1.9,91.875,8.125,40866627351.98167,4147.198142322201,19659.00485627677,9854033.0,56.4331887124691,49.7017251037138,5.60736901068842,13.2731460646972,57.79560136459316,0
AZE,2018,53.1365,1471.3702756395594,2182.7464636760747,1.9,91.86253914146418,8.13428990447501,47112470051.77007,4739.794312340805,19781.850905843698,9939771.0,57.1841534654123,52.2509114518304,5.212380762123558,13.41393036029714,57.825392600479105,0
AZE,2019,55.9433,1587.7847758468713,2243.8512559950673,1.7,92.67413316968394,7.327017490027616,48174235294.117645,4805.753717659173,20101.491875147043,10024283.0,58.1308191977779,48.82326652518676,5.6953802496330725,13.553367048176735,57.82781232608222,0
AZE,2020,54.3338,1536.8305634955827,2257.1809056881416,1.3,94.52765199891635,5.469251906033516,42693000000.0,4229.910649045028,19126.096851125993,10093121.0,58.2934691761937,41.9563201571824,6.738947423534096,13.694189676451373,57.83824988505191,1
AZE,2021,56.5961,1623.8293243823532,2389.090281374072,1.3,94.1980134112669,5.798759278516872,54825411764.70589,5408.045351750229,20111.37569521088,10137750.0,58.3659969744818,48.81817362493992,5.725983657213487,13.832990925589836,57.84150030248034,1
AZE,2022,59.2363,1714.0372598283177,2365.862479830909,1.3,93.30211095423395,5.798759278516872,78807470588.2353,7770.594223350996,21051.24422916121,10141756.0,58.4382815854684,56.14673735768555,4.6122083081105325,13.972481548699337,57.84029038112523,0
AZE,2023,60.9918,1732.1973950284607,2366.9587760752997,1.3,92.75550247398054,5.798759278516872,72428470588.23529,7133.028380483284,21310.738691502233,10153958.0,58.5075350483702,45.840845816237355,5.510588946173263,14.111954022988508,57.829401088929224,0
AZE,2024,58.2798,1732.1973950284607,2366.9587760752997,1.2999999999999998,92.75550247398054,5.798759278516871,74315882352.94118,7283.849907617904,22072.14911571765,10202830.0,58.573795837717,42.61198223798254,5.657170900053033,14.111954022988508,57.829401088929224,0
BEL,2000,151.9066,5662.981747164268,8247.67711254725,1.4,39.04680283768985,2.71746893300957,236792460312.4711,23098.88650774014,50455.73389206719,10251250.0,82.0152520403035,24.943832583654345,1.1760052797371363,21.9991428477236,45.81149243398279,0
BEL,2001,152.1583,5606.172982710923,8267.18721595245,1.6,37.8446774658298,2.8538855689605493,236746141604.3704,23015.071263246195,50835.39699160613,10286570.0,82.3356893921976,24.312150987251396,1.1093502976716276,22.073550258794057,45.719183727293704,0
BEL,2002,144.5246,5397.648178042987,8311.892679466378,1.7,38.38233681414419,2.763528250618382,258383599375.17697,25006.191397109003,51471.85325509322,10332785.0,82.6509663267055,23.787336339306854,1.0331341427577592,22.147957669864503,45.79500873635974,0
BEL,2003,148.3047,5609.48271408916,8411.900657017408,1.9,40.43956043956044,2.6716294458229943,318082528506.5876,30655.209267902366,51788.84396419726,10376133.0,82.9609538786731,23.22665488858116,1.0294445025288033,22.222365080934956,45.89720766162266,0
BEL,2004,147.1197,5615.406130349682,8467.022360419982,2.0,39.42168388552428,3.3085263032893955,369214712443.2056,35429.40779333441,53406.69186252007,10421137.0,83.2655230829461,22.95999894885683,1.0229105413151485,22.29677249200541,45.86753700590116,0
BEL,2005,143.9155,5549.637608625957,8409.983874780422,2.5,39.366917223026284,3.9945142163499696,385714762230.0387,36809.70134036188,54346.89342192859,10478617.0,83.5645449743707,22.5737781481988,0.8406399739902515,22.37117990307586,45.59390762535852,0
BEL,2006,140.4689,5445.565470846955,8606.405144957915,2.9,38.51537470296854,4.990388593991985,408259840868.82294,38705.10679591471,55367.62274679071,10547958.0,83.8578905877926,22.139925542401,0.9072693805810522,22.44558731414631,45.495005439620215,0
BEL,2007,137.895,5302.045329638442,8555.577514893137,3.4,38.36802796758303,5.425427345576718,470922156309.4525,44319.16544881302,56983.46121700616,10625700.0,84.1454309580577,22.281952477002864,0.8875239400393867,22.51999472521676,45.06313256189628,0
BEL,2008,139.5855,5425.006832248345,8494.41917360576,4.0,37.61892913423145,6.829417410158888,517328087920.078,48303.397956285975,56787.73662574138,10709973.0,84.427037120012,21.595448496359985,0.7123380671859662,22.594402136287215,45.010384729502526,0
BEL,2009,132.0522,5161.342272891994,7910.994801737935,4.9,39.13887457091783,7.532116732285624,485014525992.46063,44923.34001350815,55258.70710196662,10796493.0,84.7025801085014,20.489056462264788,0.7186796608565893,22.668809547357665,44.95434015758415,0
BEL,2010,140.495,5510.3684221532185,8353.015615681434,6.2,39.32184041687366,8.441797292012387,481556503720.0009,44197.39367116197,56240.20309362392,10895586.0,84.9719309583717,20.659592602625683,0.8479186350492123,22.74321695842811,44.69389773513995,0
BEL,2011,129.905,5063.167395636144,8081.886789444427,6.7,34.393238964219904,10.548892836258924,527196649048.6392,47760.8298776546,56585.30250006774,11038264.0,85.2349607044689,20.751459951724826,0.7262398434410029,22.73945867537006,44.03454983021792,0
BEL,2012,128.0589,4822.6888022317235,8001.579554101889,7.7,35.36544250451536,14.236724864539434,498414364944.96106,44874.17091821225,56356.8251292135,11106932.0,85.4915403816388,19.995648754468856,0.8445746953934796,22.735700392312,43.912570467807335,0
BEL,2013,129.2315,5000.34617077523,7991.1056205764335,8.3,31.417005018384778,15.636520426862132,524097026598.5505,46964.59467770559,56263.17526796682,11159407.0,85.7415410247275,19.915193569044156,0.7645654779085406,22.731942109253943,44.0609237464148,0
BEL,2014,122.512,4701.2577160847695,7700.558575087984,9.1,32.8223861051761,18.460403887242403,537987419164.3511,47995.778696133944,57002.90921852042,11209057.0,85.9848336685807,19.61905707328384,0.7165182192833188,22.728183826195895,43.88949329113507,0
BEL,2015,127.1924,4661.663762022853,7699.883876420101,9.4,37.77921239509361,22.322215049135643,461044767544.531,40893.804537772005,57509.02457287021,11274196.0,86.2212893480444,19.476774687272886,0.7506172720665739,22.724425543137837,43.780700886822935,0
BEL,2016,126.1031,4904.157707553148,7753.837073581763,9.2,29.087914398523463,17.965095904492674,474271566739.7288,41854.5498296444,57901.49769031481,11331422.0,86.4507790979645,19.098105782217583,0.6731905436846843,22.724425543137837,44.53235749843405,0
BEL,2017,124.0806,4863.632801717365,7801.64987598414,9.7,29.57087936826793,19.55413939205024,500908767351.5303,44035.3239358548,58529.330295753425,11375158.0,86.6731739531869,19.15456041309207,0.7295325831425381,22.724425543137837,43.74773349157683,0
BEL,2018,124.6967,4660.206928937809,7748.278777714711,10.7,35.29364730340223,24.259385119737736,542638913427.9212,47487.21003925607,59357.68968843937,11427054.0,86.8883449485575,18.964125148696887,0.6646255711200939,22.605188075951855,44.40363362083101,0
BEL,2019,124.3926,4775.957474752685,7673.266034060465,10.2,30.021143906710524,21.744799453248472,536726344405.4893,46716.622746796435,60479.97699554662,11488980.0,87.0961631189222,19.241710569869447,0.7187895835371281,22.60444677641503,44.467764150324655,0
BEL,2020,115.6721,4386.43050829817,7420.568380715726,12.3,32.162141012598795,27.404335237499023,529694473501.7913,45906.287580524586,57333.54241379217,11538604.0,87.2964994991269,19.08117051632676,0.7128180236415714,22.60444677641503,44.750091821341904,1
BEL,2021,119.5214,4823.5834216252015,7681.123958296921,11.7,24.60962769080722,23.54315741284422,598522422241.8508,51658.23829495799,60669.21377465312,11586195.0,87.4305564090635,17.996522853994648,0.6548993848795132,22.60444677641503,44.78487571325507,1
BEL,2022,111.9884,4368.445625674273,7285.913523815068,11.7,25.590169572784976,23.54315741284422,591085783326.2668,50605.74966770862,62561.78104532363,11680210.0,87.489200269855,20.002116480919337,0.6714304115147964,22.60444677641503,44.566144159506784,0
BEL,2023,107.2263,4051.074090727088,6931.101381958797,11.7,24.28378491436494,23.54315741284422,651330595110.0115,55291.47545413294,63095.40172812894,11779946.0,87.551492636772,19.466054690398675,0.7745656660130885,22.60444677641503,44.37922214206073,0
BEL,2024,107.824,4077.829114468264,7098.808376361142,11.699999999999994,24.28378491436494,23.543157412844213,671370081636.4061,56614.56794990358,63347.7858809235,11858610.0,87.6126557010527,18.735705863139355,0.7916368275971921,22.60444677641503,44.37922214206073,0
BEN,2000,5.9745,274.5814364329065,55.25076856034637,70.3,97.61904761904762,1.9404761904761905,3519991440.4791317,487.4241413842425,2536.168858670967,7221619.0,38.2759517258875,18.75634821190707,23.541233992526177,36.67213550904576,28.306810925860233,0
BEN,2001,6.5055,283.2302733728126,58.42379844407352,66.9,96.96969696969695,2.378787878787879,3666222635.138748,492.401499509072,2591.064852202879,7445596.0,38.6186257669218,21.60630613083225,25.048162742776615,36.22871585668677,28.906784320681098,0
BEN,2002,6.9554,294.7241458062015,64.88239219556021,64.0,96.82539682539682,2.412698412698413,4194342686.2178025,546.4638296581587,2630.1806102962714,7675426.0,39.0035069872981,21.256064816262732,25.38272927763998,35.78529620432778,29.862885775097553,0
BEN,2003,7.3192,301.4991516861054,61.41737656813348,61.7,97.5,2.1125000000000003,5349258094.482386,676.0028780842815,2639.0437011464146,7913070.0,39.4169696013044,21.765335885862797,24.45398373511978,35.34187655196878,30.782165661582123,0
BEN,2004,7.6368,305.2795363038935,66.79663207704189,60.7,98.76543209876544,1.839506172839506,6190270380.498556,758.6958037863709,2672.8440435715747,8159094.0,39.8525699078742,20.49942460784869,26.52084928002843,34.89845689960979,30.67794430649166,0
BEN,2005,8.0821,296.64742994847705,69.90148756062085,59.2,99.06542056074768,0.7009345794392523,6567654954.38903,779.4377777532677,2632.472514543285,8426144.0,40.3097749006517,21.613592386735668,26.689428502699077,34.4550372472508,30.804824405817666,0
BEN,2006,9.3406,339.27097277575155,70.97467204985206,57.3,97.4025974025974,0.0,7034111314.888124,809.1470725062209,2652.218419671588,8693242.0,40.7877794072449,21.157013777620552,26.631803428758023,34.01161759489181,29.6144554806669,0
BEN,2007,10.0519,358.1233735757294,75.2738813368686,54.5,98.63636363636364,0.0,8169048382.838754,912.3382471883424,2729.1374139035174,8953969.0,41.2857782552618,19.51117718444739,26.97108696664076,33.56819794253281,29.967222419297624,0
BEN,2008,10.1634,355.1915687977265,81.37863865998965,54.8,98.68995633187772,0.1572052401746725,9787734526.23965,1060.6025450209872,2777.6197403176543,9228466.0,41.8029662723105,17.660622076681488,26.826156185213947,33.12477829017382,31.783362894643492,0
BEN,2009,10.6888,361.6537176808425,82.65485718744449,52.8,99.21875,0.1875,9738626517.003197,1024.1027785811184,2758.072431506483,9509423.0,42.338538285999,17.919507929236865,26.97895537609945,32.681358637814824,33.17067222419298,0
BEN,2010,11.5488,363.7435748197803,86.04249825771596,47.2,99.1304347826087,0.0,9535345015.78355,973.2442549315264,2733.573996411508,9797484.0,42.8916891239353,18.009053139506836,25.841135496268148,32.237938985455834,30.925363604114935,0
BEN,2011,11.644,352.9012490305889,87.4809768504332,48.7,100.0,0.0,10693321363.657408,1059.413588525885,2732.0124964795677,10093623.0,43.4616136137276,18.137449111597387,25.797000825327288,31.794519333096844,32.0979514012061,0
BEN,2012,11.5913,346.22082205343764,85.50003140130512,50.3,100.0,0.7291666666666666,11141358115.899054,1071.5258366282956,2779.726480853202,10397657.0,44.0475065829838,16.95668468789659,25.76897583122945,31.35109968073785,33.39123802766938,0
BEN,2013,12.3137,366.7430877558948,91.51323103897212,52.0,100.0,0.0,12517845123.931498,1168.926992792259,2893.046701535196,10708834.0,44.6502883669319,17.243709289308843,25.275404639082293,30.90768002837886,35.30102873359347,0
BEN,2014,12.9415,367.2941849718577,104.26106826434514,51.0,100.0,0.1436781609195402,13284527846.908115,1204.39918670094,2987.382363261529,11030004.0,45.2880529235999,16.411577486613353,25.61845297380084,30.464260376019865,35.45496630010642,0
BEN,2015,13.4996,379.4920266729336,96.91320441089756,49.9,98.1818181818182,1.1242424242424245,11388160996.773785,1002.4188687961384,2952.002183387052,11360681.0,45.9407403257663,16.385095444490226,26.39208509250367,30.020840723660875,36.12294253281305,0
BEN,2016,15.175,409.0388210840683,92.068263531,45.4,96.37681159420288,1.934782608695652,11821065853.38379,1010.533896199298,2962.6638157226457,11697842.0,46.6094559006664,15.702068311818456,27.753635498049317,29.577421071301877,34.38049840368925,0
BEN,2017,15.52,412.3043521191957,95.1014055074096,45.4,97.58308157099698,1.634441087613293,12701655836.9467,1054.9740806681434,3041.7792998498926,12039780.0,47.2942774880391,15.10758585075008,28.489016527326427,29.13400141894289,36.301701844625754,0
BEN,2018,16.9306,423.28332382253274,96.9043345066564,44.0,96.53465346534654,2.6782178217821784,14262408089.926104,1151.7409703472013,3155.451065062702,12383347.0,47.9952829275963,14.641956750916338,28.06477391270772,28.690581766583893,39.56020397304008,0
BEN,2019,17.1381,414.5436410802172,98.68972884289828,46.5,98.48484848484848,1.0246212121212122,14391686313.464125,1130.8213533979497,3281.1047005146465,12726755.0,48.7125500590248,16.312561201590185,26.875801625833695,28.247162114224903,41.071385242993976,0
BEN,2020,17.6643,426.18547870094335,98.46850488314269,46.2,99.08998988877654,0.5470171890798786,15686741883.93395,1200.1942655778937,3317.8597222556973,13070169.0,49.4461567219896,16.290549052865828,27.109175036111782,27.80374246186591,39.31401738205037,1
BEN,2021,16.1853,376.05529529695303,113.24482046595584,54.5,98.57904085257547,0.2575488454706927,17687623530.335533,1318.6515807519838,3464.2886286745,13413417.0,50.1961807561354,16.467400377576084,28.528950609859237,27.360322809506915,41.002345689960976,1
BEN,2022,17.0531,375.82098364933654,105.30905154191277,54.5,96.6033966033966,0.2575488454706927,17425405090.862,1266.4271103190442,3588.3251993814706,13759501.0,50.9627000010887,17.017826707817036,26.896678796812385,26.916903157147924,43.06236520042568,0
BEN,2023,17.3539,394.57463706996737,114.66204390124776,54.5,96.6033966033966,0.2575488454706927,19673291004.14443,1394.1778472183137,3721.2125481480793,14111034.0,51.7457922964593,17.302197756160503,25.40197236675632,26.47348350478893,41.83001330258957,0
BEN,2024,17.7671,394.57463706996737,114.66204390124776,54.499999999999986,96.6033966033966,0.2575488454706926,21482643706.42485,1485.380188851343,3901.3258849439226,14462724.0,52.5455354818423,17.38382760500234,24.231722951964933,26.47348350478893,41.83001330258957,0
BFA,2000,14.181,122.8763316152602,28.59407862751106,83.9,74.87179487179488,25.1974358974359,2968370087.597594,248.90852692175216,1428.5740061709628,11925546.0,18.0003503329444,21.87075454759141,24.91403646183269,26.37609649122807,40.97630884502924,0
BFA,2001,15.8529,138.80840430693254,30.012197640325528,81.7,85.24590163934425,14.693989071038253,3190371080.947684,259.48522338043597,1477.2849184652491,12295001.0,18.8591452143893,20.63892464841143,26.92043043236788,26.193347953216374,41.450835526315785,0
BFA,2002,16.2408,140.36666018395857,33.04182661526231,81.8,82.46575342465754,17.46849315068493,3622350062.9605265,285.65408763753277,1494.678012695828,12680897.0,19.725053583448,20.633814509444612,26.37244847512092,26.010599415204677,41.918052266081865,0
BFA,2003,19.5486,145.41220288692665,34.01482220719964,80.8,78.42696629213484,21.548314606741577,4740768142.674943,362.3738999969534,1561.833101849148,13082532.0,20.563327262892,22.625073990839383,25.960976824654537,25.827850877192983,42.38526900584795,0
BFA,2004,19.8093,149.20202552062355,36.59114791986361,82.0,78.48101265822784,21.40506329113924,5451688537.6095915,403.8128374346103,1581.2562093329386,13500533.0,21.3392180754924,22.659175718033193,23.38143845130917,25.645102339181285,42.90730994152047,0
BFA,2005,20.4767,152.45406529421467,40.19487912933298,85.4,80.46421663442939,19.433268858800773,6146353173.349286,441.16414801601206,1664.9954318002267,13932123.0,22.0179778440204,20.165832433118876,26.77091902702814,25.46235380116959,43.42569627192982,0
BFA,2006,20.9532,160.05194705349288,41.88202806694195,84.8,85.40145985401459,14.720802919708028,6547419820.381131,455.5136556200242,1714.7603490450902,14373707.0,22.5528306908743,20.503852791815586,25.228976164516485,25.279605263157897,43.92946271929824,0
BFA,2007,21.8231,167.38049699381838,42.72319681280902,82.9,81.86274509803921,18.205882352941178,7625722836.768471,514.6844511772381,1731.9304633507736,14816307.0,22.9741760828193,22.54833440438631,21.839487405846313,25.0968567251462,44.40764437134503,0
BFA,2008,22.9702,168.80031087062977,43.32127219305846,83.5,78.06451612903226,21.924193548387095,9451435490.114674,619.4375332562643,1779.3271091157114,15258093.0,23.3633747838557,20.54792370020549,27.314280245880983,24.914108187134502,44.91323830409357,0
BFA,2009,23.4755,171.44988829824013,47.29451804976504,83.3,81.14285714285714,18.9,9450696873.343262,601.5695206718585,1779.3230562797253,15710066.0,23.7452325601116,22.955880491560723,23.20484712860944,24.73135964912281,45.4371067251462,0
BFA,2010,24.3236,227.93902505696968,68.43261131055684,82.1,85.05882352941177,13.851764705882353,10109619740.69942,624.9572522247657,1873.9714623082796,16176498.0,24.115092498158,26.055552033644624,24.1433866229434,24.54861111111111,46.02128252923976,0
BFA,2011,24.9905,235.6749138624304,75.62159147679846,81.4,89.92332968236583,8.997809419496166,12080295977.563232,725.0247677254749,1939.866599894059,16661908.0,24.4682976845657,28.37227090557058,23.043650452489047,24.365789473684213,46.75896710526316,0
BFA,2012,25.9545,249.0732177051676,86.3018420318738,79.2,90.4424778761062,8.642793987621573,12561015156.568283,731.470138867833,2003.6646118745,17172287.0,24.8001912059054,26.867510379438254,23.75600501815752,24.182967836257312,47.328523026315786,0
BFA,2013,26.9705,258.23915476927664,92.17079978202256,78.7,91.5625,8.376755070202808,13444300485.841228,759.7620651684981,2057.0639319852953,17695409.0,25.106116148748,24.095751582869685,23.64109279197084,24.000146198830407,48.11737682748538,0
BFA,2014,27.2923,264.96824764469227,98.08298775262746,78.9,93.18181818181816,6.214666666666667,13943016076.743608,764.8616751062254,2083.1984469830372,18229461.0,25.3814155996643,24.92953924712444,23.693772772599917,23.81732456140351,48.68693274853801,0
BFA,2015,29.01,279.23778984182013,113.0076671068924,78.8,94.33262711864408,5.1723044397463,11832159315.62978,630.124750752312,2101.7026619202743,18777487.0,25.621432645225,24.361375784436177,22.646498490202937,23.63450292397661,49.293038377192985,0
BFA,2016,29.8729,271.6378109720988,108.87073583583968,77.1,91.30938586326766,8.352975158867707,12833363045.336657,663.7423648428855,2162.725789778139,19334856.0,25.821510372001,24.88151736664877,21.714717829021303,23.45175438596491,49.82604459064328,0
BFA,2017,31.0,285.33781080059987,112.19233626817828,74.6,91.91419141914191,7.876028524410312,14106955615.344175,709.0915358946953,2232.287814909443,19894407.0,25.9769918665632,25.140237220006252,20.585587218828177,23.269005847953217,50.35905080409358,0
BFA,2018,32.6026,300.04081685959903,118.94342618129268,73.7,88.9321468298109,9.61946418808092,15890066221.288244,777.465618514048,2316.394320790446,20438288.0,26.0832202154822,25.589443378097258,20.997473284009065,23.086257309941523,51.19615058479532,0
BFA,2019,33.7747,302.8240647664588,124.034250245397,72.7,85.8611825192802,12.882871536523927,16032813503.37069,764.8530777749462,2391.5362684448355,20961952.0,26.1187254401157,27.42591338124586,18.220524552442075,22.903508771929825,51.676890350877194,0
BFA,2020,30.1952,314.36172128285153,131.89817442311426,73.1,82.91586384071933,13.17987421383648,17725010532.52676,825.2370387824751,2380.931718265739,21478690.0,26.3578373628627,29.46947678403768,17.915163567756192,22.720760233918128,52.15945796783625,1
BFA,2021,35.4369,310.28665695639324,126.48189428959708,71.2,83.6222355050807,13.923809523809524,19697516284.378677,895.5352884429909,2486.4309314776174,21995243.0,26.8114307743017,28.53062430085676,17.29021575384487,22.53801169590643,52.67089985380117,1
BFA,2022,35.7426,312.9694080253363,126.61580650403629,71.4,85.9796285200719,13.923809523809524,18622421394.613308,827.3308434866611,2469.199569412594,22509038.0,27.2791369742712,26.043948895976527,20.6297606481805,22.355263157894736,53.349739400584795,0
BFA,2023,34.5921,325.9439031365527,133.32883981847127,71.4,85.9796285200719,13.923809523809524,20112614449.203903,873.4825896510025,2486.2066981287094,23025776.0,27.7872478365158,25.75394271825564,19.00655933992002,22.17251461988304,53.40200548245614,0
BFA,2024,34.9177,325.9439031365527,133.32883981847127,71.4,85.9796285200719,13.923809523809522,23124729853.0218,981.9926497690816,2547.672328522092,23548781.0,28.3352514896662,26.514507396392805,20.932614794912332,22.17251461988304,53.40200548245614,0
BGD,2000,100.3526,135.98282915503282,99.25355145469406,60.2,95.1366432058842,8.807367953839325,53369787318.62453,396.6707302497512,2712.935122157251,134544304.0,23.3145114975244,22.27938268193252,22.71814807559234,14.752462933087504,72.21325958362141,0
BGD,2001,106.9523,148.29954391593748,109.49096387061338,55.9,94.29047838086476,7.434510119595217,53991289844.32913,394.65641001891026,2803.554719509463,136805810.0,23.6999214768623,22.58381187422126,21.848340581525864,14.727890450948758,72.23630636859491,0
BGD,2002,110.0243,148.0231378237878,117.27179888979818,54.4,95.89070452718992,6.568818644521832,54724081490.510185,393.88642232762766,2866.434543287154,138933658.0,24.1132383547332,22.839254372846668,20.5841344226366,14.703317968810016,71.85219328570331,0
BGD,2003,112.9936,153.2052747506112,123.72105110244068,52.6,96.1038961038961,5.717938311688312,60158929188.255615,426.7488075436204,2958.9150311563326,140970351.0,24.5525557512625,22.474148786088204,19.812718297704237,14.678745486671277,71.66013674425751,0
BGD,2004,115.5867,154.27799446191614,158.4782882155973,52.0,96.88474782256432,4.326149483491999,65108544250.04247,455.6140169097983,3071.8377876461095,142902856.0,25.0094809886101,22.779720006052795,19.266959566285937,14.654173004532534,71.62172543596836,0
BGD,2005,119.6731,159.86025911281027,169.18679486700918,50.6,97.08884688090735,3.7671077504725896,69476001239.419,480.0858507545197,3231.6137069289107,144715786.0,25.4769540701509,23.299844219071115,18.57103954559642,14.629600522393796,71.52953829607436,0
BGD,2006,124.1989,168.35893180683277,189.59608977155597,48.6,97.3828548212351,3.226604821235103,71795736172.15605,490.3880265332894,3407.4273502159035,146405973.0,25.9479149992596,24.095320511922143,18.034016510854197,14.605028040255052,71.29138818468157,0
BGD,2007,128.7306,174.04541210906982,198.74412793607925,47.2,97.49145547172245,2.4493132133875024,79611644974.55707,537.9554927929107,3608.915438193992,147989278.0,26.415303779311,24.50054100793434,17.80653678239548,14.58045555811631,71.18383652147192,0
BGD,2008,135.7709,180.59395345497805,200.6900666190937,45.2,97.0138807885221,2.1701563046774757,91636997370.97716,613.0620410412401,3787.938276185502,149474264.0,26.87206041368,24.727001303679348,17.595695542199223,14.555883075977569,71.0839671199201,0
BGD,2009,140.7133,187.69260232980017,218.83202265439027,43.1,98.7375772226699,1.7125973677142088,102475158190.99796,679.2114774280559,3942.136312072034,150873714.0,27.3111249057412,25.29557218144308,17.10462905196322,14.531309825612665,71.03019128831528,0
BGD,2010,148.3306,195.62307125239388,239.944314522424,40.3,97.99480951914602,2.1992948780726667,115275540051.26196,757.3852803615082,4125.463901632016,152201981.0,27.7254372588696,24.95647672645854,17.00118125929187,14.506737343473915,70.99177998002611,0
BGD,2011,153.3106,200.33228349327212,258.88222828779453,38.4,97.62689667630056,2.261854226878613,128607482310.35696,837.3369446956473,4352.42643359325,153591076.0,28.1100162712427,25.04529960075508,16.80998675735028,14.499144196051317,70.1236844126911,0
BGD,2012,158.7052,208.07981584187593,276.6942158630567,37.3,97.98131224971765,2.146359995892802,133310747603.48254,859.6805363754974,4592.048409198117,155070101.0,28.4787972894576,25.309959390262527,16.177563173275303,14.491551048628716,70.06222631942845,0
BGD,2013,161.7984,216.7376703756304,294.6295866482782,37.0,97.85640737620518,1.8480526810912512,149998957434.18637,958.2629897982828,4822.726213782659,156532141.0,28.8407036106763,26.307070163650742,15.493277997590765,14.483957901206116,69.97003917953447,0
BGD,2014,168.312,223.00186441499812,324.9645369067966,35.4,98.47313283922465,1.51239107484746,172886611653.7858,1094.461997028377,5068.639656727411,157964929.0,29.1944442321013,26.311046783357632,15.351620898634373,14.476364753783514,69.90089882461396,0
BGD,2015,177.4623,237.2008045218028,347.5711825273607,33.1,98.5341443278125,1.8258421266233764,195146608978.1311,1224.3864766816523,5352.711332995656,159383179.0,29.5395099477892,26.831394832954143,14.7829964369364,14.468771606360914,70.38672505185527,0
BGD,2016,186.2098,256.2378277017442,409.689748643776,30.2,98.19476263666157,1.8276985743380856,265224515675.03375,1649.2838085860055,5682.535534943063,160811932.0,29.8753915517965,31.069151383035848,13.464792317603862,14.468771606360914,70.63232695705615,0
BGD,2017,195.4506,264.09054901702115,441.1659153602064,28.1,98.1805572553339,1.8510156473814168,293732446624.5958,1811.0822166864589,6005.707187810483,162186147.0,30.2015798381799,31.24829196416033,12.95727604337327,14.468771606360914,70.57947299685027,0
BGD,2018,200.539,261.2711566445122,473.3031515430575,27.0,98.22258716523496,1.5872157111181502,321362752441.78033,1965.2437273146677,6392.5933402409055,163523103.0,30.5175656009959,31.982813589976622,12.480077185619647,14.468771606360914,70.69447645386802,0
BGD,2019,205.7444,277.95029665464267,513.6342905053817,26.1,98.65055482414895,1.419518751252638,351231654603.69226,2129.7989695460574,6838.326116082433,164913055.0,30.8228396343012,32.852549197786765,11.97532313589843,14.468771606360914,72.19021279864792,0
BGD,2020,202.7429,278.6386645780079,511.6957974196976,27.2,98.43474194868196,1.4718097760485638,373979442362.1933,2248.850788282327,7015.197927970561,166298024.0,31.1168927321524,32.91156508244489,11.999686860248516,14.468771606360914,72.44372743335637,1
BGD,2021,219.365,298.5303497864604,572.5137546269999,25.0,98.62678450033992,1.5070199370409234,416271647911.01416,2482.849178433572,7441.069139612541,167658854.0,31.3992156886061,33.31609438690008,11.632858427128234,14.468771606360914,72.35154029346239,1
BGD,2022,222.9794,308.2763026147006,603.6429564319421,25.0,98.3771055614179,1.5070199370409234,460131689083.0827,2716.4859278043114,7888.1638909830435,169384897.0,31.673734726234,33.92008049718756,11.21760103515951,14.458774758175954,72.37064332872716,0
BGD,2023,215.8337,287.753137358845,602.897385671726,25.0,98.3771055614179,1.5070199370409234,437415333018.29095,2551.017738273069,8242.397989772422,171466990.0,32.1578465036834,34.59427216060632,11.003690020959768,14.489921526388674,72.311124788429,0
BGD,2024,220.8267,287.753137358845,602.897385671726,25.0,98.3771055614179,1.5070199370409232,450119432068.85223,2593.4161168077444,8486.784956605168,173562364.0,32.6783196323307,34.097174345887666,11.164801427690268,14.489921526388674,72.311124788429,0
BGR,2000,60.8646,2276.8521657727892,3673.6068714342855,8.0,48.33349623692699,7.210927573062261,13245990274.45809,1621.2621073899163,12563.888098866775,8170172.0,68.2631454467773,22.6775829799096,10.97048236294697,30.507095724487023,50.45647654343306,0
BGR,2001,62.85,2419.771111139071,3859.090024874075,7.2,50.59133915574964,4.937681950509462,14183446025.738909,1770.9070491869052,13306.559573916787,8009142.0,69.196711983564,23.980881725726867,10.603253242166442,30.834312573443007,49.69718882762361,0
BGR,2002,59.5613,2410.069245410462,3853.8190041011026,8.7,46.25694135289018,6.335668595796527,16403043849.82968,2092.9828862555814,14397.060917720812,7837161.0,69.4859161376953,24.00451182304749,9.710569627639575,31.68566176470588,48.943014705882355,0
BGR,2003,65.6969,2489.508188041892,3997.902596250936,9.2,51.67370892018779,7.748826291079812,21144957990.468067,2719.4943685928665,15271.547288244405,7775327.0,69.7808456420898,24.319402380774385,9.095627750173858,32.02721338604395,48.96570745610003,0
BGR,2004,64.0625,2439.636736776681,3971.822736190627,9.6,51.47161288772495,8.082001874053963,26157743368.871613,3389.6874336027363,16389.028241911677,7716860.0,69.9193344116211,23.13340524207284,8.452185376591421,32.36300110334682,49.00698786318499,0
BGR,2005,64.9774,2599.1917342682023,4165.180392355528,9.8,47.24444945339795,10.671678124647809,29868657858.008183,3899.825963328784,17678.107494321386,7658972.0,70.0869598388672,24.23239858400876,7.283685728894337,32.7319587628866,48.46281296023564,0
BGR,2006,66.2519,2696.7826424044424,4366.912765151844,10.0,47.43145082128133,10.03213140501276,34380536495.67393,4523.146557880496,19024.622369123175,7601022.0,70.5075225830078,25.37040252396097,6.096284920530045,33.068213200773265,47.776857221761944,0
BGR,2007,70.0342,2665.0051175043714,4523.32287831241,8.8,58.58835485137538,7.577568884680232,44431257128.86183,5888.570814039323,20440.33753186655,7545338.0,70.6844177246094,26.26018340363655,4.651784891942117,33.407605192892,47.10431820274376,0
BGR,2008,66.9248,2647.4620811044715,4674.503150524901,9.9,57.41279392499501,7.581965939116726,54480684188.44424,7271.3033885802515,21846.045407287216,7492561.0,70.902099609375,24.99057854766361,5.869626922018489,33.74090783537427,46.966209372985915,0
BGR,2009,58.6641,2337.239451967071,4483.747138637505,11.6,54.44558234801229,10.010706638115632,52023801230.120026,6988.273162964647,21251.30543262001,7444443.0,71.3017349243164,26.567340514432168,4.235785659661227,34.08990420044215,46.33382461311717,0
BGR,2010,61.6397,2393.8914225603767,4560.414917033766,14.3,53.51424345701241,13.770154116562708,50689051382.43607,6853.948055111706,21724.37627268634,7395599.0,71.5149307250977,23.7541772436849,4.03250076157469,34.42336035372144,46.53647752394989,0
BGR,2011,67.3019,2592.516177105186,4863.691441100615,13.2,58.56841939484615,9.26997657341969,57681293006.97212,7849.580613028177,22321.125367915727,7348328.0,72.6101653885532,25.0301012066171,4.661369067960636,34.600221075902724,46.86809137803979,0
BGR,2012,62.4353,2493.0780804354654,4757.121926862279,15.6,53.81655178246712,12.773945955089442,54297052002.23383,7431.957895088705,22618.904049070243,7305888.0,72.7684860229492,25.38376469885566,4.430140023765886,34.77708179808401,47.19049373618275,0
BGR,2013,57.0464,2353.3076132282868,4712.147547382998,18.2,50.11297500855871,17.50779413442885,55819262374.903885,7795.9809210892845,22954.491874308907,7160005.0,72.9632821572019,23.5074812631202,4.515416945018811,34.953942520265294,46.01142225497421,0
BGR,2014,60.5257,2499.706974876696,4809.734035364311,17.1,49.816803537586864,16.740071594019792,57080897012.10772,8069.600056676842,23455.58040231339,7073572.0,73.0844879150391,23.444301880284577,4.558717049956263,35.130803242446575,45.84561532792926,0
BGR,2015,62.7186,2637.5035345549436,4992.250392849601,17.9,49.90757104840839,18.79399516525484,50765918159.14758,7268.654454738727,24562.750842738,6984225.0,73.1030578613281,24.030139491198675,4.061975774272378,35.30766396462786,46.16709653647752,0
BGR,2016,60.3089,2606.61053390992,5124.642830671096,17.7,48.00238521168754,17.080324212107158,53929397039.21061,7822.499232929683,25636.85086341316,6894139.0,73.1750030517578,24.45977369620392,4.0548985296075,35.38135593220339,46.250921149594696,0
BGR,2017,62.5683,2732.222440534666,5387.987420533175,17.1,50.942734368148734,14.899478207489258,59167647387.60604,8696.689304279236,26691.868696312267,6803468.0,73.3904571533203,23.98929512817837,4.043176898073076,35.50110537951363,46.32940309506264,0
BGR,2018,59.3596,2764.275131295474,5353.9087303775195,19.6,44.86410316630015,20.617481905331257,66097226262.21906,9849.383972251744,27691.008923762332,6710798.0,73.600212097168,22.238960326089146,3.404615420574571,35.62085482682388,46.33382461311717,0
BGR,2019,57.7936,2771.124202737003,5395.4176128798445,19.3,44.58397325865028,17.92808745144096,68507731353.911354,10353.72045841272,29150.042292676342,6616726.0,73.7162322998047,21.5624567722623,3.202055975122346,35.74060427413412,46.39830508474576,0
BGR,2020,52.5825,2664.5515299168824,5304.932483510149,21.1,39.559307061883494,19.54522255484124,70486877546.4901,10760.211975413007,28521.325132676862,6550696.0,73.3239898681641,21.84332408759295,3.4359984630053915,35.86035372144436,46.49042004421518,1
BGR,2021,59.1719,2918.916413806784,5560.98450033278,20.4,43.070972082071975,22.191809619912547,84374613233.36005,12966.145754339632,30959.111845980715,6507301.0,73.346765618041,20.750197156121576,4.328947297321063,35.98010316875461,46.49042004421518,1
BGR,2022,62.7432,2968.6566342655187,5536.49852430675,20.4,48.19501376264876,22.191809619912547,90506153293.67328,13999.194953095564,32433.79374970046,6465097.0,73.4799164005224,25.303721234985765,3.7113641358378873,36.09985261606485,46.26013264554164,0
BGR,2023,49.6647,2604.191045054072,5360.503434680876,20.4,34.66898521922743,22.191809619912547,102199231384.54156,15853.208636704016,33073.81796313143,6446596.0,73.7322671584613,22.70298666660984,2.522446553993117,36.21960206337509,46.08502210759028,0
BGR,2024,46.6766,2604.191045054072,5360.503434680876,20.400000000000002,34.66898521922743,22.191809619912544,113343355779.9852,17596.017366352113,34221.52946170318,6441421.0,73.9499356882481,21.13169563233648,2.351056257120582,36.21960206337509,46.08502210759028,0
BHR,2000,37.5865,12833.272118279028,20863.198772863725,0.0,100.0,0.0,9062898936.170212,14214.48368393432,57968.99560821348,637582.0,87.8356209595597,,,0.5211267605633803,13.943661971830986,0
BHR,2001,38.6097,12648.088508209465,21233.419424299427,0.0,100.0,0.0,8976196808.51064,13573.233988759745,57280.69867074936,661316.0,87.8397146150894,,,0.5422535211267606,13.788732394366196,0
BHR,2002,38.113,12214.686577426442,20709.22225365314,0.0,100.0,0.0,9593510638.297873,13501.47088014247,55096.65715507789,710553.0,88.1427867595875,,,0.5633802816901409,13.64788732394366,0
BHR,2003,37.7597,11894.948473303302,20142.12895200499,0.0,100.0,0.0,11074813829.787231,14486.026902982188,54431.87635596578,764517.0,88.8325339694118,,,0.576388888888889,13.305555555555555,0
BHR,2004,37.6949,11271.2138903395,19123.729424661393,0.0,100.0,0.0,13150159574.468084,15963.949317161683,54045.09288885802,823741.0,89.8569005979296,,,0.589041095890411,12.986301369863012,0
BHR,2005,41.1523,11975.428236099691,21333.85537261679,0.0,100.0,0.0,15968723404.25532,17966.165783762463,53478.266241550315,888822.0,91.168165501421,,,0.6013513513513513,12.662162162162163,0
BHR,2006,42.7697,11582.020566629111,21463.436981999617,0.0,100.0,0.0,18504760638.29787,19267.28261507196,52691.9323366851,960424.0,92.7186075361661,45.28348800409325,0.268763501054214,0.6216216216216216,12.527027027027026,0
BHR,2007,43.8799,11533.99347108434,20525.452349910276,0.0,100.0,0.0,21730000000.0,20908.404254807345,52731.792167261825,1039295.0,94.460505558445,45.91786529065612,0.2922716902801304,0.6333333333333333,12.213333333333331,0
BHR,2008,47.3692,11593.797167441477,18677.910930352264,0.0,100.0,0.0052576235541535,25710904255.31915,23299.4992780392,52765.38994555459,1103496.0,96.3461384245376,50.40766294622077,0.2648102365707074,0.6447368421052633,11.921052631578949,0
BHR,2009,47.9522,10432.896754738273,17558.330469316836,0.0,100.0,0.0053189131687425,22938218085.106384,19465.31407450379,50665.75074892195,1178415.0,98.3277849907243,43.09970004997234,0.3372843565683491,0.6644736842105263,11.776315789473683,0
BHR,2010,48.2942,10317.976004904998,18219.142512716284,0.0,100.0,0.0050369375419744,26805984042.553192,21819.329109809907,50704.84796798192,1228543.0,100.0,43.92685818603936,0.2855427842901861,0.6824146981627297,11.614173228346456,0
BHR,2011,48.6625,10624.387216630434,19158.675168616424,0.0,100.0,0.0049305612622236,29914680851.06383,25032.786774333345,53132.3284162611,1195020.0,100.0,48.29479583780824,0.2798739678091594,0.6988265971316819,11.395045632333767,0
BHR,2012,52.4256,9996.521961964048,19192.46561518788,0.0,100.0,0.0081937436932391,31963404255.31915,26438.67332304283,54516.84065947874,1208964.0,100.0,46.339730276646165,0.2651802593391378,0.7168831168831168,11.22077922077922,0
BHR,2013,56.9949,11219.43393113396,19615.525486537965,0.0,100.0,0.0078329989195863,33823324468.085106,26989.760114846904,55376.40051478942,1253191.0,100.0,46.69712846086163,0.2642800472102768,0.7376623376623376,11.07792207792208,0
BHR,2014,58.8157,10257.025342694602,19917.660787395347,0.0,100.0,0.0346750816423879,34772526595.74468,26451.796564745277,55065.818947212945,1314562.0,100.0,45.31357676448835,0.2879657836990715,0.7574578469520103,10.93385214007782,0
BHR,2015,59.0053,10405.639071745254,20288.66208088318,0.0,100.0,0.033176520151664,32523297872.340424,23734.05511430191,54149.91315247206,1370322.0,100.0,39.09079906711719,0.3019112322099705,0.7712082262210797,10.69408740359897,0
BHR,2016,59.2395,9878.66504979139,19531.145740121345,0.0,100.0,0.0331462644686075,33884680851.06383,23800.001440631015,54107.07522364232,1423726.0,100.0,38.20333986361752,0.3159966846249482,0.7958921694480102,10.55198973042362,0
BHR,2017,59.0759,9444.423939334802,18552.19716530901,0.0,100.0,0.0323353293413173,37204813829.78723,24784.76935146067,53859.77495896006,1501116.0,100.0,39.99346629961663,0.2770746464546097,0.8205128205128205,10.397435897435898,0
BHR,2018,59.1288,9533.855382852467,19439.94076206963,0.0,99.96616477753342,0.0319742852309253,39567978723.40426,26324.40665495586,54893.072441136785,1503091.0,100.0,41.47588717504752,0.2751123168046373,0.8483290488431876,10.411311053984576,0
BHR,2019,63.0372,10388.18901855905,21808.16791979274,0.0,99.96374950910794,0.0338337914992598,40446808510.6383,27259.743859932696,56749.96283706122,1483756.0,100.0,40.61776696475539,0.2686743819042609,0.8717948717948718,10.384615384615383,0
BHR,2020,63.2463,10833.632363949491,21442.680498083148,0.0,99.96104752202312,0.0335510155173446,35837632978.723404,24342.844455471797,53814.24525923582,1472204.0,100.0,39.10010797813721,0.3031551137481029,0.89171974522293,10.318471337579618,1
BHR,2021,63.5062,10665.628731674096,22118.967138958964,0.0,99.93227326266197,0.0374420435657422,40840212765.95744,27147.80838822855,54954.67578955323,1504365.0,100.0,44.21643248988013,0.2686260412922182,0.9113924050632912,10.253164556962028,1
BHR,2022,64.9134,10178.184129754318,23151.54591776836,0.0,99.85693045698096,0.0374420435657422,46458191489.3617,30470.52192760228,57572.997981017965,1524693.0,100.0,46.38962737029633,0.2461604691475062,0.9367088607594936,10.253164556962028,0
BHR,2023,64.9022,10511.612970527354,23120.251049580263,0.0,99.85693045698096,0.0374420435657422,46192260638.297874,29290.12842150983,57819.905183124225,1577059.0,100.0,43.43812776041855,0.2514928067184507,0.95,10.125,0
BHR,2024,64.4222,10511.612970527354,23120.251049580263,0.0,99.85693045698096,0.037442043565742184,47109734308.510635,29653.568273153414,58891.83048607366,1588670.0,100.0,42.290351734856536,0.2455030850024045,0.95,10.125,0
BIH,2000,19.8675,1044.8303275206615,1830.8700166427432,19.4,51.15543196854924,48.84456803145076,5567772768.811885,1338.4805963626086,7830.534330783431,4159771.0,42.5539898606589,21.537391685968853,9.001463763319073,41.2431640625,41.6015625,0
BIH,2001,19.4051,1004.9506600610536,1858.6230971723949,20.3,51.29723632261703,48.70276367738297,5800615374.7609415,1387.8936294212144,7982.551957380939,4179438.0,42.8761478375679,20.93761459162925,9.120580701967071,41.22560546875,41.5234375,0
BIH,2002,20.5038,1052.1076878626418,1877.9838214021863,21.2,51.154381084840054,48.845618915159946,6728220982.88398,1606.5467454132015,8366.726252682009,4188002.0,43.1975585685863,19.81539346607986,8.873506361968095,41.208046875,41.46484375,0
BIH,2003,20.9208,1052.7681563332235,2010.9976659216663,20.1,60.04793183028582,39.95313332149831,8498894359.386289,2033.947009358639,8709.992835934663,4178523.0,43.5181993184523,19.82007611892608,8.105021141354776,41.19048828125,42.36328125,0
BIH,2004,22.4338,1161.3622581245436,2110.607929945204,20.1,53.02482715273413,46.97697988686361,10156541220.970354,2452.686091738601,9344.868911842035,4140987.0,43.8380473519042,20.233493291441818,8.583494075907666,41.1729296875,42.37109375,0
BIH,2005,23.1811,1230.3222995096512,2196.512968531864,19.7,52.40438025710205,47.598397079828594,11222796336.542631,2739.610768660567,9814.510341588311,4096493.0,44.1570799336802,21.43284253236455,8.29736825390212,41.15537109375,42.12890625,0
BIH,2006,25.3559,1304.394554219491,2209.795455485136,18.1,55.99218573897363,44.01044406041025,12864841905.954311,3166.128653448332,10430.455250057925,4063272.0,44.4752743285185,21.0300824020691,8.05428927250657,41.1378125,42.16796875,0
BIH,2007,26.6127,1321.6012972378546,2233.753523176221,14.8,66.04718262050238,33.95578750848608,15778734264.37873,3931.489487375052,11178.727841182814,4013424.0,44.7926078011574,21.772437405652347,7.704953409633321,41.12025390625,41.97265625,0
BIH,2008,28.0749,1510.2092502102726,2840.2469991468115,14.3,67.16589084530796,32.83647035013155,19112796623.117504,4841.693119346486,11983.769659648477,3947544.0,45.1090576163352,23.2014104320358,7.207272012349415,41.1026953125,41.6015625,0
BIH,2009,27.8605,1602.5317512912025,2784.426183452008,17.4,60.17998468215471,39.82224917028338,17613949091.229362,4539.918637749675,11826.699180205069,3879794.0,45.4246010387901,22.90764694171028,7.076601634668495,41.08513671875,41.5625,0
BIH,2010,28.409,1700.4837331806452,3067.8436047805153,19.6,53.13010978743284,46.87193412754029,17176315803.729836,4506.478285483886,12142.912052211586,3811472.0,45.7392153332604,22.454009632172543,6.796762159137644,41.067578125,41.875,0
BIH,2011,31.6964,1909.6702864730375,3271.6891718900915,14.2,71.2892670157068,28.718259162303667,18644233537.109337,4982.693757682627,12487.700842830134,3741798.0,46.0528777644843,22.193259706681285,6.757745395551308,41.293515625,42.01171875,0
BIH,2012,29.6393,1821.2122209701065,3417.33347174869,15.3,70.06817213463997,29.94042039483028,17226735995.690475,4693.788991153808,12626.978687583933,3670113.0,46.3655655972,21.62320081809394,6.137671553685119,41.519453125,42.109375,0
BIH,2013,29.4029,1787.3924639259856,3408.60720399218,19.5,58.535327488396085,41.478138788608106,18179109209.389217,5034.566348170675,13135.771979108898,3610859.0,46.6954224739896,22.323674868379804,6.841390871233558,41.745390625,42.20703125,0
BIH,2014,27.886,1682.3128777930808,3366.7814080282674,23.6,63.273514851485146,36.782858910891086,18558734107.147823,5206.065734751322,13458.908390211223,3564829.0,47.130783484831,22.156369175367384,5.951057525171005,41.971328125,42.12890625,0
BIH,2015,27.8464,1755.0437710336105,3438.925395497736,25.2,64.48269243073773,35.583082730820905,16404348361.09265,4662.258692194478,14220.148974455222,3518541.0,47.5711645087011,21.726452231112216,6.0375681759839015,42.197265625,42.5,0
BIH,2016,31.2525,1945.2547576426368,3642.956830155344,23.0,68.11504474587719,31.890921371081216,17116926553.851254,4928.566590311397,14873.702791713073,3473003.0,48.0248845752382,22.344351062461524,6.165590621072147,42.5099609375,43.14453125,0
BIH,2017,31.8522,1966.742964055637,3864.458704540112,18.5,75.58097092103662,24.423895851076775,18326373135.609875,5345.019787664728,15554.723248178849,3428682.0,48.4918401819106,23.121074782311275,5.431048795671501,42.7326171875,43.515625,0
BIH,2018,32.2559,2205.4001935984943,3898.730439917331,35.4,65.28705636743214,34.71294363256785,20484058033.11436,6047.847072073918,16349.067513766124,3387000.0,48.971927825824,23.71135643166637,5.718782507229314,42.7326171875,43.18359375,0
BIH,2019,30.553,2157.7163302654376,3735.1297984506505,36.8,63.0480763734065,36.9519236265935,20482608984.331627,6122.375413523533,17029.367818455896,3345533.0,49.4650440037758,23.20379232576092,5.450041561408756,42.7326171875,43.28125,0
BIH,2020,30.4749,2152.7301892559076,3513.7234648410945,37.7,70.46936114732725,29.53063885267275,20226038369.9191,6130.311879682659,16747.104841752538,3299349.0,49.9710852122997,23.77756601669217,5.914439089888908,42.7326171875,43.7890625,1
BIH,2021,30.3517,2267.2608894087166,3835.857237202792,36.6,60.66033664220976,39.33966335779024,23672712121.267097,7295.34378682258,18286.73733242331,3244907.0,50.4899479477034,24.799381222880104,5.019318417548094,42.7326171875,44.19921875,1
BIH,2022,30.0733,2270.72637629896,3773.0880098052858,36.6,67.803955078125,39.33966335779024,24534663636.17784,7655.5942102438285,19298.197105644795,3204802.0,51.0215287060993,24.66324825992793,4.826249270626831,42.7326171875,21.81640625,0
BIH,2023,28.1994,2171.0481914264037,3676.5248394620785,36.6,56.90427698574339,39.33966335779024,27592361498.405655,8663.023264586292,19805.00027747306,3185073.0,51.5657239834305,23.721885700131004,4.653222306283523,42.7326171875,21.73828125,0
BIH,2024,27.6267,2171.0481914264037,3676.5248394620785,36.59999999999999,56.90427698574339,39.339663357790236,29613572022.89933,9358.78768951134,20527.6935527158,3164253.0,52.1224302754935,22.42609719743547,4.533913753157255,42.7326171875,21.73828125,0
BLR,2000,84.9803,2471.644249358021,2996.309475019565,5.7,99.89655568752156,0.1072755833109842,12736856827.98466,1276.288034099996,11182.454833939342,9979610.0,69.9172295434732,33.47894633120935,12.096827169414702,40.784232528790035,45.61050638902035,0
BLR,2001,83.5992,2496.018114834393,3009.4024816717933,6.3,99.88030163986753,0.123688305470215,12354820143.884892,1244.373185234307,11771.087200386057,9928549.0,70.3147201538086,32.463955465492745,10.35042973936133,40.96103409516673,45.00009859793733,0
BLR,2002,83.4518,2560.501258049598,3000.745625078303,6.5,99.89038403386756,0.1144919866948896,14594900944.765818,1479.3806633717477,12443.93225759393,9865548.0,70.8804702758789,31.815382025609928,10.12843222397784,41.14007365810609,44.4956096021772,0
BLR,2003,83.8255,2652.439813734965,3063.056938582381,6.2,99.894843579825,0.1103015735907162,17825444724.487755,1819.5265311469911,13413.926550485376,9796749.0,71.3092422485352,32.74105150308493,8.635627707521989,41.31669509826156,44.3039846962421,0
BLR,2004,87.2358,2760.1162606582675,3174.0530923174224,6.3,99.89106055751364,0.1100288369112463,23141566292.94622,2378.337004701288,15052.11821609467,9730146.0,71.7658538818359,35.01894310666949,8.850251441236363,41.49495845968001,44.163400142987456,0
BLR,2005,87.9624,2776.9984706908745,3245.372087813272,6.8,99.88049481605891,0.1201511579083363,30210091836.82945,3126.0717666524847,16579.873168383387,9663915.0,72.0310134887695,37.83878488514165,8.518590808565312,41.66728293719464,44.12003963852036,0
BLR,2006,90.8291,2974.245534064486,3365.981865135008,7.2,99.88054446575084,0.1213102385967118,36961894281.34442,3848.2235030016295,18349.87190606336,9604924.0,72.6113815307617,37.20703445317723,8.578727591557648,41.82864803059575,44.148957142293895,0
BLR,2007,89.5793,2925.852884401628,3393.908536105135,7.3,99.84291055326902,0.1578748939646234,45275711995.82495,4735.481075560663,20019.611167672832,9560953.0,73.0913467407227,37.047279224167475,8.303169958822748,42.005214365626586,43.94261240703594,0
BLR,2008,96.3427,2939.4059742261456,3481.7435165987354,7.1,99.7917142204976,0.2103401049988587,60752106347.12601,6376.175691620632,22137.94729283149,9527985.0,73.5531692504883,38.82424640267261,8.666253694406691,42.18095435234744,43.94732432405792,0
BLR,2009,93.4839,2789.003140611545,3299.460902177402,7.4,99.6345799315249,0.3460956017908875,50873167326.04142,5352.488091906969,22236.83876911358,9504583.0,74.1909646620571,36.11396334610212,8.130898936106574,42.35773639957023,43.997476564579244,0
BLR,2010,98.5221,2895.6108099575004,3566.1730126923326,7.3,99.60166212924489,0.3737498208912451,57231904542.87547,6034.67885177216,24012.613304021303,9483836.0,74.5501403808594,35.39179119799983,8.891930228820092,42.53284837014913,43.85368305881657,0
BLR,2011,96.1364,3081.6801812035073,3632.87856030924,7.5,99.54037267080746,0.4312732919254658,61762382327.93193,6527.659342878603,25404.75660824116,9461643.0,75.0597534179688,36.08807303617635,8.001887744308288,42.53462126065743,43.73860332166971,0
BLR,2012,97.8161,3219.426533696933,3704.3090406142337,7.2,99.3408876911588,0.5531997792136109,65685890438.89215,6953.215916831005,25879.131940070107,9446836.0,75.5281066894531,36.280650316179184,8.13094268308472,42.54037723202184,43.35161829284521,0
BLR,2013,98.1957,2870.325802792778,3657.124679306647,7.0,99.05417843653792,0.8450820452597836,75527558966.44727,7998.0802045456,26147.625358464516,9443211.0,75.94970703125,35.90370194210874,6.80909244753712,42.541940189642595,42.93177203461667,0
BLR,2014,97.4739,2923.5768206926905,3690.1036829597033,6.7,99.17086512163525,0.7338707355693105,78813069120.99843,8341.318092948832,26564.434724654748,9448515.0,76.3405227661133,35.379049723334546,7.303056977309424,42.531765308686374,42.487917112128216,0
BLR,2015,92.588,2660.140267595483,3571.2639873096887,6.8,99.04054926354088,0.8248048823425856,56454769844.763176,5967.0559505877745,25513.213295831654,9461076.0,76.6263885498047,32.6923057673017,6.283207583243697,42.53416626432421,42.24201637615899,0
BLR,2016,91.7034,2639.0948626803615,3560.001136294154,6.7,98.745754632664,1.167878210093547,47723545321.25899,5039.775609494454,24846.83015293586,9469379.0,76.8458709716797,30.958409251282266,6.895280624335169,42.9069698701401,42.035489782647254,0
BLR,2017,93.4591,2692.5834489887343,3618.5685383501345,7.3,97.72272924815296,2.184557438794726,54725405751.15585,5785.544919351936,25503.980984520666,9458989.0,77.0208206176758,31.55448508816226,7.565802538482924,42.9784026641969,41.84483811850947,0
BLR,2018,96.6775,2849.294773440533,3725.0557142683087,7.2,97.9325911865798,1.986123223721336,60031026576.26,6360.037502312003,26363.46297785364,9438785.0,77.2132720947266,31.265609709637943,6.590107725901878,43.05153217065721,41.64449699477781,0
BLR,2019,94.4282,2748.9688366100704,3759.650725634353,7.8,97.41752131471642,2.50339799827011,64410170653.45689,6837.773396456351,26798.820639807636,9419758.0,77.4550771852757,31.737128716913045,6.794668827992735,43.126154755746064,41.32239548690661,0
BLR,2020,91.7181,2673.8654859918793,3764.624808314584,8.4,95.59250804192176,3.4943447130849847,61371673344.742424,6542.855799767677,26731.495386992217,9379952.0,77.7890385790408,31.351555695668203,7.077239768956618,43.1944033894965,40.797122869248206,1
BLR,2021,91.8916,2929.167500765325,4094.668309937507,8.2,82.92635611920754,3.1465360459758966,69673747131.86996,7489.718947138883,27611.180113515707,9302585.0,78.131086803694,32.14429072982095,6.70661864890688,43.27223454052722,40.27593003202759,1
BLR,2022,89.203,2862.48962279083,3902.765810969595,8.2,79.26649746192894,3.1465360459758966,73775179924.60303,7994.648060748886,26537.50830816744,9228071.0,78.4732787892908,33.029095545083386,8.04181871674039,43.33513966205232,39.87388541307453,0
BLR,2023,86.9331,2856.4812758321204,4197.728162672426,8.2,79.26649746192894,3.1465360459758966,72478760370.42578,7896.753882955836,27782.43801399673,9178298.0,78.8146420666327,31.69505755405585,7.2485995714986995,43.40806865599583,39.579669233384074,0
BLR,2024,87.4914,2856.4812758321204,4197.728162672426,8.199999999999998,79.26649746192894,3.1465360459758966,75961865471.91293,8317.63399913792,29040.97257904249,9132629.0,79.1551015210848,30.708172538027178,6.865979849691872,43.40806865599583,39.579669233384074,0
BOL,2000,29.9953,424.5001682267486,400.86791971394064,29.2,48.47938144329897,49.768814432989686,8397855484.769085,975.7770603587506,7492.433818154992,8606326.0,61.8587201575591,25.73902218123526,12.965811884223765,50.86438659651067,34.28690113541955,0
BOL,2001,28.5882,444.5702114271743,404.44496440884313,29.0,45.16453152474253,54.26274805325295,8141516928.394893,930.1682272143124,7491.152577671364,8752736.0,62.3374810379005,25.420676475312572,13.255653666174243,50.67834579525524,34.298901504661686,0
BOL,2002,29.7555,520.02460059481,418.18556675548336,28.1,46.069295101553166,53.023894862604536,7905485146.443515,888.2213289743515,7550.015544390629,8900355.0,62.8187632085055,25.473569244777934,12.955118631020952,50.49230499399982,34.44198283024093,0
BOL,2003,30.7821,524.1958469786878,427.70172472847406,27.0,53.06967118877903,46.05955392044148,8082399639.543047,893.0137602111491,7625.905159370273,9050700.0,63.2918711090474,25.596490491961188,13.4272369562791,50.306264192744386,33.82904089356595,0
BOL,2004,32.1094,523.1947735216557,438.9259048528148,25.8,51.431718061674005,48.45947136563877,8773451751.512096,953.1918932462772,7811.596841019478,9204287.0,63.7564671612252,26.839649476282485,13.322383638847707,50.12022339148897,33.801347733776424,0
BOL,2005,32.7047,567.4990877948027,467.16322210796267,24.6,58.88459189904336,41.02625686952982,9549122905.328524,1020.1232620073686,8020.635687767938,9360754.0,64.2133062205259,26.269219421991412,11.792721532911196,49.93418259023355,34.11981907135604,0
BOL,2006,33.8378,568.3749751471835,465.5686611902574,23.7,56.1578318055002,43.97728178557194,11451844902.221363,1202.7115044632694,8263.318968955418,9521689.0,64.6631431424362,27.652247464958972,10.93754805462884,49.74814178897813,34.285772916089726,0
BOL,2007,35.8469,570.3424866793555,497.7307360344251,22.1,56.55842964593653,43.91159207630228,13120108008.34772,1354.5490594992878,8493.948483974027,9685960.0,65.1067327824433,28.28979040610267,10.011155665671996,49.562100987722694,34.41572565309702,0
BOL,2008,37.0583,572.2685669168017,533.7606125273555,21.3,60.03701834090527,40.53818977119785,16674276285.895582,1692.6724845587646,8865.27246783163,9850858.0,65.5448299960338,29.736639782422163,10.442404115522647,49.37606018646727,34.53460103387796,0
BOL,2009,38.4588,586.2938243798898,550.3043796221649,20.6,61.85583560764167,38.779775280898875,17339992193.732193,1731.181721122093,9011.556299629534,10016275.0,65.9781896386949,29.228684494555928,11.152407449731106,49.190019385211855,34.65347650696945,0
BOL,2010,41.8206,625.5078111415298,578.2557947113362,19.9,66.11694152923539,34.369959526307895,19649723722.103382,1929.783730771584,9230.398081159336,10182345.0,66.4075665659133,30.14394174608224,10.389905701059378,49.003978583956425,34.772351980060925,0
BOL,2011,42.6773,660.4091653171638,610.7878409447006,18.1,65.80944350758853,34.73415765069552,23963164696.591965,2315.5212193060715,9554.445025293957,10348929.0,66.833715633176,30.36910663612608,9.769585881695397,48.80850364626604,34.896766085110315,0
BOL,2012,44.5068,703.7747583187291,635.3292714482112,17.4,67.2763954270343,33.321097216619606,27084497481.910275,2575.598570980836,9884.461634203346,10515807.0,67.2581444827699,29.334219629334573,9.812161914832805,48.61302870857565,35.02579562448076,0
BOL,2013,46.3115,699.3815620171132,666.8783503054685,16.0,66.01582440020418,34.132176575657056,30659338885.672935,2870.0237700075613,10391.38337535995,10682608.0,67.6697055519889,28.518192904488355,9.966979476846303,48.417553770885256,35.15574836148805,0
BOL,2014,47.3672,757.5801560730687,695.6473327035914,15.0,71.25813449023862,29.05432425921465,32996188017.366135,3041.435031624083,10790.847289941392,10848888.0,68.037425413,27.625499880573845,9.740217537701692,48.22207883319487,35.282931782516386,0
BOL,2015,48.3841,748.8989772196032,746.5474563322394,14.2,70.30558015943312,29.43498948766183,33000198248.914616,2996.0128981134417,11144.641572720691,11014705.0,68.3958051297665,25.202416283865865,10.239494114445522,48.02660389550448,35.28200867719007,0
BOL,2016,50.1109,779.0100937560175,761.4476539397962,13.6,79.18770817664124,20.79458821002899,33941126193.921852,3035.8734773213155,11448.021803224628,11180020.0,68.7446327876947,25.326358979771147,11.17187541505321,47.771328348564566,35.15462014215822,0
BOL,2017,50.7729,800.9323965052532,772.8796121004669,14.3,74.69841930116472,25.178964872167946,45927439594.79016,4048.4011973983856,11755.255619588524,11344587.0,69.0838016274736,30.18462298042929,7.677137224747516,47.53274254592449,35.022616080494785,0
BOL,2018,51.474,803.1673233569651,791.5979051069621,14.3,70.29435322386864,29.692384669268492,48414038842.2576,4206.855293666104,11920.313507964513,11508368.0,69.4133879813999,30.38548911721401,7.45035399971013,47.312138835041075,35.263130250161545,0
BOL,2019,52.3957,795.5877667988464,802.8181057502511,13.5,63.42366933125365,36.31021044427124,49056643589.00145,4203.15492855788,11930.915914591844,11671386.0,69.7334986708387,30.462727160452943,7.632882645016053,47.10953567802086,35.544415120465246,0
BOL,2020,49.2431,657.7899383724481,770.2919501275314,16.9,64.08097815193426,35.88762019230769,42313784081.04197,3580.967617783027,10285.659075022226,11816299.0,70.0442635528254,27.275744783011937,9.124055868346664,46.92491461275731,35.564590972029904,1
BOL,2021,53.3856,757.8971805769785,834.0202523841117,12.8,61.7428072433128,38.23759647188534,47877892402.31548,4010.7605368620434,11202.440983670713,11937360.0,70.3450412826165,30.84379361811535,8.810019122557634,46.72830545555247,35.68278796270655,1
BOL,2022,55.432,799.6617656588887,859.6396137699329,12.8,63.402875175315565,38.23759647188534,50959081953.6903,4219.461137424454,11487.714879919436,12077154.0,70.6352598708131,32.01927226103229,8.660284813061772,46.53968835964183,35.83070146773747,0
BOL,2023,57.2128,847.3067145805114,890.1387183880902,12.8,63.402875175315565,38.23759647188534,52340206946.454414,4274.70820547613,11616.157559515916,12244159.0,70.9151414044538,29.772206041609717,9.310980097565514,46.34574319209822,35.83070146773747,0
BOL,2024,63.7572,847.3067145805114,890.1387183880902,12.799999999999997,63.402875175315565,38.23759647188533,54881327452.96671,4421.166098899988,11329.151806153595,12413315.0,71.2361453773988,31.259073288961055,8.826258842804807,46.34574319209822,35.83070146773747,0
BRA,2000,870.3341,1081.3619339346656,1905.7710269774989,42.7,8.667851308360323,89.49575535238313,655448188259.3507,3766.5478633983457,14005.34718707205,174018282.0,81.1484365423806,23.00661862936792,4.7504599720911,65.93435860131561,27.317501262242555,0
BRA,2001,882.1005,1086.9929931856564,1756.8116083700234,41.3,11.233211976572868,84.2906139272103,559983704094.1699,3176.2897505252413,14016.131377356354,176301203.0,81.5960450621957,22.639527912854906,4.801043018955078,65.46167089807062,27.32990832888657,0
BRA,2002,904.526,1103.4012791621144,1817.135401121919,42.9,10.139410017039324,85.7402993019374,509795270685.1901,2855.9401713704933,14265.90487685184,178503484.0,81.9943491502673,22.495327821077847,5.475274894762806,64.98898319482565,27.342315395530587,0
BRA,2003,934.4198,1107.9739157885026,1894.6290955430804,45.1,9.045970922684642,87.16372938389796,558233724164.7108,3090.606890783902,14259.366408828551,180622688.0,82.3540335841671,23.08381781832364,6.167184387424183,64.51629549158065,27.354722462174596,0
BRA,2004,983.4187,1157.1690557709487,1970.4158655017447,45.2,10.833313976146783,86.03184644331054,669289321944.5122,3663.8226249781137,14911.260960772026,182675143.0,82.6816824814559,24.3066232905778,5.665311576788951,64.04360778833569,27.367129528818612,0
BRA,2005,1000.6449,1173.7158574344862,2031.5060795389304,46.1,10.23042778134793,87.13746765153225,891633826625.4073,4827.781658902905,15221.01382819173,184688101.0,82.9838799596945,24.172578285031417,4.65116882266178,63.5709200850907,27.37953659546263,0
BRA,2006,1004.5791,1202.0593394030425,2089.1749853870633,46.7,9.808817251995412,86.77701228367638,1107626711163.2285,5934.1456185745365,15657.4795714009,186653106.0,83.2672101364439,23.544021671808075,4.370043778958069,63.09823238184572,27.392577774480927,0
BRA,2007,1024.2102,1259.911359869653,2185.7487619351487,47.2,8.744751733696958,88.22733838484815,1397114247188.8928,7409.690038228608,16440.583739804635,188552320.0,83.5382571292649,23.12538040855201,4.416915436172349,62.62554467860074,27.47881705738358,0
BRA,2008,1057.6067,1317.2357842045426,2249.325359456951,47.0,12.61329354067554,84.33459089073504,1695855391757.9614,8908.333384679483,17113.367982277225,190367302.0,83.8036050557184,23.085293752179876,4.567851181047225,62.15285697535576,27.565056340286237,0
BRA,2009,1032.2058,1262.100438126486,2217.7900284866273,48.9,8.099399083070704,89.05454592262524,1666996294252.1167,8678.658473065296,16939.44078090474,192079951.0,84.0698380333651,21.87859262638008,4.476773992144533,61.68016927211079,27.651295623188897,0
BRA,2010,1110.0271,1384.3689668838922,2398.608017992428,46.8,12.386346669562334,84.81639788021631,2208838108484.345,11403.284003869394,18062.158110224023,193701929.0,84.343846036308,23.26797735485957,4.115756486470549,61.207481568865795,27.73753490609155,0
BRA,2011,1146.6495,1390.0078364303122,2458.558793438508,45.2,9.792066677072423,87.19517749648806,2616156606579.209,13396.626315804127,18627.810452793332,195284734.0,84.6225758599683,23.102050967721787,4.34203412828906,61.023328156743005,27.823774188994204,0
BRA,2012,1180.0088,1433.1530644473469,2530.977463284004,43.5,14.479155540992869,82.57765825912698,2465228293706.8604,12521.723845443394,18832.219552435592,196876111.0,84.8973874181312,22.133647364503375,4.168328224241085,60.839174744620216,27.910013471896853,0
BRA,2013,1215.9431,1487.4574583970764,2600.6722276474165,42.3,20.43154099762104,76.82520084507338,2472819362043.738,12458.890339662465,19241.505981452516,198478299.0,85.1676585442726,21.22480995045219,4.506886181659561,60.65502133249742,27.99625275479951,0
BRA,2014,1248.6093,1522.4218902681157,2690.214950359604,41.7,24.77811544034777,72.57709272527237,2456043766032.383,12274.994163021336,19183.17274452226,200085127.0,85.4331367898168,20.47246274751152,4.325610538773615,60.47086792037463,28.082492037702167,0
BRA,2015,1233.2232,1482.0205785865337,2628.097691097202,43.7,23.935850066751804,73.54009626582052,1802211999456.4155,8936.195588944402,18357.069061542068,201675532.0,85.6935697061881,19.360043980956434,4.3191494293122075,60.28673843702068,28.168707391835984,0
BRA,2016,1208.3076,1414.8979311951002,2592.613373038193,45.4,17.496765847347994,79.71280895569382,1795693265999.0378,8836.285460256942,17620.927243440343,203218114.0,85.9487048448108,18.3547582770536,4.8913535872106575,60.07102058591983,28.25497060350748,0
BRA,2017,1219.2389,1431.9594969807224,2610.1661356993773,45.3,18.45211510240541,78.41815458700346,2063514688805.7751,10080.507872282147,17724.47995778151,204703445.0,86.1982897571091,18.188502308575824,4.600591695204804,59.832929335952734,28.34111417133477,0
BRA,2018,1195.9214,1403.4023245342871,2640.4164383126704,46.9,15.378711897009731,81.57307523184174,1916933708352.705,9300.660729040035,17917.749212292536,206107261.0,86.4420719945072,18.749051452798764,4.420399303460195,59.70838009413577,28.33821879030502,0
BRA,2019,1200.306,1415.8347703197387,2661.18328561313,47.5,15.589259310745746,81.43023575427466,1873288158838.6255,9029.83304401079,18018.620914949952,207455459.0,86.6797991084296,18.75462757247075,4.205014095108697,59.55858600119165,28.33534733804411,0
BRA,2020,1196.01,1379.2464991416214,2624.8432372375837,50.0,14.19467399533052,83.17614240001018,1476107292151.9543,7074.194074957075,17327.515724814257,208660842.0,86.9112186503004,19.506118389752437,5.711485115159201,59.41747805133678,28.332475885783197,1
BRA,2021,1277.187,1430.393466103202,2723.966591046634,46.5,20.031580118547375,77.3753492178891,1670647464062.9622,7972.536960806947,18075.706004875676,209550294.0,87.1360781715439,22.123475195365963,6.558762612073814,59.27048362434705,28.32960443352229,1
BRA,2022,1278.5422,1432.727411329193,2787.76089640442,46.5,9.838921359196068,77.3753492178891,1951923832083.8745,9281.332821368642,18554.04618285188,210306415.0,87.349556243881,22.819456852144608,5.767474908422181,59.12750923052258,28.326732981261383,0
BRA,2023,1297.1707,1481.2243992251776,2916.486093973844,46.5,8.727013719693158,77.3753492178891,2191131869706.0227,10377.58977191948,19079.812213225287,211140729.0,87.6159710235763,22.144173922974872,6.023060235141567,58.98187297652348,28.326732981261383,0
BRA,2024,1299.1802,1511.6238313368788,3068.096123458341,46.49999999999999,8.727013719693158,77.37534921788908,2185821648943.8604,10310.548877816553,19652.365499170355,211998573.0,87.8958549533146,20.940693531388753,5.752276409424899,58.98187297652348,28.326732981261383,0
BRN,2000,8.4862,7306.508055055878,7701.639585324609,0.0,100.0,0.0,6570999087.567425,20130.257234662356,100323.43991852818,326424.0,71.2246805488418,66.2665822504809,1.0687905845391843,75.33206831119544,2.2770398481973433,0
BRN,2001,8.7298,6624.4457024400845,7325.743598974036,0.0,100.0,0.0,6096155767.3814535,18287.827228191378,99680.7626777537,333345.0,71.657883335906,62.747589235094416,1.1881926707619896,75.00948766603416,2.4667931688804554,0
BRN,2002,7.8977,6344.709536021835,7518.399054392986,0.0,100.0,0.0,6333082875.5693655,18621.292257752495,101571.5837846658,340099.0,72.1021556496525,63.0811813132522,1.1544900114217511,74.68690702087287,2.4667931688804554,0
BRN,2003,8.9121,7227.934614691479,8715.168894261144,0.0,100.0,0.0,7167725261.927134,20677.90011431882,103226.91444698596,346637.0,72.577635652792,66.48449847295564,1.2372583372264965,74.36432637571157,2.4667931688804554,0
BRN,2004,8.4103,6509.413756876266,8755.748616506711,0.0,100.0,0.0,8619178773.514578,24423.094699554786,101497.75479865522,352911.0,73.0675067339261,70.19104523054878,1.1704948086428266,74.04174573055028,2.4667931688804554,0
BRN,2005,8.0908,6180.901861343266,8609.256762027884,0.0,100.0,0.0,10547202620.528637,29386.27038228621,99795.6850854526,358916.0,73.552870858133,73.15300516913604,0.974611267785546,73.719165085389,2.4667931688804554,0
BRN,2006,11.3236,8644.256133773977,8561.32922725914,0.0,100.0,0.0,12644616418.691034,34674.79952364521,102248.5103005666,364663.0,74.0148299904911,74.92626153785041,0.754742504053329,73.39658444022771,2.333965844402277,0
BRN,2007,10.8088,8703.665469692698,8709.18077077598,0.0,100.0,0.0,13432029484.40119,36217.329070601496,96752.62040918849,370873.0,74.4344860960786,73.39510627110113,0.7263425134025526,73.07400379506642,2.3529411764705883,0
BRN,2008,12.9058,9379.395471028474,8626.417112016368,0.0,100.0,0.0,15926456515.004934,42156.568583867185,91275.50009191816,377793.0,74.7929411399737,76.4320816379343,0.6921661273493696,72.75142314990512,2.3529411764705883,0
BRN,2009,11.0184,7906.164503044327,8816.683638479602,0.0,100.0,0.0,11912904509.858246,30946.467377382753,87875.82835460444,384952.0,75.0712970872547,67.29548135733148,0.9799175463801612,72.42884250474383,2.5426944971537004,0
BRN,2010,9.9791,8261.092768512,8727.302386754076,0.0,100.0,0.0213607594936708,13707121038.438322,34937.55553571547,88586.5133683924,392332.0,75.2506559029998,68.65335070318018,0.7333498774884111,72.10626185958255,2.5426944971537004,0
BRN,2011,10.6779,9699.300251689703,8658.22543935862,0.0,99.9463087248322,0.043489932885906,18524791062.656956,46382.827425534895,90279.66340421236,399389.0,75.312125504778,73.67241445049712,0.5727753140420035,72.10626185958255,2.5426944971537004,0
BRN,2012,10.3415,9446.072906588864,9091.20049709412,0.0,99.94910941475828,0.0424936386768447,19048443340.773243,46968.59711649224,89718.4636049982,405557.0,75.2714233503027,72.65561435387299,0.6551566839351054,72.10626185958255,2.5426944971537004,0
BRN,2013,10.2788,7399.888506999042,9710.5558825103,0.0,99.95456610631533,0.038391640163562,18094148098.653576,44003.064427346115,86606.65189101985,411202.0,75.1756915148608,70.02244409526097,0.6849374398126323,72.10626185958255,2.5426944971537004,0
BRN,2014,10.4872,8529.793038239737,10118.77624475105,0.0,99.95561473590767,0.0359520639147802,17097797386.03359,41026.508424795655,83310.61518195331,416750.0,75.0572639801502,67.84963078054844,0.862827317122997,72.10626185958255,2.5426944971537004,0
BRN,2015,9.7772,6437.002473982266,9310.488569723268,0.0,99.95238095238096,0.0311904761904761,12930296870.124683,30625.128774465637,81910.18829594927,422212.0,74.9484620568562,61.36277736052692,1.1032125006315388,72.10626185958255,2.5426944971537004,0
BRN,2016,10.1853,7008.281719975559,9420.811855067312,0.0,99.97658079625292,0.0255269320843091,11400266044.665098,26663.29729506015,78880.62285017676,427564.0,74.8816070556641,57.289363853630825,1.2036546260626768,72.10626185958255,2.5426944971537004,0
BRN,2017,10.1829,8385.258589765326,8494.08002366142,0.0,99.951888381044,0.0377676208804426,12128168045.124489,28024.382458025215,78966.86431423458,432772.0,74.8476440654983,59.72058896928524,1.0864509033046197,72.10626185958255,2.5426944971537004,0
BRN,2018,10.412,8304.04242825767,8709.257440442201,0.0,99.95341253202888,0.037037037037037,13566908391.089458,30988.119026722685,78099.05078025609,437810.0,74.8172471714305,63.244818404231914,1.017641958879025,72.10626185958255,2.5426944971537004,0
BRN,2019,10.0821,9219.803393332384,10023.041474654376,0.0,99.95944849959449,0.0218889339278475,13469235364.703176,30426.573065652785,80228.1598170527,442680.0,74.7923311783673,62.51532109944156,0.9860551301185152,72.10626185958255,2.5426944971537004,0
BRN,2020,12.7556,9175.89257228992,11837.176243395232,0.0,99.94768962510898,0.0193548387096774,12005799653.983503,26834.359223394295,80280.89806406767,447404.0,74.7748108912151,59.133630240079746,1.2175028361059137,72.10626185958255,2.5426944971537004,1
BRN,2021,12.5343,8962.623256310333,11482.751521403698,0.0,99.91226530970346,0.0196525706264256,14006496617.445808,31006.963628978527,78248.797127611,451721.0,74.7667316936175,62.701564223562265,1.2562902227508086,72.10626185958255,2.5426944971537004,1
BRN,2022,11.9068,9894.819499062563,11197.487757208424,0.0,99.87504462691896,0.0196525706264256,16681536466.7183,36632.92809521554,76357.82911499603,455370.0,74.7772642014221,67.92558541923437,1.096160288762411,72.10626185958255,2.5426944971537004,0
BRN,2023,12.0612,8658.006976446337,10674.38865756326,0.0,99.87504462691896,0.0196525706264256,15095084656.163445,32890.54918120193,76616.70148849809,458949.0,74.8199193881365,61.741186009131354,1.173122221641125,72.10626185958255,2.5426944971537004,0
BRN,2024,11.8655,8658.006976446337,10674.38865756326,0.0,99.87504462691896,0.019652570626425593,15340808592.479977,33153.47389135133,79071.7333801445,462721.0,74.8983133873697,61.67552257968283,1.17447674380916,72.10626185958255,2.5426944971537004,0
BWA,2000,10.9496,1076.2989461185823,1209.026924099579,38.5,100.0,0.0,5788329609.157553,3450.811806229918,13185.817151427798,1677382.0,53.2047727398794,46.30053029199922,2.794699789034537,31.091877966580206,45.79076456160782,0
BWA,2001,10.2471,1065.3150742435878,1248.0624954007992,37.5,100.0,0.0,5489608299.664453,3206.071236898528,12949.640310465547,1712254.0,54.0489894446035,44.76779382459248,2.5902906202539144,30.883136590616346,45.5260882607238,0
BWA,2002,10.0387,1070.9826333234082,1325.1083384964031,36.1,100.0,0.0,5438863982.886922,3117.250871830112,13479.696071992312,1744763.0,55.0142988603802,43.96509908182241,2.425615992561599,30.67439521465248,45.60549115098901,0
BWA,2003,9.4688,1046.9623244497664,1417.440430334239,36.2,100.0,0.0,7511582173.377239,4230.123269099257,13857.25882647372,1775736.0,56.0979233496432,39.61641318712524,2.722386955222662,30.465653838688617,45.517265717361,0
BWA,2004,9.4273,1075.8431242123493,1472.4875577291486,34.3,100.0,0.0,8957467706.535404,4956.692877352137,13984.841511264109,1807146.0,57.2582489329358,38.821955020889206,2.2595853495910205,30.256912462724756,45.57196548621037,0
BWA,2005,10.1355,1096.3110477542248,1518.0362600326,33.0,100.0,0.0,9918907108.097015,5391.070766196335,14361.957632775902,1839877.0,58.4535554684584,42.854952207665534,1.8283805240503284,30.048171086760888,45.55079138213964,0
BWA,2006,10.0193,1108.5948178663505,1517.1916377347538,31.8,100.0,0.0,9919158482.410852,5291.583791448487,15275.58288111166,1874516.0,59.6421228144112,46.62434344343338,1.738935094243008,29.839429710797027,45.529617278068926,0
BWA,2007,10.1977,1124.0947817550536,1538.2997392738912,29.0,100.0,0.0,10567270655.502705,5529.125746325323,15850.234349623091,1911201.0,60.7822308289942,45.484421235940985,1.9266843575501544,29.630688334833167,45.49609161329028,0
BWA,2008,10.897,1163.7853493268462,1528.2286394149653,27.8,100.0,0.0,10730829116.410507,5503.073953143129,16040.315323609782,1949970.0,61.8321593704079,41.109662101370034,2.1400702761033656,29.421946958869302,45.66724895452861,0
BWA,2009,10.2741,1061.9409927550532,1574.844286329297,28.9,100.0,0.0,10118459242.31832,5082.933883324043,13489.950916829644,1990673.0,62.7501882968523,32.91486984600827,2.375984196259626,29.21320558290544,45.73253577541333,0
BWA,2010,10.6511,1140.2771055960543,1574.4344504554842,29.9,100.0,0.0501043841336116,12637273429.133932,6215.732160779186,14545.019807442652,2033111.0,63.4945974665277,37.27893796273038,2.091040918832503,29.004464206941577,45.63195878107741,0
BWA,2011,11.3285,1086.796718975305,1580.8751721094652,28.9,100.0,0.0812324929971988,15110643612.17291,7287.382953349189,15236.718884352216,2073535.0,64.0187810722889,41.43221525404517,2.1189230068096188,28.795722830977716,45.74665184479382,0
BWA,2012,9.9088,1189.3491869736183,1640.4117011292235,27.8,99.71509971509973,0.1487039563437926,13907464500.148876,6595.538450154237,14957.618914293178,2108617.0,64.3993247826904,37.57533429912116,2.314811082715796,28.58698145501385,45.67783600656397,0
BWA,2013,11.8127,1200.2980296649946,1626.1172841178652,26.7,99.7835497835498,0.1229338842975206,14271738933.204172,6666.912195834866,16369.425297145395,2140682.0,64.7579735458393,39.10622988755098,1.9935432232723445,28.378240079049988,45.66901346320117,0
BWA,2014,12.8548,1330.9450958778689,1805.6724449412627,25.8,99.87041036717062,0.1049382716049382,15470088500.74136,7122.364234215034,17052.19241053606,2172044.0,65.0965122400825,41.77770340401557,1.8195983525325896,28.169498703086127,45.88428352125351,0
BWA,2015,13.1983,1285.4127560500128,1726.9761849757156,26.1,99.8989558773998,0.1175847457627118,13530748844.50496,6141.203947266163,15994.96430421008,2203273.0,65.4103584313295,37.54399948735687,1.9477648675882884,27.960757327122263,45.63301748628095,0
BWA,2016,12.3784,1245.8424682417567,1656.9893358439504,26.7,99.81419546636938,0.1923641703377386,15082637184.04962,6749.05994339013,16905.58874087305,2234776.0,65.6949296854899,40.345162191309825,1.9758875736702912,27.7520159511584,45.63301748628095,0
BWA,2017,12.8434,1315.8010726984132,1618.1779439875734,26.7,99.8015873015873,0.1589192330040674,16105155856.770824,7104.964010880272,17352.895845145355,2266747.0,65.9456435684731,37.10100502491907,1.8419939490754045,27.543274575194538,45.63301748628095,0
BWA,2018,13.7531,1305.313023918298,1574.9360304565923,25.6,99.85477781004938,0.190779014308426,17031943186.13526,7407.95940141786,17825.018569213007,2299141.0,66.1579176461888,34.80032766907854,2.117310832047285,27.334533199230677,45.63301748628095,0
BWA,2019,12.4205,1202.8822178714563,1501.661819069047,26.2,99.81276258682203,0.2366533864541832,16725908148.548136,7172.089564800282,18106.01054711243,2332083.0,66.3271694845464,31.947105419300964,2.0834294935165505,27.12579182326681,45.633723289749966,0
BWA,2020,10.9515,1120.172832928728,1472.1707735004188,27.7,99.77074736359468,0.2589363557105493,14960251607.813454,6323.2974967658965,16289.391358264542,2365894.0,66.4488166494554,26.690568101143036,2.208069058040537,26.917050447302948,45.633723289749966,1
BWA,2021,12.2565,1149.1141990477718,1463.7045007560043,27.4,99.75093399750934,0.2486793986184478,18750182236.221073,7807.887945704713,17960.625444743728,2401441.0,66.5182767068255,33.0400332471158,1.7885929290385385,26.708309071339087,45.633723289749966,1
BWA,2022,12.5321,1286.4672369554146,1590.2343218470326,27.4,99.76452119309262,0.2486793986184478,20321150599.15232,8328.7090572666,18647.373458883187,2439892.0,66.5889787170477,37.45712971191776,1.579789821793665,26.49956769537522,45.633723289749966,0
BWA,2023,12.6077,1249.8308045376464,1640.9675822217491,27.4,99.76452119309262,0.2486793986184478,19411266967.104416,7826.353764832983,18932.48027123341,2480244.0,67.0212655349864,34.07106020227332,1.6646156885711478,26.29082631941136,45.633723289749966,0
BWA,2024,12.0977,1249.8308045376464,1640.9675822217491,27.399999999999995,99.76452119309262,0.24867939861844773,19402063512.90664,7695.75319445165,18068.505071428324,2521139.0,67.4623537838418,29.35927591282615,1.712162192309587,26.29082631941136,45.633723289749966,0
CAN,2000,724.389,8224.747864251724,16844.474614095867,20.3,27.334480034697883,60.61905382295173,744773415931.587,24271.002056382134,48399.305538935936,30685730.0,78.6292995508947,29.500037520466737,2.09165300710719,38.7929818338782,6.835802217143545,0
CAN,2001,715.458,8017.166666422283,16625.782880581468,19.8,28.915797298510064,58.05240084461776,738981792355.372,23822.09621093203,48774.16755341383,31020855.0,78.8414764949736,28.447535461999852,2.117890671757526,38.78763070807387,6.838162441066344,0
CAN,2002,737.7192,7943.445886971826,16912.198554561295,20.1,27.505947555189326,59.900353530654826,760649334098.0055,24256.019233718485,49695.00669098674,31359199.0,79.0990234802234,27.573141032783298,1.9876232211626663,38.782279582269545,6.925478412463653,0
CAN,2003,757.2196,8303.431878901296,16920.870977766237,19.7,28.338447098368963,58.92649901649675,895540646634.787,28301.864593742783,50139.78623470073,31642461.0,79.391380674239,27.907410447725507,2.053091392493437,38.77692845646522,6.90930546679025,0
CAN,2004,745.8844,8371.022318623078,16823.82814110746,20.4,26.44615025975756,58.45294391900892,1026690238278.2476,32145.541262021703,51210.67961187353,31938807.0,79.6923063348315,28.391119722337848,2.1678131110918124,38.7715773306609,6.893132521116847,0
CAN,2005,767.1729,8369.959296480056,17852.89162221117,21.6,25.30048144636726,59.8555982828252,1173108598778.6765,36383.66000680948,52356.55780385338,32242732.0,79.9760615882965,29.212991524177795,1.8803114578006197,38.766226204856565,6.876959575443445,0
CAN,2006,763.1616,8427.441741858827,17468.56493712097,21.5,24.362731527363927,59.56200027192743,1319264809590.9731,40504.03709778064,53195.781842154975,32571193.0,80.219066099279,28.8475544811015,1.7010184594948197,38.76087507905224,6.757391315016637,0
CAN,2007,784.7511,8356.306362500422,17525.890052949802,21.6,24.811253493242685,60.247662153301626,1468820407783.2605,44660.08388922812,53761.86202981125,32888886.0,80.4425615136782,28.6859019053535,1.5871607317165928,38.75552395324792,6.6931456825485,0
CAN,2008,760.7637,8098.352893619145,17382.25464216671,21.6,23.44181333484855,61.32909862004852,1552989690721.6497,46710.25268644837,53711.67920649747,33247298.0,80.6628944916604,29.34201950465891,1.7682735480133251,38.7501728274436,6.628900050080362,0
CAN,2009,720.4398,7696.334072812637,16317.77799801719,22.2,21.848642896555347,62.96373886597125,1374625142157.2915,40874.883193290254,51552.42238378952,33630069.0,80.8591838893921,25.076018211277805,1.5498932753953012,38.74482170163927,6.564654417612226,0
CAN,2010,741.3401,7660.754521032879,16236.475656490453,21.4,23.159457609817775,61.239455687623554,1617343367486.2583,47560.66660094058,52558.440814216774,34005902.0,81.0120892252937,26.351133161989527,1.4932360811166077,38.73947057583494,6.5004087851440895,0
CAN,2011,758.563,7716.248227826981,16607.190943556932,21.5,22.317564059879164,62.46040271845211,1793326630174.5186,52223.85883985308,53681.12967005692,34339221.0,81.1031425434213,27.13934059838912,1.7656644662562715,38.73486407475693,6.435683541183569,0
CAN,2012,754.6654,7637.7848724519745,16119.569981558992,21.8,20.88605293488039,63.637155283764926,1828366481521.5952,52670.34473354148,54034.80347519883,34713395.0,81.1513483248791,26.634668797425576,1.8113457439094136,38.73025757367892,6.443636168952629,0
CAN,2013,765.4783,7668.794663448684,16532.14367484249,22.2,19.80764058057349,64.07595750403851,1846597421834.9832,52638.11872352365,54712.17842398102,35080992.0,81.183439957458,26.613235175836603,1.894231512278361,38.72565107260091,6.4515553354547786,0
CAN,2014,776.2739,7780.1475931021005,16486.87452351644,22.2,20.164617170253603,63.19546202805319,1805749878439.9412,50960.843117466145,55723.48354041592,35434066.0,81.211183161556,27.13794246018717,1.5865480774195355,38.7210445715229,6.459474501956926,0
CAN,2015,768.7545,7690.408166176851,15839.628945350249,22.3,20.415875571487156,64.12426447134591,1556508816217.14,43594.194104539434,55660.867527261435,35704498.0,81.2465670276699,24.415682546891595,1.8698359459858669,38.716438070444894,6.467505206015443,0
CAN,2016,765.245,7944.507893458725,15759.605235031744,22.1,19.8030142960406,64.97537678700508,1527994741907.425,42314.06158172182,55606.15491919474,36110803.0,81.3023011093703,23.29530054558479,1.862225893135288,38.71201337558376,6.4747551471793825,0
CAN,2017,785.9246,8175.190376476229,15477.324919978955,22.8,18.09871781145812,66.56463041514681,1649265644244.095,45129.62811662297,56612.32853674483,36545075.0,81.4018945832226,24.02780288707915,1.8899946324488788,38.7078876013737,6.454410696897805,0
CAN,2018,809.0596,8161.779675010993,15569.549710810836,22.3,18.704728083953658,65.94838641140628,1725329192783.024,46539.17615704053,57337.490909999105,37072620.0,81.5500341646653,24.622305955435323,1.6998915762240614,38.7037629425392,6.45681990811536,0
CAN,2019,805.4996,8125.581213116181,15204.063852102536,22.4,18.57074994636673,65.87912593092035,1743725183672.5212,46352.869344521125,57583.84579809202,37618495.0,81.7363672047941,24.07740787694132,1.697079353361028,38.69963716832913,6.434356244262787,0
CAN,2020,728.5112,7495.079322978489,14763.74199885886,23.9,17.818682675509567,67.05645785945123,1655684730000.1936,43537.839298903986,54092.87903177963,38028638.0,81.9509888710566,22.451617319499977,1.8397893111812245,38.695512509494634,6.370735222110313,1
CAN,2021,742.9301,7524.863612331571,15003.714448356825,23.8,18.23105836478493,67.01638057689664,2022378748423.2344,52886.66163727032,56995.11767813512,38239864.0,82.1779279079275,25.331747517759585,1.5979878650405746,39.47012792563178,6.484576786100334,1
CAN,2022,761.3626,7578.020936012374,14907.077867966387,23.8,17.864550592336823,67.01638057689664,2190411080134.319,56256.80072640145,58321.06118346236,38935934.0,82.3500897353968,25.331747517759585,1.5979878650405746,39.46591999954487,6.494362078578174,0
CAN,2023,755.2393,7336.067035314271,14459.895751576883,23.8,19.67308160163791,67.01638057689664,2173339670064.328,54220.328503987526,57517.443158743175,40083484.0,82.5250564408346,25.331747517759585,1.5979878650405746,39.46171173211055,6.471378019502315,0
CAN,2024,768.0589,7156.115044245896,14084.493397317745,23.799999999999994,19.67308160163791,67.01638057689662,2243636826633.7617,54340.34772247326,56706.82380319776,41288599.0,82.7002565766633,25.33174751775958,1.5979878650405743,39.46171173211055,6.471378019502315,0
CHE,2000,53.5163,3466.506132170025,7844.938580923548,18.2,1.6039691943127965,57.888033175355446,279216033870.2037,38865.02193968802,67378.39014728769,7184250.0,73.302430524727,25.46819597957449,1.0538895108627022,30.264970170592587,39.61727304011243,0
CHE,2001,55.0253,3658.066499076579,7993.799044904641,18.7,1.50760012701393,60.168707633261086,286582672434.22614,39638.79110618639,68008.34418528555,7229854.0,73.3762992611964,26.244257887690864,0.9209241135723224,30.36341959336437,39.5407713506987,0
CHE,2002,53.3902,3537.537503317793,8024.294028912168,18.2,1.6609316113271069,56.328670807823514,309301422430.3862,42458.73846791871,67446.40443102676,7284753.0,73.4195324136588,26.433976506878835,0.9336581418929882,30.46187509929813,39.465603458442835,0
CHE,2003,54.6433,3524.605359575125,8187.626626566749,18.0,1.7346787357174651,56.061730227036655,362075086507.7597,49335.7456291067,66926.16797644299,7339001.0,73.4518762174754,26.006421378463973,0.8369918860744353,30.5603374622472,39.389477968792285,0
CHE,2004,55.2286,3513.0422675148334,8205.693793663413,18.1,1.745826027292826,55.608752001219784,403912891033.37354,54659.45714882332,68263.44113908174,7389625.0,73.4761317507392,25.551510109151792,0.9349995803018036,30.65880669032231,39.31192412380834,0
CHE,2005,55.9286,3469.41664326823,8305.640023046572,18.7,1.815651824034335,57.234106759656655,418284865884.9983,56242.89336456386,69692.5954827493,7437115.0,73.4951000915434,25.827074241374863,0.8186193325786224,30.757282791636204,39.234877637662535,0
CHE,2006,55.2643,3600.205990881988,8360.44251592812,18.1,1.5376689874800962,53.176808517281216,441634672196.5226,59011.03245920162,72077.8598470308,7483934.0,73.5115823179813,26.002793187287747,0.7532981125502589,30.855765774303705,39.159052182210125,0
CHE,2007,53.2391,3391.340930418599,8163.428006743903,19.3,1.3485461906514538,55.894000736105994,490740715594.80176,64989.15532560305,74234.30109919312,7551117.0,73.5283795081459,25.9309450770322,0.7731625829206306,30.954254863087503,39.08307777650119,0
CHE,2008,54.8217,3480.202559134665,8305.661524581,19.6,1.2431279827093518,56.896676772218925,567267767519.158,74175.19278985547,75355.20248878903,7647675.0,73.5482927401305,25.946301140139163,0.7835339386418092,31.052257325186233,38.999110248911144,0
CHE,2009,53.3492,3460.611443955479,8021.223603665938,20.0,1.1890328517798974,56.70255189237354,554212916092.2709,71568.31238856722,72709.81382934083,7743831.0,73.5741230920283,24.74278723106423,0.7225075766815071,31.150262753612505,38.91545146326511,0
CHE,2010,55.1362,3323.412185018918,8174.53595945972,20.6,1.6132124161321242,57.855931578559314,598851028906.5803,76531.37294076907,74290.26196292785,7824909.0,73.6086716419323,24.694525872997815,0.6629405745143612,31.24827193933171,38.832838878628614,0
CHE,2011,51.1255,3181.0668777887436,7928.190669882885,20.6,1.5660059112080835,55.337882797146534,715888126682.3959,90476.7589651577,74800.88863535332,7912398.0,73.65058748615,25.03152647245297,0.6766998300169669,31.33575581638132,38.750211135043266,0
CHE,2012,52.4878,3175.970901686737,7886.094306253416,21.9,1.3788857228769027,60.469078881427286,686420221557.9899,85836.2076767359,74883.6158924249,7996861.0,73.7522629583622,24.60389113301295,0.6345869636651856,31.42324155064883,38.66765583381344,0
CHE,2013,53.7462,3274.499481361287,7806.440718446213,21.8,1.1365578533584002,60.079473594257394,706234937370.9675,87304.33058135571,75354.15505008836,8089346.0,74.1121384785551,24.702212725144683,0.6625337135565177,31.51073152810372,38.585375856321875,0
CHE,2014,50.0908,3031.1744765680764,7520.043904678293,22.2,0.7485050806350446,59.00784745550089,726537808338.0005,88724.99094026383,76189.6018443969,8188649.0,74.7402679059582,24.32391507269299,0.7088776668896463,31.59822336301777,38.502806407833155,0
CHE,2015,49.4483,2927.960153193955,7500.486574174913,23.9,0.981058479359357,63.12446453366422,694118186379.6278,83806.44760038373,76566.07725421478,8282396.0,75.6044960143169,24.20112582098055,0.6264462605089303,31.685717850794592,38.42056854642456,0
CHE,2016,49.9492,2819.83095943189,7481.842963941023,24.1,1.4105243161094223,63.115830787978545,687895460902.7133,82153.07454478886,77301.21243048574,8373338.0,76.6726675773771,24.089979208047943,0.6580104716670019,31.7732664163142,38.338660726511485,0
CHE,2017,49.0425,2809.4794566919395,7584.857261850674,25.0,1.2013820648556124,64.49711642055898,695200833086.4989,82254.37692697672,77626.90273769405,8451840.0,77.9126273688843,24.217694322959854,0.6313335103340413,31.860333797102125,38.25988246409799,0
CHE,2018,47.7525,2806.4991558403017,7436.287698067576,24.2,0.9303604242327784,60.31068747559194,725568717468.0009,85217.36915122741,79261.35636412882,8514329.0,79.2922201625844,24.42395717713755,0.643750702339479,31.94740117789005,38.18240515033929,0
CHE,2019,47.5554,2857.1581918021684,7356.960938884795,24.8,0.8736476832006531,61.43811298681866,721369112726.7239,84121.93103044144,79596.70294650982,8575280.0,80.7792907322229,24.72115912960938,0.6477455268959839,32.03446855867797,38.10503413977808,0
CHE,2020,45.1725,2690.39023280182,7203.032773040854,26.4,0.8876482903000699,63.72397465357565,741999406005.6272,85897.7843338323,77324.88709340073,8638167.0,82.3416838515457,24.827915675611585,0.7054776333217292,32.1215359394659,38.02710630294437,1
CHE,2021,46.9199,2619.8055612015605,7398.777604254144,27.7,0.8056089767857414,67.87623448400834,815309330986.7185,93664.77366961108,81001.41112061175,8704546.0,84.2006477608879,25.635593715403072,0.6275674241848588,32.20860332025383,37.94969226489846,1
CHE,2022,43.6858,2591.921410404806,7422.849127182045,27.7,0.6259423402019464,67.87623448400834,828508926958.3933,94394.51068035244,82777.29358207596,8777088.0,84.9206266284521,24.54338165606891,0.6163797988148589,32.29567070104174,37.87129365676166,0
CHE,2023,42.8749,2511.3715420949707,7174.966491622849,27.7,0.4087875793548736,67.87623448400834,894424821645.2047,100623.54962729648,82295.29933465677,8888822.0,85.1854212679815,24.67083064181244,0.6249124614609868,32.38273808182967,37.7938948048868,0
CHE,2024,42.9924,2491.5122546707807,7117.252388574108,27.69999999999999,0.4087875793548736,67.87623448400834,936564198048.516,103998.18668560409,82286.18018964877,9005582.0,85.4615370020764,24.72471925398824,0.6286994754745581,32.38273808182967,37.7938948048868,0
CHL,2000,80.9636,1623.4801268923193,2473.2909411244523,31.4,51.45216827186986,49.451070412695245,78339750721.36403,5052.992457663253,17525.271727347867,15503635.0,86.2710912457813,27.83290073051464,5.0829624305111825,21.272870569121437,20.32192293001512,0
CHL,2001,79.2379,1574.8447591150425,2600.573366907575,32.1,45.73840257694388,55.02574592650067,71574739561.43288,4563.595298668896,17870.30083327114,15683849.0,86.4906345913002,28.48257297510446,4.062420264161446,21.395017295825863,20.375720211100532,0
CHL,2002,79.7961,1612.431302051479,2698.0200751359334,33.1,44.549014219962906,56.275331455657074,70264045939.27725,4430.847411579841,18240.20156028572,15857925.0,86.6114115090282,28.51803459221463,4.065033247532842,21.517164022530302,20.9338670023617,0
CHL,2003,81.9608,1612.229536205122,2866.1285990572583,31.6,49.84304597578424,51.5620662410045,76492579644.06053,4773.401775207537,18902.870874080556,16024752.0,86.6792973033246,29.71533660079827,4.094775330938245,21.639310749234735,20.745576518562753,0
CHL,2004,87.4346,1699.732407404455,3031.817122066269,31.4,53.09912513669739,48.08428370567099,99075985773.66817,6120.59152055344,19961.98357942328,16187322.0,86.7336754490112,32.75250218388245,3.758265825403353,21.761457475939167,21.43149185240178,0
CHL,2005,88.0872,1735.0887437669285,3064.2045540039753,32.3,46.11691182074537,55.0358204405152,122294145163.19212,7480.3233099863555,20918.527576068125,16348778.0,86.7768244484887,34.03530241413281,3.9222119378950295,21.8836042026436,21.364245251045013,0
CHL,2006,89.4558,1788.4744258353903,3192.2210622625753,32.9,44.74511930585683,56.32682574114243,153843518170.86438,9318.656552961203,21968.537535585423,16509195.0,86.8125123390851,38.684729192628005,3.71204514365714,22.00575092934803,21.249926028738507,0
CHL,2007,98.2183,1836.956205480212,3311.1436761756427,30.5,55.84440000683656,45.06998923242578,172491076033.86267,10346.413818453251,22878.8834428789,16671581.0,86.8445071581285,37.46659701662519,3.55057108879902,22.127897656052465,21.158470650893303,0
CHL,2008,102.6001,1801.282882023896,3312.372453736531,30.8,54.25097145919872,46.55131984456653,179894594475.40497,10683.218877251113,23509.781693144057,16838988.0,86.8765769429469,31.98399142430677,3.4244322613297844,22.250044382756897,20.736127833099317,0
CHL,2009,98.9627,1735.8389515790225,3272.5973150310256,31.5,51.012812489707194,49.72826981983466,171777900623.89206,10098.801716728622,23013.581789381424,17009731.0,86.9124897308683,31.88920115422606,3.697126955884864,22.37219110946133,20.31378636023735,0
CHL,2010,101.6041,1795.6817303265952,3284.062405857848,27.0,59.61213886222987,40.7618228149717,217051209238.53412,12632.870472419238,24116.76947156135,17181464.0,86.9560135592209,33.46690301561907,3.4782846318978557,22.49433783616576,19.79527955757116,0
CHL,2011,112.2079,1937.3233963385449,3559.166371980893,28.8,60.403573113387,39.7270859647254,251382573893.86972,14487.392783203197,25366.269024982535,17351816.0,87.0109164653326,32.441754234848254,3.6261832358388064,22.72857657773976,19.391093456636703,0
CHL,2012,116.2296,2123.491789724278,3781.69701341717,30.3,63.55464437785838,36.730469814052846,267024782486.8547,15241.906998111876,26670.49713384021,17519119.0,87.0824943735696,30.55830032721836,3.274933539617523,22.96281531931376,18.87931265903821,0
CHL,2013,118.7258,2177.504918714869,3854.5246154154074,30.2,64.10867036200644,35.906288920823926,277395018842.4165,15683.548636915511,27291.357652595747,17687006.0,87.1827777654221,29.430437307810536,3.4733753278992627,23.19705406088776,18.44822912799987,0
CHL,2014,110.9509,1946.2118166658724,3716.316352346132,27.0,56.694415784489706,43.119019688211104,259560978224.3589,14529.676720633584,27505.049552415756,17864195.0,87.3133701497978,28.902867065318503,3.9466206299946176,23.489714119821254,18.000314986423575,0
CHL,2015,116.6424,1968.3028618204944,3973.209771368809,25.1,56.41127642082372,43.64706818362638,242450355830.8839,13433.920298703231,27811.37451586172,18047625.0,87.4653320342387,27.880640410649494,3.7094042753649,23.724536889599538,17.565187709095465,0
CHL,2016,121.9211,2070.4695817036377,4185.584660085954,24.6,56.7423803161318,43.46181964857438,249344863928.4376,13649.85204528032,27958.728499668225,18267221.0,87.6306290578181,26.779565048189557,4.1990893712919615,23.870842044926142,17.025862754173332,0
CHL,2017,124.5992,2065.9757174580477,4053.47998595604,24.1,56.09808290220661,44.10183401935979,276154259981.0972,14879.90862271865,27892.994686282706,18558868.0,87.8000295757281,27.381156067138303,4.2809716137703715,24.03645189629948,16.57546350415842,0
CHL,2018,126.7867,2067.9764736837046,4172.296781417178,25.5,53.755814377148134,46.31506333572183,295857562991.70905,15659.480867562766,28492.66114565155,18893191.0,87.9620493753008,27.861522773982127,3.9274359246112343,24.20206174767283,16.01607672484957,0
CHL,2019,133.2977,2154.3545187775812,4218.620687930832,25.3,53.417772416566144,45.38899926677547,278285058719.4661,14495.716721686991,28218.534387908065,19197744.0,88.1273685623538,27.1184422429165,3.987812171378996,24.34979748573984,15.43534696502696,0
CHL,2020,126.1561,1946.167606169946,4166.721732867253,26.7,51.304275356279696,48.783065255437954,254042159309.31055,13114.815470545014,26248.561643282468,19370624.0,88.2953490438375,29.82956760466181,4.045426844099469,24.515245473388827,14.902628945638345,1
CHL,2021,127.2099,2032.9812042737908,4306.720885856503,24.2,51.15771773955328,48.08219909563952,315325547162.07153,16206.832549342109,29089.85045972798,19456334.0,88.4660511664452,30.86005330387301,3.505864368136149,24.680720385039063,14.56318702310526,1
CHL,2022,129.5282,2081.9975124571138,4405.863109953871,24.2,44.67748492073083,48.08219909563952,301226575540.2417,15405.616577407298,29569.477552793716,19553036.0,88.6395352768685,31.033047400602147,3.2346792584916213,24.846177257608467,14.31993271045913,0
CHL,2023,116.8374,2059.2761619684534,4322.992690055133,24.2,36.41778486338072,48.08219909563952,335518054097.63696,17067.036479915365,29563.678024365945,19658835.0,88.8158617217972,28.80302573114043,3.4902273336242464,25.01164611135842,14.401024975188188,0
CHL,2024,118.1209,2029.032995325931,4373.387376964803,24.199999999999992,36.41778486338072,48.08219909563951,330267137371.5923,16709.889397230672,30182.78712247137,19764771.0,88.9950908479196,30.085842275646375,3.912363512351608,25.01164611135842,14.401024975188188,0
CHN,2000,5063.8922,898.0750044672099,992.9433847201708,29.6,82.12597124223116,16.63913750296886,1223754919971.048,969.1995136962868,4066.0362701985905,1262645000.0,36.4320234662299,45.07383151775861,14.527251949982528,18.85347275628394,55.69458321172704,0
CHN,2001,5255.0745,921.506436459842,1076.5491213586508,28.4,79.86169679036888,18.958121447801375,1355036590251.524,1065.4059757451932,4372.157055799341,1271850000.0,37.6597442626953,44.27654360260099,13.82210695603407,19.104968120561207,55.757871864491534,0
CHN,2002,5584.8311,976.159336791292,1194.8562949078414,27.0,80.86265932519387,17.618616412882883,1489821682050.541,1163.5595767342556,4744.398550797944,1280400000.0,39.0897827148438,43.875802812218446,13.12949382581892,19.356453899023084,55.82113206589726,0
CHN,2003,6292.8849,1105.1374239649335,1379.4846321018315,23.9,82.69511266488901,15.03710104121146,1683903309843.8486,1306.9724540855702,5192.006046085871,1288400000.0,40.5302314758301,44.98276213271458,12.17576009149266,19.607938686774748,55.8843892938216,0
CHN,2004,7131.5343,1249.0441533999422,1585.8387824778658,20.2,81.48696937874347,16.22324871953826,1984196551300.436,1530.927262157233,5684.168730509814,1296075000.0,41.7600135803223,45.2328326582556,12.728842936040138,19.859422866706524,55.94764475133046,0
CHN,2005,7974.396,1369.7919711964917,1782.3121529162704,17.4,81.70185077501554,16.159269912088387,2317551298052.052,1777.644968284641,6298.323184745158,1303720000.0,42.9899978637695,46.38162169845846,11.482812353382569,20.110908128425475,56.010903183926885,0
CHN,2006,8759.3389,1490.1864793883617,2039.0146603408032,16.4,82.49361294703264,15.5566024437238,2791498472804.3286,2129.256969996132,7057.099933316461,1311020000.0,44.3430099487305,46.886502859217245,10.475862365800095,20.362392776967077,56.07415984476021,0
CHN,2007,9356.3434,1595.466068477978,2325.9267690276465,14.9,82.84347871131304,15.265797933444858,3604055822571.6304,2734.727098776927,8013.715683022475,1317885000.0,45.8892440795898,46.18523623010748,10.093419455926169,20.61387788608241,56.13741769624517,0
CHN,2008,9576.2959,1629.9775420938283,2446.3690545840236,14.1,80.28994703195819,17.64081956976625,4667346414521.947,3523.44302065213,8743.744912321883,1324655000.0,46.9895057678223,46.236419130248166,10.009977073413792,20.8653616938384,56.200671974685534,0
CHN,2009,10196.8722,1728.616452295014,2612.4566200441686,13.4,80.2483727723448,17.810879013830462,5189577094997.582,3898.2445915881062,9518.43214737204,1331260000.0,48.3417053222656,45.178858723135626,9.472995816615969,21.116845051735627,56.26392504386618,0
CHN,2010,11062.0446,1899.7999610868465,2943.58995443689,12.3,79.19744638358478,18.792986822934353,6192564874453.29,4629.245517100773,10476.3123630451,1337705000.0,49.2340270628041,45.70662071067777,9.166499061307327,21.36832885413419,56.18347308129312,0
CHN,2011,12056.806,2027.4652535685464,3295.784868051761,11.3,80.98637738426523,16.836073329415974,7671757207851.289,5703.760279733456,11405.017284561723,1345035000.0,51.8300285339355,45.800205410810726,9.033845859333203,21.57462737043298,56.10366021811824,0
CHN,2012,12419.567,2085.218720958248,3466.020277804444,11.5,77.71469820556283,20.098037362498737,8673664713189.244,6405.057424134903,12217.8543175465,1354190000.0,53.1003112792969,44.682069816547845,8.96505673533992,21.780925886731776,56.02352780524426,0
CHN,2013,12948.608,2137.3257269090695,3757.185088465714,11.5,77.27266635788683,20.13348926531145,9743124247267.244,7147.035186223441,13080.82881626676,1363240000.0,54.4900016784668,43.3938707801605,8.784421316024705,21.987224403030567,55.943395392370284,0
CHN,2014,13095.1974,2177.550114352667,4006.168267899057,11.9,75.13582766432113,22.055701117597895,10674533168257.36,7781.065974849738,13968.58148552396,1371860000.0,55.7502555847168,42.28271577910922,8.482429409336536,22.193522919329357,55.86326297949631,0
CHN,2015,12931.0416,2175.1544486832,4017.0778194889335,12.2,72.83648504031697,23.86494887888853,11280814787468.914,8175.332850773929,14856.780760446143,1379860000.0,57.3297843933105,40.047590216103224,8.224013594795245,22.39982143562815,55.78313056662233,0
CHN,2016,12913.087,2149.2047500243984,4237.545305845985,12.6,71.33478326369172,25.052035714481573,11456024084961.98,8254.868593203568,15772.764759869562,1387790000.0,58.8399238586426,38.81115609392099,7.9006501750541585,22.630512099750643,55.703057345329945,0
CHN,2017,13160.5935,2215.9113902205677,4571.042425414424,13.1,70.9002577594408,25.03867255377236,12537559062282.92,8979.676527098563,16757.97363186619,1396215000.0,60.2402687072754,39.129944350894974,7.328392392860418,22.830656749263177,55.622850362316136,0
CHN,2018,13740.9299,2310.877570509788,4842.206792323705,13.5,69.57989976820154,25.81274094922708,14147765772963.76,10085.663814881918,17806.790234972468,1402760000.0,61.5001983642578,38.97770017470965,6.917142892368362,23.030907915353403,55.54274989588005,0
CHN,2019,14052.8622,2397.9686890847347,5082.387790402381,14.3,67.94410243542785,26.889702369760705,14560167101283.44,10342.90095243346,18820.513103364625,1407745000.0,62.7099151611328,37.76423331627352,7.006215757883405,23.23115908144364,55.46264942944396,0
CHN,2020,14230.2296,2465.9695460598687,5261.9410389058185,14.9,66.62811159337146,28.111907967469,14996414166715.092,10627.463798961868,19215.154170346537,1411100000.0,63.5234230266258,36.911562406630566,7.540181985212407,23.43130373095617,55.45263687113944,1
CHN,2021,14866.4936,2623.79959356116,5847.802260047013,15.2,66.24986873551512,28.42799792674796,18201698719563.96,12887.435724294062,20843.297834737652,1412360000.0,64.721076965332,38.092472204071655,7.089352516180038,23.631554897046403,55.44262431283493,1
CHN,2022,14857.4011,2676.4820097611064,6112.135535609963,15.2,64.79540073266244,28.42799792674796,18316765021690.156,12970.605641432652,21499.38228344267,1412175000.0,65.2176361083984,37.8945266620066,7.147886928301708,23.83169954655893,55.43261175453041,0
CHN,2023,15411.7834,2850.941529065109,6523.719261931935,15.2,64.4035322187705,28.42799792674796,18270356654533.215,12951.178239704272,22687.07587239425,1410710000.0,65.5301448035523,36.772503022356126,6.889519410800685,24.031938995825612,55.43261175453041,0
CHN,2024,15536.1217,2850.941529065109,6523.719261931935,15.199999999999998,64.4035322187705,28.427997926747956,18743803170827.164,13303.148154386816,23845.619721725907,1408975000.0,65.8946980998325,36.47565944530449,6.775998812912862,24.031938995825612,55.43261175453041,0
CIV,2000,16.3241,383.698511747895,161.7605148854704,63.7,63.24999999999999,36.75,16577533891.878548,936.6365413487983,4838.3402372993805,17699004.0,43.0840065011913,13.936802520264736,16.195154514693,16.020283018867925,62.12457232704403,0
CIV,2001,16.532,359.27435037998805,168.9319927984693,64.7,63.1525076765609,36.8474923234391,16810537043.840742,924.7272949620664,4609.144693953026,18178913.0,43.4670149035012,14.17861603095938,17.277097552718367,15.665292452830188,60.58416981132075,0
CIV,2002,17.3099,374.2174105192307,163.1754150184958,65.3,67.34038534189649,32.659614658103514,18054383320.847363,967.8158644159912,4368.928088372793,18654771.0,43.859032147728,14.500528124749737,18.73731415722601,15.310301886792455,60.959943396226414,0
CIV,2003,15.8514,345.0635325851048,160.46604064867807,70.3,63.98663259288382,36.01729899744447,21251754340.430546,1111.171350878869,4060.000380384268,19125542.0,44.2593744150531,15.212331213412511,20.77602022027288,14.955311320754715,61.084908805031446,0
CIV,2004,16.6589,474.6445121038454,159.02015820362337,75.4,66.33393829401089,31.727767695099818,23510575681.368645,1199.8252452854629,4088.945173284719,19595000.0,44.667357886658,15.52607504754474,16.640018984398033,14.60032075471698,63.403606918239,0
CIV,2005,17.5958,479.36734205455446,157.01256170254834,77.9,72.76887871853546,25.227952825206827,24036918703.174747,1197.746169794149,4032.245880298464,20068458.0,45.082298743724,16.224176445612514,16.065185358480296,14.245330188679246,64.16558805031447,0
CIV,2006,17.7482,460.4270685034425,165.86522807782933,74.8,71.31741821396994,26.702033598585324,25281413263.371223,1230.4305683858356,4049.2603296249617,20546802.0,45.5035131674326,16.5839543942617,15.944794906629218,13.890339622641507,65.03640251572327,0
CIV,2007,18.1591,484.16288024964905,170.56133270453404,76.3,66.04510744095188,31.912626531699523,28760090953.30806,1367.5381772232606,3999.690956822083,21030558.0,45.930317338965,16.48317082485603,15.57874632553992,13.535349056603774,66.06060062893081,0
CIV,2008,19.0181,475.68596828736264,178.29886245232794,74.2,65.24137931034483,32.72413793103448,34078240293.255936,1583.9706670137175,4096.723469189311,21514439.0,46.3620274395029,17.40883614913748,16.185484182972566,13.180358490566038,65.79551257861635,0
CIV,2009,18.4168,426.33967683994047,182.8353018509915,73.7,62.476579799012086,36.29705331289389,33886813250.203587,1540.45393569596,4151.053608749818,21997940.0,46.7979596502274,18.016307146127374,15.249581638575917,12.825367924528305,65.69812578616352,0
CIV,2010,19.8203,369.59298919728,196.3263624504821,75.4,71.71835708298407,27.124895222129087,34936307980.063034,1553.5488704814325,4338.652483941416,22488065.0,47.2374301523201,15.976579375472284,17.488917070784215,12.470377358490566,65.73580817610063,0
CIV,2011,20.4445,412.2029962395736,180.1844922112958,79.1,69.86391211674045,29.08673553041482,36693710801.39765,1596.6282656599792,4017.407820402076,22982000.0,47.6797551269623,16.762400726330437,18.486671488644724,12.11538993710692,66.20017924528302,0
CIV,2012,23.0251,442.1845532677779,215.57860761361087,74.9,73.56043329532497,25.498859749144813,36302302877.297745,1546.9460184731029,4234.180555933187,23467078.0,48.1242507553354,17.732455189728686,16.37514987588612,11.760402515723271,68.96385849056603,0
CIV,2013,24.3394,446.3098013379073,215.12315800795955,72.2,78.11764705882352,20.991764705882353,42760235484.609314,1786.1586203132365,4597.186352398664,23939775.0,48.5702332186208,18.979529574168268,15.342901935494456,11.405415094339624,70.88688050314465,0
CIV,2014,25.2868,438.71877312695045,253.67553301114935,71.9,76.06806661839246,23.099203475742215,48843005613.70906,1991.3653942340416,4907.574502945163,24527395.0,49.0173144557368,19.84554862421409,15.241755525618547,11.050427672955976,72.59172012578617,0
CIV,2015,26.3751,383.8890107324079,242.33213667152256,64.5,83.26446280991735,15.526345999311216,45815005169.26511,1814.7185508801672,5110.862408098814,25246342.0,49.4694894689553,20.12155783018077,18.362041686875173,10.695440251572329,76.93681194968553,0
CIV,2016,27.5021,391.6555833646134,239.67459047254064,64.0,82.83527314669183,16.03334381881095,48407761036.82379,1862.5959708128676,5320.846462398552,25989405.0,49.929991034032,20.820713814142024,17.434968407497117,10.340440251572328,75.42663647798742,0
CIV,2017,28.4254,392.5888242630821,272.6554659846128,62.5,79.37244708503528,19.006776199758654,52512343996.68996,1964.299303383425,5556.113663228983,26733372.0,50.3977309654344,19.808562653240735,16.940987149693818,9.985440251572328,77.70448081761006,0
CIV,2018,27.9065,358.54922881191,259.829414852579,60.5,69.91352748235762,29.440524694425125,58522477786.68885,2130.866193811438,5670.200053566878,27464173.0,50.8718477756395,19.111681889397815,17.852601402265908,9.630440251572328,81.34207389937107,0
CIV,2019,29.8106,376.7432129080049,279.0408075987916,61.1,66.99586155003763,32.735476593344615,60382894697.35568,2141.7683617011467,5894.878746741531,28193009.0,51.3514799771241,21.642040054096498,15.6882063635315,9.275471698113208,81.5248,0
CIV,2020,30.1406,385.90091189668885,290.50214644773456,61.8,69.43604340864616,30.01954686805864,63027852805.42045,2179.7293483293465,5787.815333090179,28915449.0,51.8357660823651,20.70220340454739,16.933415476894368,8.920471698113207,82.62582295597484,1
CIV,2021,35.0561,475.7701142407004,308.40355663086876,58.2,76.13852813852814,22.77532658534475,72794636653.77934,2455.9812764114818,6045.204804908794,29639736.0,52.3183461956059,22.103035066463804,16.180552963013543,8.565492767295598,84.39286729559748,1
CIV,2022,36.5208,483.8949182100235,329.56076133832795,58.2,75.89887640449439,22.77532658534475,70922824813.9102,2333.3712830125887,6272.263957594149,30395002.0,52.8492549676673,23.044542347441613,16.584333209761567,8.210499685534591,84.15681257861635,0
CIV,2023,36.7288,483.5039227625385,353.81898290984043,58.2,75.89887640449439,22.77532658534475,80780312569.16455,2591.965904811898,6520.898864600306,31165654.0,53.4075201638704,23.90063743071425,15.94425784386072,7.855516037735849,86.47581635220126,0
CIV,2024,38.0267,483.5039227625385,353.81898290984043,58.19999999999999,75.89887640449439,22.775326585344747,87113179149.28401,2727.8935220697044,6747.037967773879,31934230.0,53.9733113940142,24.043859910455424,15.859434378094797,7.855516037735849,86.47581635220126,0
CMR,2000,30.6929,425.83947328627926,182.32865816903805,84.6,1.0919540229885056,98.9080459770115,10566579294.983051,708.5657316259653,3822.9442535892576,14912631.0,46.2449829402599,28.482700991729708,18.117742464256605,45.68866747054219,19.37763110575194,0
CMR,2001,30.8104,419.668248263033,171.8541897868577,85.3,1.892120869810788,98.10787913018922,10953485349.113462,715.4702964705854,3884.8730481271423,15309490.0,46.7627509050978,26.18433160015783,18.620958266944495,45.54121765987604,19.37763110575194,0
CMR,2002,29.6126,429.5026480892362,161.26644523478004,85.2,3.5757575757575757,96.42424242424242,12417251350.488165,789.6238110725543,3951.419362321322,15725528.0,47.2589242513436,27.475588195907857,18.271680395233368,45.39376784920988,19.37763110575194,0
CMR,2003,30.3552,435.1470806367019,173.7587204229614,85.3,4.234527687296417,95.76927252985884,15970315034.990343,988.2412767918462,4054.7813324651656,16160340.0,47.7325523560061,28.42339127869354,17.473784234888974,45.24631803854371,19.37763110575194,0
CMR,2004,30.1098,437.082365532497,199.87373037286625,85.5,4.622871046228711,95.38053527980536,18826214135.641937,1133.3932674967289,4222.966386898855,16610487.0,48.1826845960942,27.67688546981555,17.56095272188131,45.09886822787755,19.483404201307355,0
CMR,2005,30.3052,428.5395940625066,193.6210020572085,86.3,5.794205794205794,94.2092907092907,19509852206.93408,1142.624662521058,4199.7227096936185,17074594.0,48.5837852394685,27.965741255750487,16.734176851979,44.9514184172114,19.48975058704068,0
CMR,2006,29.5934,385.03515307330935,255.093799249214,85.5,11.18292205248727,76.2267920094007,20910512974.933037,1191.4545899096834,4241.517447228207,17550407.0,49.2044173412861,28.70456504628695,15.625081794524732,44.80396860654523,19.48975058704068,0
CMR,2007,30.401,352.80057887999743,263.32561694538293,80.8,25.176425710471108,73.37936296013733,23928250433.037815,1325.672482159333,4302.619263084698,18049896.0,49.7027028593758,27.125176889871057,15.857531905937613,44.65651879587908,19.48975058704068,0
CMR,2008,30.1899,345.8728651501605,276.8915954598177,80.8,24.150677697588453,74.49885583524028,27715142032.912952,1492.142698014529,4300.266403524642,18574056.0,50.0858325268669,27.600047099857928,16.00119188546647,44.50906898521293,19.595523682596095,0
CMR,2009,31.0696,363.5450921803692,274.3019321884606,79.2,29.322268326417703,69.45685630295694,27932970317.129013,1461.3899923233655,4286.57718166156,19113974.0,50.4714131335678,26.511253181163724,16.38719034539914,44.36161917454676,19.70129677815151,0
CMR,2010,30.5004,356.1376127188123,270.4383847400146,78.7,26.779661016949152,72.23885404305814,27507501821.02961,1398.5870202504714,4286.583029473781,19668066.0,50.8505075371362,25.84451173051411,17.269710876721714,44.2141693638806,20.519980537750417,0
CMR,2011,30.1934,363.1567069674057,238.72713656338897,78.6,24.696151249155974,74.12126330011823,30630910495.21702,1513.9605699487818,4307.851955585272,20232304.0,51.2229843034125,25.776759729944388,16.697390736319313,44.09570349685853,20.62575363330583,0
CMR,2012,30.9694,368.67461829540974,240.75508869037833,78.6,21.20991253644315,77.67870167760759,30155062329.282063,1449.0987436227924,4382.1112079735485,20809529.0,51.5887119982861,26.624872181085973,16.657240168221747,43.97723762983647,20.62575363330583,0
CMR,2013,32.8896,375.37161591555304,245.01952493498857,77.7,30.372807017543856,68.62564665308042,33728621180.323067,1575.9288211889684,4473.5723189643395,21402376.0,51.9475591877024,26.74194592947654,16.723661192250734,43.858771762814406,20.62575363330583,0
CMR,2014,35.2925,395.0645059753105,250.4091928279072,76.9,35.720473577822695,63.318444637178374,36386544706.08061,1649.443390594896,4588.486494990299,22059893.0,52.2993944376709,25.707802783902565,16.82583817800948,43.74030589579234,20.62575363330583,0
CMR,2015,38.5535,402.8199242001226,278.5170976550354,78.1,44.84658735128366,54.95736677115987,32210233020.456917,1415.0000971056854,4698.666778435867,22763414.0,52.6440863142742,25.09148800639777,17.209415904159307,43.62184002877028,20.62575363330583,0
CMR,2016,38.9792,399.88337314644,250.9149655790288,78.8,36.28400796284008,58.28858168283929,33814337044.376472,1441.7201725688024,4767.131861489534,23454161.0,52.9815033836792,24.182144570624462,17.192662389115068,43.50337416174821,20.62575363330583,0
CMR,2017,37.7546,392.8663723749346,263.5047096182659,79.2,36.38724035608308,63.128461918892185,36098547033.16547,1496.089517712422,4797.975441855437,24128601.0,53.3115142121504,24.26219528631094,16.692941822773058,43.38490829472615,20.670148082333775,0
CMR,2018,38.1696,392.3517177023611,275.33236102982045,78.7,40.81965304459192,59.50850221290472,39955552189.79499,1610.6964159101708,4851.480039499606,24806383.0,53.6339873660653,24.682231209563216,16.498800697859316,43.266442427704085,20.71454253136172,0
CMR,2019,38.8919,387.38570034475015,261.58453499055815,78.9,37.63998585406107,60.23815137939166,39667757527.65778,1555.2266047647745,4882.355600288962,25506095.0,53.9487914119331,23.826878053897016,16.80228356444006,43.147976560682025,20.758936980389667,0
CMR,2020,39.5947,386.8610608166221,259.7808104657673,78.9,41.8150289017341,59.05651872399446,40773241177.05051,1555.6037066074864,4763.481943880655,26210558.0,54.2557949164174,23.038065438078355,17.496865054091426,43.02951069365996,20.803331640963805,1
CMR,2021,39.8362,378.00303010563175,241.7542912965706,79.2,32.53901307465205,61.89666868564506,45011937346.83839,1672.3265734087215,4793.556282001956,26915758.0,54.5548664463635,24.492554235692392,16.95920354159572,42.9110448266379,20.84772608999175,1
CMR,2022,40.3485,374.1146205058516,222.9237161919085,79.2,28.574293162221775,61.89666868564506,44347206072.55133,1604.8772695489472,4843.6503820291655,27632771.0,54.8458745688318,27.130359337719614,16.54616441327453,42.79257895961583,20.892120539019697,0
CMR,2023,40.358,370.7182090681859,226.0977256049101,79.2,28.574293162221775,61.89666868564506,48814501547.431274,1720.4751015450624,4875.2512076800485,28372687.0,55.1286878511388,25.13087060190345,17.099637277351114,42.67411309259376,20.93651498804764,0
CMR,2024,40.6219,370.7182090681859,226.0977256049101,79.19999999999997,28.574293162221775,61.896668685645054,53296694320.20565,1830.0083368472697,4916.9335401949365,29123744.0,55.4031748609078,23.235095710510517,18.461947877535103,42.67411309259376,20.93651498804764,0
COD,2000,26.349,275.38799175224716,90.06593523386118,97.9,0.0501588363149974,,19088046305.7971,377.9254214813948,981.422080026496,50507442.0,34.9008752617485,22.40570630271374,31.972358265241464,63.47411834763239,11.292207935422686,0
COD,2001,24.3669,275.76206609152734,88.75436708123351,98.3,0.0838785438684784,,7438189100.333333,142.67814260441207,930.8578260745004,52132646.0,35.4153526820763,30.01626654754734,32.87090402004475,63.17725678745506,11.270152841798811,0
COD,2002,23.2355,276.77725912901053,83.25500231402395,98.3,0.131169044105591,,8728038525.140335,162.38052907429022,929.4528070921968,53750524.0,35.937064393184,32.61833688380493,26.58377932049918,62.88039522727774,11.270152841798811,0
COD,2003,24.5076,278.85230499161906,83.82139253117242,98.0,0.1138581652569941,97.29505530253742,8937567059.877542,161.4915535243958,953.0446432379748,55343867.0,36.4654627231369,28.85793840697879,26.05383880660671,62.58353366710042,11.270152841798811,0
COD,2004,25.0346,281.5702445198714,82.1085172480783,97.9,0.1131861912846632,97.40166949632145,10297483481.223013,180.6647649636327,987.7469208776712,56997741.0,37.0,31.782423494150255,23.87935949082438,62.28667210692309,11.270152841798811,0
COD,2005,25.6697,283.6373360096066,83.38476613235764,97.4,0.0947995666305525,97.32814192849403,12609728573.10316,214.5397404735186,1016.6338907666023,58775724.0,37.4018738621901,31.70600244697402,19.844651087233338,61.98981054674577,11.270152841798811,0
COD,2006,26.2362,285.45469355702136,94.99156558044136,97.3,0.6090295246921753,95.61842976300808,15484044534.578304,255.44522956875124,1036.1332961656271,60615908.0,37.8024827128113,29.2943469787201,20.385902753772346,61.69294898656845,11.286032509208002,0
COD,2007,27.0044,287.0413195899958,98.46705111925282,97.2,1.101544694859458,95.91276272474045,18374807772.54292,294.1016151244193,1091.0040733455046,62477752.0,38.201781337298,34.36336713553415,18.265259079812925,61.39608742639112,11.314263029046558,0
COD,2008,27.6823,288.8061860717697,94.9516532396684,97.0,1.281543136477738,95.6391861540494,22723488723.364056,352.9003633719953,1136.946721043798,64390664.0,38.5997245210844,32.95188917701361,18.232962559399564,61.0992258662138,11.33631812267043,0
COD,2009,27.6743,288.4163350522881,100.41853251798725,97.0,1.0930350788002037,97.0237671581088,18607259480.544655,280.1789910357925,1108.5750696779512,66412044.0,38.9962670496049,35.93145715505109,17.215053961648866,60.80236430603648,11.859906045301162,0
COD,2010,28.8028,289.7738415795899,98.55164235867144,96.8,1.0855844483716233,94.8008078767988,24161641931.033108,352.4003987546921,1158.0142243965784,68563038.0,39.391363708294,29.10297692164115,28.855850633420683,60.505502745859154,12.540085132661387,0
COD,2011,29.8786,297.445424445388,101.77939486242852,96.2,1.1112514206339184,90.82396767268594,26392379641.76496,372.5142738757892,1205.7398456543206,70849311.0,39.7849692825859,38.63642461917801,15.741544467002017,60.01968372995743,13.072495092741669,0
COD,2012,36.8022,355.43995640956456,105.93188814389832,95.5,0.1182343667892801,99.2926957435628,30029369928.731796,409.93142478378354,1267.2382781408733,73254618.0,40.1770385579151,39.17262607965976,15.323258069825416,59.53386471405571,13.62387243333848,0
COD,2013,38.7601,357.44161500333394,111.4931713071466,93.9,0.1078748651564185,99.9848975188781,34891189160.30018,460.37033493010705,1342.741561120161,75789395.0,40.5675263197158,39.98160417249091,13.673876120863405,59.048045698153985,13.863831851966212,0
COD,2014,40.7347,359.36809077092374,117.40585931382786,92.9,0.1242797424019884,98.51976954360596,38352980552.86655,489.17595209731945,1392.7584133467324,78403242.0,40.9563873534225,41.61983094773466,12.488689362081002,58.56222668225226,14.22509428552524,0
COD,2015,42.257,358.5432602336807,111.70408693934516,95.8,0.1786910877819968,97.91211613623672,40179574490.3032,495.8266330148833,1433.2157981470896,81035531.0,41.3435764444694,40.53763609859204,12.456053797914008,58.07640766635054,14.31375576189321,0
COD,2016,42.7513,355.06772234784324,106.8173289676554,97.0,0.1531896268738374,96.6408797461429,38600224214.47277,459.7650365903877,1388.8016321163311,83956415.0,41.7290483782911,38.65505245697698,12.289550901342135,57.59058688604133,14.411680377583204,0
COD,2017,44.4244,344.2710769454437,110.25063583302068,96.7,0.0735603194619588,96.32087094204479,37537521565.530785,431.05255912878806,1395.719617617117,87083398.0,42.1127579403217,39.29342473733114,12.25910598272406,57.10477051675085,14.684149004212523,0
COD,2018,45.1086,336.6430682177315,120.55840128365824,96.4,0.055263885051119,96.00086213794668,46659954092.48624,518.1696268753709,1431.7285269692966,90047644.0,42.4946599159958,38.21654670895925,12.302193665549312,56.61895414746036,14.82755122295494,0
COD,2019,46.7926,330.73190986828985,125.67317344785025,96.3,0.0423119235000423,96.00086213794668,46845900350.03317,504.00419142285995,1394.7646147289322,92947442.0,42.8747090907476,34.471251090816665,13.15121570410868,56.13330098586269,14.925519948832184,0
COD,2020,49.6278,370.5032665490658,130.45109137308242,96.2,0.0399616368286445,95.36084452975048,46691989748.91859,486.4255726822558,1361.027910990083,95989998.0,43.2528602500115,35.16168501610849,13.746106636895394,55.64720672239254,14.943428684854767,1
COD,2021,52.844,393.949173556287,133.6272588392581,96.3,0.0151664518085993,90.43255955090277,59067289573.5102,595.743074403567,1402.3856029522096,99148932.0,43.6290681792218,42.35293835975173,11.315706251900012,55.161553560794864,14.945053395381665,1
COD,2022,55.978,417.96890360564583,130.66793149578413,96.3,0.030188679245283,90.43255955090277,70422346142.20229,687.7385875546851,1484.338418814492,102396968.0,44.003287663813,41.957389153237806,10.337007473816184,54.675459297324714,15.303625857391763,0
COD,2023,57.201,409.4335715132776,128.52854309649393,96.3,0.030188679245283,90.43255955090277,69843655425.29286,660.2120523899703,1559.3380647585918,105789731.0,44.3754734892194,39.50096881505081,10.377395159527785,54.18985725943407,15.480763018019012,0
COD,2024,58.4917,409.4335715132776,128.52854309649393,96.29999999999995,0.030188679245283,90.43255955090277,70962185790.70935,649.3833385567245,1602.0749798949962,109276265.0,44.7455804408753,39.869084235537045,9.63547904603754,54.18985725943407,15.480763018019012,0
COG,2000,21.6697,225.6623037524352,95.8320970887034,64.9,0.334448160535117,28.60869565217391,3227927697.5792117,1024.3015910918073,7570.582792973423,3151345.0,58.8947380255871,72.1526717557252,5.3042529989094875,64.99267935578331,30.863666178623717,0
COG,2001,20.2091,243.30987413957337,104.50607586713303,61.2,0.0412979351032448,50.18858741055537,2796704604.038123,854.5983144080948,7567.439168171039,3272537.0,59.4417859130405,65.48845383976956,5.799931650637113,64.9575402635432,30.864989751098097,0
COG,2002,13.2454,239.2400085982832,114.00361289983708,68.6,0.1439393939393939,71.76847916893684,3034250923.977265,905.5381355447043,7729.388901418899,3350771.0,59.9716066874511,63.31892251413369,6.261580122571144,64.92240117130308,30.863335285505123,0
COG,2003,14.9718,274.5538382907495,113.47302026581708,62.1,14.320802005012531,93.34837092731829,3503723087.7448316,1016.8236341214334,7577.456304563524,3445753.0,60.4694583791889,61.1723594842012,6.2752239393641105,64.88726207906296,30.864313323572475,0
COG,2004,16.1617,283.3819600244394,122.84206044839034,63.1,14.44516129032258,77.49677419354839,4656974940.127209,1306.1013632459944,7577.445972741525,3565554.0,60.9205990186239,65.86448407850803,5.509406303444906,64.85212298682283,30.87344363103953,0
COG,2005,19.7678,293.7892800349557,114.97695185549804,63.1,18.060046189376443,89.17090069284065,6650001680.4854355,1799.0515836615414,7876.11806658285,3696393.0,61.310286636126,61.7104106958137,6.104237866518513,64.81698389458272,30.880392386530016,0
COG,2006,21.7643,369.7079830108519,122.73906690686346,69.3,17.927152317880797,88.67549668874172,8072305029.065143,2103.5821381210976,8192.57979719023,3837409.0,61.6237792620651,62.629188848754104,4.813146418494449,64.7818448023426,30.889519765739387,0
COG,2007,18.7086,316.0585933470429,122.0973613403577,60.2,17.734643734643736,89.38574938574939,8782703436.701883,2206.4710186341385,7375.824541001449,3980430.0,61.8502563370293,57.070417522857255,4.919811080624726,64.74670571010249,30.891423133235723,0
COG,2008,18.5281,327.7868403682859,132.00383029898745,56.8,18.70281995661605,87.85249457700651,11649857673.443577,2832.0917777764325,7587.28826163492,4113517.0,62.0354815675203,63.941978934289125,4.2481509716336365,64.71156661786237,30.893048316251832,0
COG,2009,20.2034,359.4053551695627,140.1470001884977,55.9,38.775510204081634,66.79035250463822,9723299915.25312,2271.1521917596647,8138.450338188224,4281219.0,62.2172294650265,55.697948129856435,5.279933275075861,64.67642752562226,30.93181551976574,0
COG,2010,22.0041,402.966040477004,134.2360088654032,54.5,45.28061224489796,58.756377551020414,13148396211.595518,2946.557980677078,8583.661798342875,4462290.0,62.3922871058739,66.17916978378054,4.0385345212259125,64.64128843338214,30.96750805270864,0
COG,2011,21.1253,456.0986241785604,140.78934009932047,64.3,38.82443928847641,63.57153905645785,15655383576.651531,3396.16505817952,8492.420983921034,4609724.0,62.5597508130231,65.87389519975255,3.9839361915251863,64.60614934114201,31.029619326500736,0
COG,2012,20.3596,602.5147160376398,204.2000232045481,65.1,42.048235294117646,59.90823529411765,17692911296.304386,3732.327373203891,9079.686564008907,4740450.0,62.7187169094345,65.31021911547012,3.7987749229843417,64.5710102489019,31.045411420204974,0
COG,2013,19.7788,493.8260776035943,198.06061190023095,62.3,42.57314148681055,59.07613908872902,17958720699.086823,3697.417058842495,8798.493825063139,4857099.0,62.8682817180686,61.98930812511496,4.260082188115642,64.53587115666178,31.129733528550513,0
COG,2014,20.2122,543.8435260094516,199.16075146506748,62.1,42.30211817168339,59.59141583054627,17919321078.02835,3601.236580871796,9159.256644140454,4975880.0,63.0075415618859,58.001415539826496,4.557654742876418,64.50073206442167,31.131525622254756,0
COG,2015,20.0504,572.2558354384776,297.1997894687696,64.2,60.32490974729242,40.78512098230408,12434793867.3568,2439.351894036956,8977.706816414171,5097581.0,63.135592763847,48.67895619360625,5.810588931164276,64.46559297218155,31.10814348462665,0
COG,2016,19.7518,583.8455657416224,304.25831435149513,67.7,61.80155773789367,39.4159891598916,10931328150.847849,2093.107285588428,8001.825519450503,5222536.0,63.2515316469123,38.447451410150265,6.7636503515412105,64.43045387994142,31.114076134699857,0
COG,2017,21.4216,552.5180282406166,306.29725859281547,69.8,59.37921727395412,41.6533918326021,11834473039.36448,2211.633098747971,7372.770467375988,5351011.0,63.3544545340423,45.967189508988696,7.309939719514512,64.39531478770132,31.11747584187409,0
COG,2018,25.1015,486.78124567493353,243.10985100083565,70.6,64.59948320413437,41.12137404580153,14773900288.513496,2694.4341319142677,7029.33651566257,5483118.0,63.4434577481975,54.39199183545597,6.7883925540022165,64.35139092240118,31.131762811127377,0
COG,2019,26.2687,553.0783531580292,265.6382501988281,69.8,76.77154582763337,35.9923205342237,13976637779.976324,2488.424667249158,6939.369133974658,5616661.0,63.5176376123385,50.12867157255785,7.346991708211902,64.30746705710102,31.208784773060028,0
COG,2020,25.1544,565.3874182277733,310.28417336906557,71.4,76.30208333333334,33.02757352941176,11468687464.00462,1993.5866719310015,6350.509134097218,5752791.0,63.5760904494257,33.95175979698286,10.69042430970294,64.26354319180088,31.164568081991217,1
COG,2021,23.298,581.8181544741855,321.6125500514835,71.4,75.65196197903973,31.70647058823529,14825690210.915745,2516.1625514543157,6263.211612926363,5892183.0,63.6179125824196,42.893702942357045,9.096748689380023,64.21961932650073,31.25212298682284,1
COG,2022,24.421,592.0466258375018,305.8770818199653,71.4,77.45860762018751,31.70647058823529,15817030154.69414,2620.8380426740187,6205.105041403403,6035104.0,63.6422003342807,49.245552363231155,8.041910694336302,64.17569546120059,31.189751098096636,0
COG,2023,24.4166,576.0492271681618,338.35337386996525,71.4,77.45860762018751,31.70647058823529,15321055822.5167,2477.978455448662,6172.287766506827,6182885.0,63.6626757615625,45.2236339577947,8.952115876306008,64.13177159590045,31.1900439238653,0
COG,2024,24.623,576.0492271681618,338.35337386996525,71.39999999999998,77.45860762018751,31.706470588235284,15719986076.64638,2482.248994845599,6181.4707163596695,6332961.0,63.8866111699904,40.12155723881402,9.44033974046224,64.13177159590045,31.1900439238653,0
COL,2000,153.0725,674.7893730143034,857.4330158756471,27.9,24.47195752475018,74.13816048781618,99875074951.0278,2555.0075103996796,10813.494225001054,39089934.0,74.3493570179247,27.30577228325765,8.3057195333068,56.54393871113113,40.43172600270392,0
COL,2001,153.8539,663.4577831162688,877.9815651069013,27.1,25.658258147670782,76.81060117842019,98200641203.38924,2472.9908403583336,10823.450487880727,39709262.0,74.7938371677676,27.222815041775327,8.320972676676215,56.37019287967553,37.62505633168094,0
COL,2002,152.6071,640.5343974672608,885.3387057256251,28.6,23.49271887764163,79.11010477712662,97945812802.88815,2428.9296977158447,10925.148560208228,40324680.0,75.192444355543,27.529012770918342,8.510005176848482,56.19644704821991,37.50067598017125,0
COL,2003,153.2679,644.2137900550961,888.2580291009482,30.6,21.20867080585215,82.04253765011708,94644969157.0987,2311.9421876029073,11183.29118197934,40937429.0,75.5341828570154,28.903780131818095,8.328774165121446,56.022701216764304,37.90085624155024,0
COL,2004,153.8665,638.2568746043869,924.0507904415866,29.0,18.346539033905803,82.29010980171338,117092416666.24509,2818.5719541304416,11607.938493510494,41543171.0,75.8080569479496,29.725892085442645,7.910983162313736,55.8489553853087,38.20730058584948,0
COL,2005,157.5663,659.0175127930736,920.577777143746,28.9,19.82758620689655,83.59198712855553,145600529605.80283,3456.066108745124,11999.254959130454,42128977.0,76.004938901378,30.348149770089773,7.527266701779512,55.67520955385308,38.35691753041911,0
COL,2006,156.4089,685.3914316494704,972.6855378045684,30.6,19.396712043442683,80.76616082719632,161792958904.86447,3789.8536121702714,12636.624657772409,42691084.0,76.1619191918164,30.913460026624456,7.186769530717707,55.50146372239747,38.01171698963497,0
COL,2007,161.2139,671.9740107635358,1000.2457709744804,31.0,18.46393395133256,81.56751520857473,206229540926.31177,4769.926147194003,13318.303313816765,43235374.0,76.3144038775849,30.579035066020076,6.934558675957862,55.32771789094186,38.247859396124376,0
COL,2008,162.342,698.4986350694493,999.8215673516518,30.8,15.987130217177588,83.93597283045848,242504150472.93127,5541.836296658978,13591.060902856674,43758808.0,76.4596761810047,32.13109112503515,6.687384850405201,55.15397205948626,38.40829202343398,0
COL,2009,167.7937,721.7237995544542,1077.2834855692058,31.4,27.11876268458255,73.1129715165512,232468663109.59467,5250.972924335177,13586.751843098158,44271541.0,76.5964145836792,31.247034335910556,6.689740696288085,54.980226228030645,38.341595313204145,0
COL,2010,173.7982,708.4621189194311,1132.3589963034633,30.6,29.299510135413747,68.5384551947088,286498534094.96326,6398.295844710204,14037.064266863892,44777319.0,76.7232975672119,31.3713561004301,6.32485387641069,54.80648039657504,38.30824695808923,0
COL,2011,177.2547,718.5391257998091,1175.9269533319484,29.6,18.108286297779276,79.75637995079357,334966134804.887,7400.994069566899,14852.369951306107,45259614.0,76.839003613206,33.30215517032485,6.09169610822215,54.68514105452907,37.60342496620099,0
COL,2012,175.2878,690.2239370748543,1205.556677219544,29.6,21.940855222776563,76.79469302318262,370691143018.0392,8108.598382442293,15279.479000805788,45715810.0,76.942211203265,33.40550061739786,5.582687053549325,54.5638017124831,38.411536728255975,0
COL,2013,185.4022,890.9950336505136,1460.20990308805,32.0,30.576613829542843,61.65828840150809,382093697077.68494,8279.102556429807,15912.24712932389,46151584.0,77.0315988189922,32.74755529041736,5.392714954494723,54.44246237043713,40.39260928346102,0
COL,2014,185.3514,896.8197379761775,1383.4297542926106,32.1,30.639351643403874,65.0719129896443,381240864422.4066,8187.208248900844,16480.363147416112,46565429.0,77.1058449419909,30.985852723085372,5.446957214744208,54.32112302839116,40.37854889589905,0
COL,2015,187.0444,899.7464054760321,1512.946365271065,31.1,36.36317369840704,58.84156954552394,293492370193.1661,6248.514905345122,16821.38014006306,46969940.0,77.1636280538646,28.58944788813608,5.980424808498158,54.19978368634519,40.36448850833709,0
COL,2016,190.7726,923.3806461332564,1478.4291385264894,30.5,34.09114583333333,63.01041666666667,282720100286.22815,5959.842503675744,17003.244366485014,47437512.0,77.2036266362166,27.689162311787,6.606412266057871,54.04190175754845,40.35042812077512,0
COL,2017,187.1258,870.7645988479564,1533.0635229071745,32.2,20.68491422805247,74.4765766902119,311866875156.8792,6479.532312924286,16986.033418284223,48131078.0,77.2245191706503,26.81485891462088,6.389663552681182,53.84386660657954,39.19513294276701,0
COL,2018,195.8783,829.434495650998,1466.900250721757,30.4,23.14445431011843,73.2358465790428,334198218098.27594,6816.968183095439,17104.131354567824,49024465.0,77.2804816598084,26.895466753594636,6.225709689600331,53.66424515547544,39.70076611086075,0
COL,2019,201.0933,899.5526474632326,1531.8190065176946,31.5,29.90735559286203,70.1969657402226,323031701192.83997,6472.545449247049,17336.77160305506,49907985.0,77.4595528518377,25.99342683676896,6.410720821683137,53.484632717440284,39.97656602073006,0
COL,2020,199.6455,814.0277172974334,1470.2746279048763,32.0,34.20910382280104,65.27714993274586,270348342541.4654,5339.687113579434,15861.499929129526,50629997.0,77.6382533537045,23.439238595813,7.508480466633483,53.30501126633619,39.8467278954484,1
COL,2021,212.6989,880.4662043073895,1514.1192868907433,29.7,21.740785685392723,75.12462226663811,318524633225.39514,6222.621643976142,17383.090172829532,51188173.0,77.8339570326128,24.555312023638436,7.771873013850016,53.12539585398828,38.76911518702118,1
COL,2022,209.7608,863.7632207081401,1528.0854608370212,29.7,24.18597078798028,75.12462226663811,345632492851.4475,6680.445068544809,18458.720946070363,51737944.0,78.0464633137335,26.123002231695235,8.831544736890406,52.945776385759345,37.6412798557909,0
COL,2023,215.4766,872.6333947037576,1552.832781663523,29.7,30.313994779822785,75.12462226663811,366291836137.9164,7000.836605010462,18382.997680047527,52321152.0,78.275571579544,24.692564885438372,8.807922946530335,52.7661596214511,36.48760703019378,0
COL,2024,217.5857,840.642725844963,1551.1938304398054,29.69999999999999,30.313994779822785,75.12462226663808,418818154879.2711,7919.2088682534495,18477.214666453576,52886363.0,78.5210811866115,23.060780674700123,9.282796359922107,52.7661596214511,36.48760703019378,0
CRI,2000,10.9881,729.7656437093572,1516.3524042604145,33.0,0.8527243821361469,98.59286023991906,15013629661.89688,3812.7538828492393,14018.74250103859,3937739.0,59.0462378975394,25.444990825397895,9.24882318534345,55.95808852330592,36.03603603603604,0
CRI,2001,11.1374,721.2240525066059,1495.1557104646183,32.1,1.4825796886582654,98.19709457178678,15976174336.972055,3985.129845062071,14250.46274917391,4008947.0,60.1427600448608,25.21660206548265,8.379536270073837,55.98546807677243,35.89894242068155,0
CRI,2002,11.1518,749.3717083386776,1568.0722721590498,32.5,1.621262458471761,97.80132890365448,16578820687.28809,4067.718514290924,14495.99251054566,4075705.0,61.2787633575946,24.569597934029037,8.427750290184372,56.01284763023894,35.76184880532707,0
CRI,2003,11.5841,788.0594663978961,1653.625799268577,33.3,2.1065342814973835,99.19388165839258,17271760506.948277,4173.148564155143,14891.339821688844,4138784.0,62.4518059303802,24.17923749896411,8.840078008715135,56.04022718370545,35.82060321190756,0
CRI,2004,11.8563,921.9166660585114,1689.4924332357637,39.2,0.8034083992696287,96.23481436396834,18610594846.208298,4431.011720784304,15323.28922014694,4200078.0,63.6596013546005,24.669061923754334,8.852408768002377,56.06760673717195,35.68350959655307,0
CRI,2005,12.2624,908.9197181363968,1730.9515540077537,41.7,3.280871670702179,95.58438256658596,20040642476.98167,4703.007217847779,15703.962472050594,4261240.0,64.8998632216384,24.269534112299493,8.622236946267266,56.09498629063846,35.350567959263614,0
CRI,2006,12.8317,974.3438387417374,1832.99624653464,42.4,6.128550074738415,92.7713004484305,22715540324.303177,5256.596408591589,16620.135643206435,4321340.0,66.1703051228767,23.71986793683656,8.429828197066335,56.12236584410498,35.54641598119859,0
CRI,2007,13.9419,1014.8303820499958,1896.0113673928963,41.2,7.9779005524861875,91.8558011049724,26884700709.314575,6137.711999255424,17743.622738235626,4380248.0,67.4686406496983,23.89379475650056,7.915311043429034,56.14974539757148,35.25264394829612,0
CRI,2008,14.1231,1006.227857210819,1898.8499244153677,40.7,7.145872915347266,92.720920413764,30801745700.451355,6937.242615960555,18334.013598861584,4440056.0,68.7925833934861,23.553602438242464,6.9769604693420515,56.177124951038,35.11555033294164,0
CRI,2009,13.9482,1002.153696048592,1853.6416469120456,40.7,4.844253490870033,95.06208378088076,30745714312.641663,6832.69829924138,17932.614780727497,4499791.0,70.1398469456228,23.522738144658877,7.049629700662079,56.204504504504506,35.566000783392084,0
CRI,2010,14.1068,998.6945305412708,1896.85515375238,40.4,6.688928310549932,92.51059167275385,37658616951.80379,8265.788202755815,18660.91982227827,4555962.0,71.5081448974915,23.32296521143452,6.485189408359466,56.231884057971016,35.62475518997258,0
CRI,2011,14.5276,992.8421973084796,1894.8625687741833,38.0,8.777461350691619,90.52695280716028,42762613698.96356,9276.391075113472,19254.914215309895,4609833.0,72.8426586679914,22.589870674582784,5.59987212230861,56.5524089306698,35.62475518997258,0
CRI,2012,14.1283,1017.6546246179064,1952.857823459766,38.1,8.15804993119717,90.94200904265776,47231655431.73545,10126.999102417712,19960.79332530347,4663934.0,73.3895020668217,22.20487738107092,5.13084191429059,56.87293380336859,35.487661574618095,0
CRI,2013,14.4725,1060.106448455801,1950.5329244402265,37.8,11.685393258426966,87.46634098680997,50949668841.66961,10803.240196217295,20232.26707994459,4716147.0,73.9431776192863,21.34497247931346,4.783350932948526,57.193458676067365,35.27222875048962,0
CRI,2014,14.6924,1064.1178340004683,1954.010378176001,37.6,10.208476069296273,88.98913575413526,52016408854.26584,10911.497878334028,20724.921769342283,4767119.0,74.4866963181212,20.61640541919747,4.887883789831394,57.51398354876616,34.95887191539365,0
CRI,2015,14.4908,1024.4514452077672,1981.0968697216583,38.3,0.9988901220865706,98.38938216796151,56441920820.519424,11714.710598073205,21254.7840932049,4818038.0,75.0198195767549,19.967878467777332,4.749110429048406,57.83450842146494,34.45336662749706,0
CRI,2016,15.1719,1001.1509350813336,2068.2153557490674,34.1,1.765459202341749,97.21880717160629,58847019609.6549,12091.030160615412,21925.60008039991,4866998.0,75.5423088085047,19.650011282472807,4.9143557868633,58.1551116333725,34.13107716412064,0
CRI,2017,15.5189,972.7527405416638,2065.465990742853,33.3,0.3257902615127234,98.7375187109272,60516044656.5206,12317.090277130375,22622.553450251748,4913177.0,76.0539254265608,19.31453970596323,4.6997763315990095,58.475714845280066,33.80878770074422,0
CRI,2018,15.9983,950.3072263411848,2066.0298542625,33.1,1.3714087318809132,97.70384515233052,62420164991.537445,12590.24937816141,23005.312147179404,4957818.0,76.5544308439668,19.55814326472956,4.4838283372217305,58.79612220916569,33.71964943204074,0
CRI,2019,15.8529,996.6736062986472,2090.186862705526,33.4,0.8267339657122965,98.33226002958835,64417670521.35451,12884.685995198872,23364.783127574017,4999553.0,77.0435864735963,19.23365693127529,4.202051163024645,59.11672542107325,33.630513121817465,0
CRI,2020,14.3477,948.9796592414148,2022.318803731189,36.4,0.1960951487765367,98.94193878421008,62395610760.04924,12394.049396949187,22211.861392169765,5034320.0,77.5211537281257,20.36785112789512,4.344225560354967,59.437328632980815,33.541374853113986,1
CRI,2021,15.4278,996.5939475541068,2111.269829098409,34.2,0.0157022846824212,99.36680537018135,64960725734.19655,12838.11853589308,23852.925302000167,5059988.0,77.9868940200009,20.60579236038322,4.366713259371273,59.75793184488837,33.34268703486095,1
CRI,2022,15.685,1009.2152295008387,2142.9562366618684,34.2,0.7259528130671506,99.36680537018135,69243626028.59358,13625.900849132848,24831.71934803417,5081765.0,78.4405687613972,20.64643811161675,4.140073620900854,60.07853505679592,33.14399921660792,0
CRI,2023,16.7267,1025.1493570508535,2206.0414942635675,34.2,5.061605061605062,99.36680537018135,86497941439.01744,16942.026811937547,25979.628615071662,5105525.0,78.8819393641702,20.45925383523704,3.800476572888392,60.39913826870349,33.14399921660792,0
CRI,2024,17.0769,1024.257149797698,2282.3012489497864,34.199999999999996,5.061605061605062,99.36680537018132,95350423176.59622,18587.15322034816,26973.436158071898,5129910.0,79.3107672397967,19.706922545250578,3.562426141678225,60.39913826870349,33.14399921660792,0
CYP,2000,8.3371,2264.9186370771904,3357.7195365038565,3.1,100.0,0.0,9985847313.854856,14388.3525390625,36121.81640625,947667.0,68.7726966799379,17.68603897844489,3.6472636485340617,18.57251082251082,15.313852813852812,0
CYP,2001,8.2625,2202.3199603670573,3441.4553269434423,3.0,100.0,0.0,10397898907.103825,14821.44921875,37146.99609375,964127.0,68.8024068077544,17.393804076117732,3.860796453115572,18.58582251082251,15.151515151515152,0
CYP,2002,8.4896,2193.9148171023294,3686.419954352788,3.2,100.0,0.0,11420228846.153845,16093.2158203125,38090.93359375,981440.0,68.7863589370716,17.93018596050631,3.78826774823824,18.5991341991342,15.151515151515152,0
CYP,2003,9.1693,2345.2818101203893,3894.5967846817193,3.2,100.0,0.0,14547329558.323896,20252.24609375,38617.97265625,999590.0,68.7120973207373,18.01293423302483,3.352901592272095,18.612445887445887,16.666666666666664,0
CYP,2004,9.1238,2162.8532805940417,3917.966351467518,3.3,100.0,0.0192811235420138,17320551250.0,23792.619140625,40020.08984375,1017875.0,68.5908141437316,18.067453251523965,3.083331426879384,18.625757575757575,16.883116883116884,0
CYP,2005,9.2335,2161.5400238630564,4065.044573619096,3.4,100.0,0.0212522851919561,18433412510.88173,24959.26171875,41362.265625,1036151.0,68.4340674211981,17.891135300328077,2.738527814867146,18.639069264069263,18.073593073593074,0
CYP,2006,9.3521,2209.3321321967755,4202.3182457052135,3.5,99.97850386930352,0.0292347377472055,20072754986.827248,26729.28125,42595.37890625,1054418.0,68.2534151682801,17.83015780069404,2.275975995739498,18.652380952380952,16.99134199134199,0
CYP,2007,9.6652,2293.754586849039,4340.392686214592,4.3,99.93841100390064,0.063641962636009,23968727073.638103,31244.87890625,43823.94140625,1072714.0,68.0604154001212,18.197119250195527,2.0235328085140596,18.66569264069264,15.930735930735931,0
CYP,2008,9.8767,2399.21662682596,4514.099572329165,5.7,99.72430090586846,0.2938164631744782,27844646257.50696,35397.296875,44295.8125,1091026.0,67.8666261318649,17.89662979745959,2.0933120948744683,18.67900432900433,12.51082251082251,0
CYP,2009,9.6837,2311.5521941182437,4530.495208546104,6.3,99.40556088207096,0.5982742090124641,26048179949.17415,32236.44921875,42253.5625,1109371.0,67.6836053786548,15.954500911383612,1.988819440023162,18.692316017316017,13.80952380952381,0
CYP,2010,9.3535,2192.467489391461,4523.787568184881,6.5,98.6283352123262,1.3739195791055994,25799940077.607452,31105.02734375,42102.45703125,1127816.0,67.5229111556342,14.479115212597916,2.0576608949728348,18.705627705627705,12.391774891774892,0
CYP,2011,9.1367,2093.4402966528537,4159.641620140725,7.6,96.3887198214648,3.623655913978495,27641549301.656147,32485.798828125,41212.859375,1146493.0,67.3979892758544,12.745363649529793,2.145318609919712,18.702813852813858,12.586580086580089,0
CYP,2012,8.604,1936.1651609105309,3929.9912390369977,8.6,94.55162179351284,5.449014203943184,25047436974.68195,28991.935546875,39190.3828125,1165397.0,67.3010289148738,11.757985433671127,2.001280098681882,18.7,12.651515151515152,0
CYP,2013,7.9246,1646.326789824309,3466.523635964338,9.7,92.3776223776224,7.625874125874126,23959712860.83313,27764.73046875,36650.72265625,1183895.0,67.2102333625375,10.749278312067853,2.036335666732778,18.697186147186144,11.778138528138529,0
CYP,2014,8.3397,1659.5781329753763,3475.617011468621,9.5,92.71264367816092,7.297471264367816,23225918259.98236,26993.103515625,36105.05078125,1201801.0,67.1230558819804,9.972876768759969,1.844876212327328,18.694372294372293,11.794372294372296,0
CYP,2015,8.4065,1677.4024820510504,3541.609607856322,10.4,91.1998235553595,8.811645346272606,19909278416.857506,23088.44140625,37258.65234375,1219502.0,67.0402477918073,10.190946321066257,1.8679845184110944,18.69155844155844,13.70995670995671,0
CYP,2016,8.8287,1761.8744291976636,3737.737569435912,10.3,91.32392060568856,8.689175363208513,21046462280.59786,24280.056640625,39501.015625,1237112.0,66.9625604106231,10.836514879496049,2.14376219902412,18.68073593073593,11.83874458874459,0
CYP,2017,9.0329,1794.0173221321795,3807.7774012875966,10.9,91.30695443645084,8.697242206235012,22946570628.7576,26247.44921875,41418.16015625,1254275.0,66.8907450570326,11.347232400712825,1.852632982287408,18.67857142857143,13.140692640692642,0
CYP,2018,8.9344,1773.614563640171,3857.603894432916,12.0,90.57312252964428,9.435375494071147,25754001367.544785,29120.375,43510.2109375,1270737.0,66.8255530496405,12.022427028723172,1.718138098614564,18.676406926406926,14.334080086580087,0
CYP,2019,8.9769,1758.0545712074495,3853.3548980275455,12.0,89.98249367827272,10.01283796926668,26196667099.53027,29227.173828125,45454.36328125,1286671.0,66.7677357070518,12.789011888198608,1.748205428742045,18.674242424242426,13.563679653679651,0
CYP,2020,8.6129,1638.5719113811897,3540.035031756648,15.0,87.68818313054238,12.30480511445659,25555093854.29683,28130.341796875,43402.5390625,1302247.0,66.7180443478713,12.823484495458452,1.8253356919424548,18.67207792207792,13.814718614718617,1
CYP,2021,8.7563,1666.2166099508468,3716.6678433078346,15.6,84.86032428208634,15.13498730220746,30372642502.48967,32937.83984375,47632.76953125,1317309.0,66.6718365394971,11.480447713808086,1.502502717399029,18.66991341991342,13.16085497835498,1
CYP,2022,9.0554,1682.7049254504457,3848.667162396629,15.6,83.21625213594076,15.13498730220746,31218038929.091934,33231.04296875,50623.796875,1331370.0,66.6694829407584,10.375046731534969,1.1860761260119994,18.66774891774892,13.316049783549785,0
CYP,2023,9.1078,1672.7857541413823,3841.704238588644,15.6,79.48958528804654,15.13498730220746,35075423857.09961,36623.69140625,51453.7265625,1344976.0,66.6739477522639,11.333679930935316,1.154959184356066,18.665584415584416,13.960638528138528,0
CYP,2024,9.3432,1672.7857541413823,3841.704238588644,15.599999999999994,79.48958528804654,15.134987302207458,37634533331.89016,38674.29296875,52635.58203125,1358282.0,66.6824259192483,11.135792868881367,1.155128121465271,18.665584415584416,13.960638528138528,0
CZE,2000,158.1381,4021.6184818449574,5703.8167391073075,5.9,77.62910734217189,3.864290964527809,62175642238.08475,6062.9215284279335,29427.407001151365,10255063.0,74.0038256456769,33.30541317664708,3.2302371129724547,34.130839911996894,55.39019024200854,0
CZE,2001,158.1937,4141.002674659146,5892.172595495274,6.3,76.22945329350142,4.005626481975163,68135304463.96412,6669.0749484749695,30399.87307642828,10216605.0,73.9131752504002,33.74065336355435,3.187715264931659,34.15683965316423,55.36430697554031,0
CZE,2002,152.4268,4201.384759739454,5894.2331191117,7.3,71.05883585686593,4.389296379734898,82607869609.57402,8101.260185881106,30919.54966187016,10196916.0,73.8360067578753,33.061018330420865,2.646252531923123,34.182839394331566,47.26362106897891,0
CZE,2003,155.5017,4387.209168610707,6074.849141622355,6.7,66.1540125199755,2.7515950352649985,100435924704.88142,9852.456779458013,31949.296314503423,10193998.0,73.7649150201353,32.21004398917548,2.4310346227247877,34.2088391354989,47.47534618868901,0
CZE,2004,156.295,4486.669989574125,6230.398227888495,7.1,64.88088885726822,3.894987727224218,120147899983.65746,11782.554667611654,33452.34080006141,10197101.0,73.6991647167017,33.452415767071265,2.4080430678769873,34.239269997411334,47.00220036241263,0
CZE,2005,153.1457,4431.368958970753,6357.421094608125,7.5,65.46901111676233,4.577114970088886,137264185596.09976,13442.49162843091,35535.747996151054,10211216.0,73.6375545423198,33.531742351283704,2.281257706797612,34.265273103805335,46.66696867719389,0
CZE,2006,154.8529,4519.456975886366,6528.530150440892,7.9,64.10545157122367,5.010952928485912,156236258386.58853,15259.078816200416,37786.87817409053,10238905.0,73.578883191735,34.276816499218754,2.162933410985958,34.295715210355986,46.16116504854369,0
CZE,2007,156.691,4485.479791168937,6518.217412699775,8.3,65.9561441302524,4.359101113403932,190040702286.91663,18452.65328121963,39629.00613247275,10298828.0,73.5219493596925,34.14761959213604,2.0887153003309367,34.321721682847894,46.55922330097088,0
CZE,2008,150.3402,4360.027704327966,6501.548494439316,9.0,63.36270278671082,4.881155331332863,236506264753.94952,22774.70450762051,40328.34266300954,10384603.0,73.4655517409377,33.6216094655094,1.920365844355656,34.352175038839974,46.240419471776285,0
CZE,2009,143.2321,4077.6966305480423,6133.128353141958,10.2,60.546328405426785,6.336423921640202,206971882704.7159,19817.42158365543,38175.142277333376,10443936.0,73.4084890302159,32.99187303019512,1.7588623002632109,34.3781848783014,45.907172449508025,0
CZE,2010,145.0687,4308.57118358445,6347.756102730368,10.9,59.718519725737174,7.559421673282656,211168667286.26968,20160.435507705897,39097.38862187557,10474410.0,73.3495599222723,32.7825374564339,1.5225819697333367,34.40864948854072,45.628900686261815,0
CZE,2011,142.5796,4144.3989527727945,6290.7246966679395,12.2,58.4084959475062,9.086994295643429,231429378717.31192,22049.10807886823,39708.16262801955,10496088.0,73.2878338394746,33.315304778218255,1.9639323086765372,34.43716172471837,45.37148776382235,0
CZE,2012,138.2693,4109.544623242108,6289.825165294505,12.8,55.09048479718136,10.06153194994166,210363223087.72824,20014.035401516467,39347.0492956846,10510785.0,73.2249239592898,32.611877565628866,2.231626661512544,34.46567396089603,45.65440890845526,0
CZE,2013,133.7778,4110.991728216342,6270.33426565339,13.9,52.71363317340329,11.751613682648166,213024360541.11865,20260.49549993748,39317.55356923765,10514272.0,73.1622186934979,32.37506449371325,2.347583155813213,34.4986531986532,45.5969955969956,0
CZE,2014,131.9113,3984.1540610018938,6270.672121308685,14.8,52.748757951432424,11.866973116032874,210911285077.68277,20038.41631802569,40158.01642757353,10525347.0,73.0995921041469,33.52560569448407,2.3926956451029704,34.527169127169124,45.53224553224553,0
CZE,2015,133.526,3982.1883631564738,6382.478990493037,14.8,55.06484527726124,12.751192008773184,189107698561.9188,17931.59876707676,42066.57598008014,10546059.0,73.0370442874355,33.51506176194099,2.258925713479884,34.560160600958426,45.2532055433234,0
CZE,2016,134.6853,3927.72515918366,6459.66831252321,14.8,58.14857938518048,12.70746257907309,198160659303.93896,18753.96867180957,43069.46597447271,10566332.0,72.9745753395623,33.02612207646865,2.1480973687959812,34.57907006864396,45.17549540214998,0
CZE,2017,135.4786,4089.5134128555287,6573.7323678707635,14.5,54.81873736445506,12.402602922256936,221563575696.2173,20913.197632212043,45177.52260536337,10594438.0,72.9121853567256,32.23450691825065,2.105459687558888,34.602512627897944,45.60290117860381,0
CZE,2018,133.859,4081.418686701538,6572.104721687673,14.7,53.871667594306935,11.90614173586106,251992360762.236,23705.932981129885,46301.082036028994,10629928.0,72.8498744351241,31.244940212094257,1.9685622468279824,34.625955187151924,45.62880455899495,0
CZE,2019,128.1939,4002.2461173426022,6525.473042681367,15.9,52.11351755041076,12.917826161888897,256794209028.76953,24062.719001334302,47763.61655202543,10671870.0,72.7876426709563,30.817292760290645,1.8915177090881117,34.65141732130483,45.6399997409511,0
CZE,2020,118.2477,3764.471611585525,6286.679071642192,17.0,48.60286541386586,14.33772876698886,251109660602.53552,23472.891545441667,45119.93873091392,10697858.0,72.7254901604208,29.672849010640807,1.9439913882530089,34.67799192549392,45.64686659188977,1
CZE,2021,123.5249,4056.317000667881,6690.607791602559,17.2,49.62653649355996,14.02348997235782,290972714482.31274,27696.461952754424,47796.0337408466,10505772.0,72.6810594374316,28.51640559913947,1.7588666649227818,34.70669802089294,45.73056051142403,1
CZE,2022,121.9162,3895.629289153953,6363.029344315721,17.2,49.305833824396,14.02348997235782,301831228325.55554,28282.22367158567,48390.66167867495,10672118.0,72.6967638379524,29.218573046432617,2.076349755002644,34.73694317854479,45.74762027493747,0
CZE,2023,108.8331,3509.348048856558,5965.367217836602,17.2,44.341852371305386,14.02348997235782,345059295659.9111,31761.594410249065,47558.410676331405,10864042.0,72.7352388396817,30.02372822274633,2.1412191541263934,34.76238837404077,45.801959404830875,0
CZE,2024,100.3792,3416.31765167586,5876.922095018922,17.199999999999996,44.341852371305386,14.023489972357817,347034062928.47906,31823.307829056383,47963.89684857818,10905028.0,72.7947984592185,29.209838064438618,1.8992353511814275,34.76238837404077,45.801959404830875,0
DEU,2000,1033.125,4094.279015184687,6635.421405966668,3.7,62.69124766062548,6.886736982323955,1966980701145.1023,23925.85599019911,49875.87641720588,82211508.0,80.0942160905637,27.253646121916177,0.9961684024679996,32.53761283851554,48.91245164063619,0
DEU,2001,1041.6524,4210.000801032509,6762.6533964663595,3.9,62.21542753655317,7.23304331811066,1966381496641.7344,23878.364147165095,50606.711461645726,82349925.0,80.1070808273695,26.578548232089744,1.0833375084831454,32.55803955288048,48.82201203783319,0
DEU,2002,1021.9461,4108.617295155827,6900.78052702986,4.4,62.28562078357713,8.38887051853266,2102350798305.886,25486.59420087475,50406.38006834425,82488495.0,80.1213973750556,25.798386226252155,0.9013385146804836,32.577538267499854,48.63555581035372,0
DEU,2003,1024.3756,4096.4779432313235,7015.505915997755,5.4,63.793873183029795,8.411242564701867,2534715518349.014,30711.102251133085,50111.57525913194,82534176.0,80.1373116303862,25.620735359088904,0.829342960804352,32.59797597545942,48.74000172013417,0
DEU,2004,1007.1599,4131.610836969999,7116.233818643744,6.3,61.98968076379822,10.301600630350332,2852317768061.7837,34566.73591437353,50704.92198873981,82516260.0,80.1549694901257,25.838624707811466,0.9488713672679064,32.617484301975516,48.779998279668554,0
DEU,2005,980.8167,4109.880586404498,7144.708738227849,7.3,61.579582548297736,11.262947069075642,2893393187361.866,35084.43635462689,51182.9591615718,82469422.0,80.1745168510383,25.687080504448108,0.7260578490009503,32.63418970065374,48.833008372519785,0
DEU,2006,987.4569,4235.938765780041,7219.9881492831,8.6,60.32253629822188,12.38388786997316,3046308753670.584,36980.33499489538,53222.04092822262,82376451.0,80.1960996098884,26.260046657708823,0.7165997576437033,32.65370497820601,48.59486120669879,0
DEU,2007,959.3779,4023.739358570778,7238.498374524162,10.5,62.03941049532862,15.012504833539149,3484056680854.913,42350.92172114887,54832.961032844614,82266372.0,80.2198636634402,26.459708443801087,0.822076767549622,32.67416181489661,48.613301976080535,0
DEU,2008,958.308,4081.8799869401687,7197.689706784782,10.2,60.10423863223444,15.643436506290342,3808197720124.999,46379.164795347875,55425.11092512446,82110097.0,80.2459549084581,26.04326299202867,0.8370280541308781,32.693686716576316,48.53569687060781,0
DEU,2009,892.9403,3821.625005772389,6827.561035612831,10.7,59.0877312986928,17.031731741297538,3478545516683.5913,42471.88686252258,52484.85500553883,81902307.0,80.2745192417062,23.83809749114865,0.6704170459147464,32.71133931900978,48.43808267117983,0
DEU,2010,939.3062,4029.830857543552,7265.997879842151,11.6,58.843505180692446,17.623831185241347,3467093769666.6733,42396.96659762935,54738.70830067113,81776930.0,80.305702559949,26.037143534486056,0.7759840321803568,32.73087184783544,47.91003241816565,0
DEU,2011,910.5429,3891.8717535630744,7281.957319131416,12.5,59.820460168677414,21.18302526572971,3823575803793.7817,47630.976188357236,57858.42226023549,80274983.0,80.3405762928198,26.279528633992378,0.9246389579563946,32.73754877209089,47.965916915308696,0
DEU,2012,921.4354,3913.4392039712666,7251.526664514207,13.6,59.10150020531135,23.736061905353058,3596483233406.251,44718.01592140687,58017.585578314734,80425823.0,80.393447520218,26.54504015318225,0.9114129347546512,32.74516554771332,47.8108681930338,0
DEU,2013,938.5372,3986.1850518639303,7217.1818910652355,13.6,58.70430764943221,24.756967657792927,3807023797050.991,47206.83535142419,58089.170853829615,80645605.0,80.4732318400362,25.877940889174177,0.9271301387067064,32.71898647099289,47.85886264618207,0
DEU,2014,899.2232,3794.447202531016,7035.618806532276,14.0,56.20175659359739,26.820865044297125,3964870735760.7705,48959.59912031329,59108.69772893145,80982500.0,80.57574023743,25.985953954973574,0.9156064560876804,32.722843221553454,47.936371453138435,0
DEU,2015,904.2443,3780.8502755189097,7032.021441065783,14.6,54.43947253547306,30.032900977774485,3425099578746.092,41929.75491107217,59573.70895396858,81686611.0,80.6974371632814,25.873703851274527,0.708512712866412,32.73232815456057,47.95906667431061,0
DEU,2016,906.921,3765.2179993624186,6972.365272837622,14.2,55.55178038554905,30.019263616363467,3536787895178.997,42948.938193269365,60407.97137037545,82348669.0,80.8347870684725,26.173240569477436,0.7305310136109989,32.68548202427296,47.68433707350584,0
DEU,2017,890.4565,3763.194041824648,6947.263826481391,15.2,52.939700760107876,34.0095116739047,3765351626105.8887,45553.93414953386,61866.48722052755,82657002.0,80.9842544038853,25.975470356513885,0.8600076205105741,32.684546469359134,47.76311646678307,0
DEU,2018,859.3059,3659.229244851981,6815.821362133705,16.0,51.147754454555105,35.6372215317549,4055433215301.958,48916.16866121543,62381.34787722414,82905782.0,81.1423036204018,25.85064778117838,0.7424512890102882,32.68361096800046,47.64153643597229,0
DEU,2019,806.0433,3570.8815928248773,6580.29256436905,17.1,45.695869451671314,40.57754190441197,3959894794039.2095,47656.199739747026,62849.374186591194,83092962.0,81.3053991689039,25.541574316989323,0.8331260177311381,32.68267552019233,47.700277626720855,0
DEU,2020,747.0268,3349.199313837622,6367.10502947955,18.5,42.518532935276355,44.83962451039339,3941398957073.941,47394.87345044692,60203.28976026304,83160871.0,81.4700055002738,25.235342189456112,0.7286595261278805,32.68267552019233,47.49706631557858,1
DEU,2021,773.6886,3467.030570279106,6582.54587433797,17.6,46.63418797939943,39.83056651580046,4355251953410.782,52349.24599944222,62530.765319923936,83196078.0,81.6325870653934,25.157046877800525,0.7538956207194338,32.68267552019233,47.485617791007186,1
DEU,2022,758.3872,3261.8564081995037,6316.275711649211,17.6,48.07642814824795,39.83056651580046,4201021706478.616,50506.51796385433,63676.08782180801,83177813.0,81.7867852780995,25.560348825259,0.9946382780324812,32.68548202427296,47.50114495076711,0
DEU,2023,685.6584,2928.1965871386737,5947.271199526487,17.6,43.201251853458125,39.83056651580046,4562207532490.276,54776.76682354909,63039.371969643165,83287273.0,81.9034366692129,26.795850506362413,0.9291566630562816,32.67893426437341,47.46587299316029,0
DEU,2024,674.3583,2824.590061170527,6109.085412523952,17.599999999999998,43.201251853458125,39.83056651580045,4685592577804.687,56103.73231825545,62554.55472324357,83516593.0,82.0211432579125,25.622954190026725,0.914397651173374,32.67893426437341,47.46587299316029,0
DNK,2000,69.5235,3491.171686082314,6482.488628395749,10.7,82.89462735417302,15.455024547194409,164043817223.58997,30722.025183756657,57907.50206039032,5339616.0,85.0999984741211,23.679757786621717,2.1495301259157795,14.29,66.175,0
DNK,2001,71.1002,3586.448229498769,6490.092993129224,11.1,82.89644570489544,15.494712290280685,164881594415.34097,30768.477547111157,58248.553927359026,5358783.0,85.188307882087,22.897634785322357,2.3098141092311355,14.327225000000002,66.9,0
DNK,2002,70.2651,3536.239745863721,6533.752014302267,11.9,81.1006185252119,17.28052536462443,178788209558.31128,33257.16225865088,58327.82816083424,5375931.0,85.3000030517578,22.65510340705122,1.754845457957903,14.364449999999998,66.625,0
DNK,2003,75.7686,3729.383143909851,6602.636379725053,12.7,81.02022257827048,17.49014852985753,218421193436.2524,40519.09749059236,58425.96589390964,5390574.0,85.4199981689453,22.16953278514684,1.5870035716672073,14.401675,66.45,0
DNK,2004,69.6877,3598.353129216639,6614.459777486376,14.4,74.82562453623547,23.544397724462033,251986155630.8524,46625.05009801095,59893.09298987838,5404523.0,85.7130276911593,22.137099473638305,1.596823347038102,14.438900000000002,66.14999999999999,0
DNK,2005,65.9709,3484.593590062741,6659.000426612974,16.1,70.67814379517739,27.07057330464051,265150087711.98453,48925.80766987841,61137.680358296115,5419432.0,86.0059706832865,22.11186318862644,1.1305638879059134,14.476125,67.675,0
DNK,2006,73.1747,3729.697179998628,6824.745938772237,15.3,78.02065291267456,20.17276534169389,283386151543.6874,52119.17879842821,63262.740457223226,5437272.0,86.2501288149818,22.685531095204944,1.1468087165890457,14.51335,67.75,0
DNK,2007,68.6771,3626.532245999771,6668.390266446309,17.7,71.76721945264015,26.210703021670568,320213157595.0181,58631.656643363545,63604.56266581932,5461438.0,86.4251464366349,22.058308049512405,1.1703836697596852,14.550574999999998,66.57499999999999,0
DNK,2008,64.9763,3502.6945532384925,6534.123850189156,18.5,70.09230937295172,27.57264583788508,354979471960.142,64616.665758366296,62968.161229059595,5493621.0,86.583137512207,22.608994359785363,0.8416828503505009,14.5878,66.7,0
DNK,2009,62.7426,3359.2667245492244,6219.70109150757,19.3,70.16463733062145,27.659071544402607,322619152194.5942,58412.747235851304,59516.50932736592,5523095.0,86.7617653139929,19.84596016719148,0.8069459312389112,14.625025,65.85,0
DNK,2010,63.1292,3498.022255654983,6327.506456298963,21.2,66.09541454377026,31.983377077865267,322345594075.47015,58104.54455949811,60190.634606049905,5547683.0,86.8652420043945,19.367935464412135,1.1884393485633966,14.662249999999998,65.64999999999999,0
DNK,2011,57.817,3218.5531740098145,6165.973619944236,23.8,57.537823951857845,40.25393851656306,344315595263.17456,61809.73789822204,60729.05572551274,5570572.0,87.1567653955846,19.845923793888353,1.2683280740331475,14.8532,67.25,0
DNK,2012,52.9598,3072.087220811929,6038.373466352575,26.9,49.296416938110745,48.33042345276873,326792574244.9627,58443.77471039677,60497.69191469948,5591572.0,87.2336196899414,19.85064215457936,1.6175821991743298,15.04415,65.60000000000001,0
DNK,2013,54.5542,3075.551428471761,6039.253903698211,27.0,51.983190374762536,45.9608542973922,344631016965.12024,61377.594059041185,61085.03128211033,5614932.0,87.5436524760432,19.734359858156004,1.2566404150844557,15.2351,65.7,0
DNK,2014,50.385,2881.052507159348,5858.978732075539,30.2,41.86863037534179,55.877703206562266,352832602064.45154,62520.45097470115,61552.79977751569,5643475.0,87.6823985731907,19.40444793379779,1.353427202249032,15.42605,66.315775,0
DNK,2015,48.2385,2847.9879109495005,5821.606222803869,32.5,31.96268140981341,65.43562543192813,301758922337.6373,53094.01336075736,62405.71619421225,5683483.0,87.7254056577329,19.56444285110853,0.9083180609293025,15.617,65.847475,0
DNK,2016,49.984,2891.0268831767926,5887.384973140759,32.0,37.46807256532844,60.220119195756105,312181849372.233,54500.92604102175,63823.45020196645,5728010.0,87.6999969482422,20.23196293199658,0.92879780499665,15.6165,65.62750000000001,0
DNK,2017,47.703,2896.5706761888155,5885.016079847632,35.0,27.39990974147379,70.26597253561988,331610593961.98785,57521.55149922252,65352.39880813531,5764980.0,88.0161943799509,20.423625228471145,1.2598580673451407,15.64,65.7825,0
DNK,2018,47.6681,2870.4162859165817,5744.751655091897,34.6,29.31937172774869,68.35743685995588,355293374912.39276,61324.76650455651,66238.70542798095,5793636.0,88.1059762310689,20.57556362812731,0.9970448873478298,15.664,65.8125,0
DNK,2019,44.0304,2757.2498648070264,5755.172225201404,37.2,19.15571215611871,78.17183900257487,345401473012.6152,59404.266324772296,67131.46570097344,5814422.0,88.2096490810669,20.640220052755417,1.2412274116914404,15.687499999999998,65.649125,0
DNK,2020,41.8742,2637.0430057234416,5693.997534727486,39.5,15.688526872737398,81.61678501810081,355631021931.62103,60985.48856015139,65744.4367251959,5831404.0,88.2394485473632,19.555054406580567,1.3375200866845138,15.711,65.499675,1
DNK,2021,43.2563,2756.1226476598813,6132.429120466991,39.5,18.626323751891075,78.95888048411499,406110162088.054,69340.73349221384,69715.18096809289,5856733.0,88.2616449318149,19.393098098642785,1.0810312092896883,15.7345,65.45,1
DNK,2022,41.5535,2580.5431918078266,5847.159690850659,39.5,16.44221735045412,78.95888048411499,400114306337.0766,67781.0940939514,69475.31986508831,5903037.0,88.3880239837703,20.668856729155408,1.002285337296636,15.758,65.60000000000001,0
DNK,2023,38.9461,2482.856670933682,5878.137237361257,39.5,11.158543815961105,78.95888048411499,404651706117.5568,68043.54669712431,69379.22000846997,5946952.0,88.552638542867,23.615583540427792,1.0378705697631696,15.7815,65.525,0
DNK,2024,38.2646,2502.218817651956,6165.47587816748,39.499999999999986,11.158543815961105,78.95888048411497,424524722037.047,71026.4832271897,71431.29262422866,5976992.0,88.6960552688405,24.14172533305214,0.9277222620998884,15.7815,65.525,0
DOM,2000,27.616,856.256386147598,1366.8150402076376,19.1,92.39881043159984,7.8800515581166115,24305780628.6677,2831.458836380334,10896.31841559638,8584190.0,61.3128549215919,31.670424509310667,6.718342047478938,40.82943489960671,52.059614986545235,0
DOM,2001,28.2314,819.6530736578056,1307.8703982428094,18.9,93.75550523192253,6.566449309113493,25601823687.57415,2935.893673126681,10991.13634204876,8720283.0,62.2979450293469,29.732772632897618,6.997518612709746,41.03777685779341,52.059614986545235,0
DOM,2002,30.6239,882.2007937736312,1404.0521969875404,17.9,92.53730164428808,7.713327146834178,27137440786.256207,3065.6032952419596,11313.069027127289,8852235.0,63.2914022524877,31.08810874783101,6.805119218290372,41.246118815980125,52.059614986545235,0
DOM,2003,28.3249,783.8923699652797,1420.391910580784,18.9,89.81021079907556,10.303969359331475,21403167848.144363,2383.2617178039336,11000.868405935207,8980620.0,64.426197134766,31.882302909545928,6.6938498439482625,41.45446077416684,49.03083005588905,0
DOM,2004,27.775,749.3869058928025,1168.9320422471787,20.7,86.19678176332552,14.0622655663916,22322387382.494022,2451.691616165686,11131.270921633204,9104892.0,65.8914085229291,31.8129445090859,7.020472992553918,41.66280273235355,48.08282343200166,0
DOM,2005,28.968,772.0377114888064,1277.7188680280203,19.4,85.15053195502905,15.032873011107776,35777560683.93658,3878.312067352443,12022.508054405274,9225034.0,67.5759180469321,30.269357681061404,7.21193528375622,41.87114469054026,48.29080521631132,0
DOM,2006,31.1964,792.6097043369004,1332.379421321689,18.0,86.91382622927489,13.249716874292186,37879830084.26267,4055.142703473711,12961.91836321332,9341183.0,69.333853706035,31.109861265988492,6.858719319675203,42.07948664872696,47.62306561788449,0
DOM,2007,32.3024,812.2797114298667,1352.946563845689,17.9,87.87125293548833,12.287274975951629,43965458508.50559,4649.645588758138,13754.921267409549,9455658.0,71.0193434994977,30.546946854413857,6.511573910567052,42.28782860691368,47.89579176154006,0
DOM,2008,32.5613,772.5747720368563,1336.8668345671688,17.7,89.97250859106529,10.195473813756324,48091433554.18596,5023.585134035155,14030.141108446454,9573130.0,72.4865154265802,29.375503158343857,6.270991801216967,42.49617056510039,46.98299316911612,0
DOM,2009,32.1294,743.5873877222675,1231.2195695527662,17.3,88.84013456194238,11.37429070274989,48223781476.89086,4973.951869999516,13992.410327018872,9695265.0,73.5894974865426,27.356170881832497,6.010213739709524,42.7045125232871,48.12260194576692,0
DOM,2010,33.5341,773.4042548629958,1306.2903665158717,16.9,89.84964963602965,10.339650737782591,53801053352.5005,5478.6247039895425,14975.0010126958,9820175.0,74.1642773174177,27.272995689884155,5.874931785049122,42.912854481473815,47.562933140136614,0
DOM,2011,33.9006,780.0827495398648,1381.311433443925,16.8,89.76714513556618,10.408380952380952,57948261615.957016,5826.510141091945,15258.085814850285,9945621.0,74.2440389501301,27.54325372151899,5.4136207001604015,43.03924653280894,48.01612709583937,0
DOM,2012,34.7882,791.4299466003304,1465.3820981090046,16.5,88.36491061352973,11.81956843038723,60561635555.63829,6013.819650026031,15487.277635632054,10070411.0,74.2398679969568,27.363034788958217,5.138927057864173,43.16563858414407,47.67402194162699,0
DOM,2013,34.4869,762.3559203460534,1519.0556878850184,16.6,87.50566636446057,12.671273835044566,62555417414.58201,6136.594293293015,16054.767729765648,10193833.0,74.2251359951216,28.042816852784032,4.994105884256287,43.2920306354792,50.07521010142827,0
DOM,2014,34.9999,745.7862129008278,1459.8380228331505,17.3,90.65066697734024,9.608004640371233,67014329099.55489,6496.451669711419,16993.58744440305,10315528.0,74.1931533822153,28.386000740605056,4.837803032647637,43.41842268681432,50.27032912440489,0
DOM,2015,37.4114,797.9231706647336,1504.4808113290596,14.9,92.51757616337464,7.764836630362303,70966782572.4386,6800.953093954736,17973.18702568155,10434829.0,74.1372305958285,26.934563287695894,5.058832344246273,43.54481473814945,50.096485199751605,0
DOM,2016,38.7951,842.638249219176,1549.7425467448488,15.3,89.34724451578384,11.281656363248771,75552902635.70749,7160.442009823075,18968.975238617928,10551430.0,74.0506780735522,25.879551487055707,5.027045105643731,43.71227489132685,51.82594493893604,0
DOM,2017,38.0381,824.396571608205,1567.192842343325,16.9,84.87602437486868,15.164417113971544,79070274743.16579,7412.715715715117,19501.874305407844,10666843.0,73.926806252977,25.784004982901692,4.837609340526528,43.87973504450424,52.38640861105361,0
DOM,2018,40.3847,860.8644315883005,1605.538388653812,15.9,86.16864281715944,13.83710976837865,84994732049.34607,7882.982215849437,20662.848586152973,10782053.0,73.7589255716938,26.9196437003489,4.571473238752744,44.047195197681646,53.36602980749328,0
DOM,2019,43.5951,927.8821708239724,1706.9879382704842,14.4,87.79187697532902,12.186899686079746,89146130744.72299,8183.016236003749,21451.28644199497,10894043.0,73.5403464672933,27.35643694815048,4.325119569610355,44.317380672484056,53.701218431794494,0
DOM,2020,42.5129,862.922281087901,1693.4494881135142,16.0,83.8163631700436,15.585907200598104,78546672406.82909,7135.222732558986,19545.409955294315,11008300.0,73.2643793773663,28.82431757667584,4.522528402378887,44.48522989118641,52.32439216382748,1
DOM,2021,45.8203,954.9218475570766,1819.1256042625523,14.8,82.3565152364928,17.056612708799722,94850719516.71268,8527.075485820502,22053.458986995527,11123476.0,72.9243347395035,30.86895931996856,4.215675902840547,44.65307910988876,52.41072973537088,1
DOM,2022,48.8468,960.9335515049418,1818.670088704799,14.8,84.4437181941267,17.056612708799722,113478087134.79988,10104.244934908073,22986.95808104995,11230734.0,72.4203155643711,30.825542745173827,4.153719841887107,44.820928328591094,54.69412436444485,0
DOM,2023,49.8018,1011.6239348407172,1867.3996239607843,14.8,84.4437181941267,17.056612708799722,120456239153.73875,10630.431743829022,23282.489507105423,11331265.0,72.3577991823338,29.30868323468311,4.294253039985247,44.98877754729344,55.353080894194406,0
DOM,2024,51.5808,1011.6239348407172,1867.3996239607843,14.799999999999997,84.4437181941267,17.05661270879972,124282245638.56844,10875.661844309196,24229.889487291515,11427557.0,72.4121874752151,28.72438843682699,4.453984481879723,44.98877754729344,55.353080894194406,0
DZA,2000,153.6762,873.6577870577179,686.3536577737957,0.4,99.78750196757436,0.2124980324256257,54790398570.328224,1772.928691227614,11558.220469382988,30903893.0,59.8521239445692,53.33096965355277,8.39504849504573,0.6629606926028869,16.80326148110205,0
DZA,2001,142.9341,863.4983253423638,711.8139443081392,0.4,99.74084507042254,0.2591549295774648,59413400923.63635,1896.3002087801287,11742.594676122464,31331221.0,60.6177172788536,40.81459026459765,8.886179657498996,0.6771939842300168,16.840209258777197,0
DZA,2002,142.3188,911.440557642084,733.2090636356493,0.5,99.79383680555556,0.2076099537037037,61516103406.16878,1937.4641141301884,12213.126353124608,31750835.0,61.3812658601162,39.76671454101825,8.413026447859119,0.6914272758571465,16.73356453685121,0
DZA,2003,155.9363,955.848483496115,788.5735803204755,0.5,99.10385174664368,0.8968245916607488,73482264190.92455,2283.7729934612553,12835.18144133308,32175818.0,62.1427907986812,42.04010157621786,8.456719507353233,0.7056605674842762,16.75485149512541,0
DZA,2004,153.9169,954.2984093388908,805.681303639425,0.4,99.1968,0.8035199999999999,91913680985.17082,2816.9938496055483,13226.765048116456,32628286.0,62.9023132048725,44.98146332183614,7.722174034156406,0.719893859111406,17.27518536868004,0
DZA,2005,158.9641,979.3264577690333,891.7145780020562,0.6,98.36355594869526,1.6372106737431815,107046618669.707,3233.1333963421216,13738.495644436049,33109249.0,63.6598541890144,48.50683600584958,6.559271369984196,0.7341271507385356,17.3028962019364,0
DZA,2006,167.1979,1032.638668150222,862.878487448632,0.4,99.38113893147109,0.6176403792653153,123084258693.00974,3660.661047453223,13920.69405537009,33623506.0,64.4154348614309,50.89138420124686,6.366002714262628,0.7483604423656655,17.290300368638054,0
DZA,2007,166.8475,1077.6618923307844,893.6976285292501,0.4,99.39240778578342,0.6078072911065706,142482739809.84927,4167.451699375306,14114.674519268336,34189416.0,65.1690763324461,50.37171688238525,6.326018784011418,0.7625937339927952,17.320110507444138,0
DZA,2008,174.8589,1070.7280703859851,944.9417483622422,0.3,99.29664976637837,0.7026294860324088,180383848331.13455,5180.918815146864,14206.776714703889,34816961.0,65.901485871159,51.6161712058703,5.549750920496281,0.7768270256199249,17.34404259071099,0
DZA,2009,170.9414,1147.306005542531,862.4856633947531,0.3,99.20521544894936,0.8882886158801071,150317292079.35913,4235.42990456612,14104.428172139978,35490445.0,66.5097384559521,42.01288021067085,8.011217414978146,0.7910603172470547,17.373852729517075,0
DZA,2010,178.7394,1151.1388966556478,1010.7151948495084,0.3,99.61953907377443,0.378011982332619,177785053939.53052,4912.785855036717,14496.421131299618,36188236.0,67.1235057867459,45.24319463646705,7.5317156149137725,0.8052936088741844,17.37133356285741,0
DZA,2011,185.3149,1174.2680645003377,1115.968360184716,0.2,99.01999062939248,0.9396767140402936,218331946925.30356,5916.3136436434315,14641.964093568453,36903376.0,67.7344007507578,44.98698560158547,7.083525121713668,0.8084845533097651,17.377211618396636,0
DZA,2012,201.4691,1258.837184589751,1229.3416546056776,0.2,98.91631966827536,1.0150878965799606,227143746075.934,6033.648846895432,14697.539613385314,37646166.0,68.3421258553675,43.19505490917742,8.026971674120945,0.8116754977453459,17.381490003106972,0
DZA,2013,206.292,1273.7224269380563,1269.7918171916297,0.1,99.44898981466022,0.4859241943563199,229701430292.1566,5979.601389605846,14778.191425723277,38414171.0,68.9463836079277,39.74385436701756,9.12007464194984,0.8148664421809266,17.395532257929077,0
DZA,2014,218.9797,1358.047878144249,1353.0916478550928,0.1,99.60462003050964,0.6091497774041904,238942664192.59,6094.693923149557,15073.762940356462,39205031.0,69.5468765157615,38.56141383256729,9.407074408563728,0.8180573866165072,17.395265646124262,0
DZA,2015,228.8334,1414.4970206439211,1438.5726528665543,0.1,99.67731620105236,0.4746068199656967,187493855609.34464,4685.059027290017,15239.517145646909,40019529.0,70.1433070861612,32.75650093158942,10.532789696501805,0.8212479862419969,17.40592281024679,0
DZA,2016,226.6876,1371.2020770523218,1470.353485315473,0.1,99.5295575869403,0.6063636491682747,180763839522.1508,4424.985290275557,15511.685876809384,40850721.0,70.7353778263851,32.205164049827964,11.068313054579384,0.8212479862419969,17.36553218842855,0
DZA,2017,231.7154,1380.3468180173957,1554.4996331072873,0.1,99.16335604725197,0.8354731774053513,189880896903.0733,4554.667539578281,15427.664189471308,41689299.0,71.3227912436551,33.47669494984163,11.031880930478364,0.8157897941043968,17.355010809319733,0
DZA,2018,240.5806,1442.3021119345744,1568.473005609806,0.2,98.97734239463628,1.0196052854701747,194554483655.52777,4577.210291804906,15343.42612224341,42505035.0,71.905249845153,35.34325860540839,11.243830135499516,0.8103316019667967,17.356567989550502,0
DZA,2019,247.0899,1463.5098573600862,1651.177956687662,0.2,98.9721070578711,1.0303952113436206,193459662090.6768,4468.453418836562,15199.198996563926,43294546.0,72.4824561380175,33.57432118415776,11.479179885716384,0.8141106921830258,17.346981618480605,0
DZA,2020,233.8311,1373.6783209440646,1591.9770930040538,0.1,99.08533889204725,1.0621059945676203,164873415325.20148,3743.5419522928983,14194.1557479619,44042091.0,73.0541126293395,30.02358037872132,12.834169388718584,0.8183093032824742,17.335225507402154,1
DZA,2021,245.8762,1451.445177092926,1681.482396131516,0.1,99.22239138072374,0.9135847288909708,186231205262.08237,4160.559267369248,14496.865469729872,44761099.0,73.6199218261573,36.32148124577042,11.235434560508908,0.8220880532719776,17.330607035192756,1
DZA,2022,255.8633,1499.5099995851715,1756.5872130433872,0.1,99.25244708487246,0.9135847288909708,225581644702.5678,4960.303343328876,14782.20029702472,45477389.0,74.1795862354514,43.052130624080206,10.647063855347213,0.826286664371426,17.351348174024032,0
DZA,2023,258.939,1503.414065780634,1827.9525101464403,0.1,99.2428916519393,0.9135847288909708,247923887214.6555,5370.477235078005,15159.324237341518,46164219.0,74.732808364138,37.54765473782427,13.369245043485634,0.8303142240546827,17.359031632336023,0
DZA,2024,252.7,1503.414065780634,1827.9525101464403,0.09999999999999998,99.2428916519393,0.9135847288909705,269322281664.77313,5752.990766514655,15501.919700396596,46814308.0,75.2792907190618,36.19567895378637,13.959706150576707,0.8303142240546827,17.359031632336023,0
ECU,2000,42.7261,638.7560542261825,637.786162506937,19.4,30.24698454579721,71.7228609121749,17539454727.36368,1382.2342175990902,9183.051552769188,12689206.0,60.6865005107058,34.69291131521672,12.401175424691049,55.28466741826381,32.47704944435497,0
ECU,2001,46.6754,668.5636809525419,649.9240167488463,17.1,39.29158371040724,63.98787330316742,23127055000.0,1791.303596850374,9405.11680690106,12910740.0,61.0123544006659,28.46381002682789,10.470148490588189,55.00188838782413,31.34562731518763,0
ECU,2002,46.8752,709.3057439444358,694.0685339969518,17.1,36.706199007485914,63.28757675161915,27054197000.0,2059.1585535974045,9697.555176659778,13138472.0,61.2871268050958,27.980974633991167,9.43400389965372,54.71910935738444,30.15783540022548,0
ECU,2003,48.9518,770.2157371772977,717.7520466552292,16.6,37.81396154512385,62.189676078295506,30965208000.0,2315.622152230139,9802.81408202125,13372306.0,61.5418469886978,27.546864855550133,9.050128130900978,54.43633032694476,29.19149621517153,0
ECU,2004,52.7095,785.5919268550981,804.7792364605557,16.7,41.09044666984581,58.93292004450803,35194947000.0,2586.2091466334664,10290.663426476644,13608701.0,61.7829573274038,29.663738376989173,7.968919515633878,54.15355129650508,30.30681269125463,0
ECU,2005,53.5679,837.8914187154882,848.1049948639201,16.2,47.888689943300506,52.11511489107728,40278849000.0,2909.0260601438827,10660.204622893898,13846163.0,62.0068704145716,32.12447307022105,7.726325546194232,53.870772266065394,30.198099532936062,0
ECU,2006,56.0864,811.0273915236199,936.382034215073,14.2,51.86875702851095,48.1250909572005,45690762000.0,3243.6701035933856,10933.48974702828,14086131.0,62.2099988435587,34.79334837970091,7.719678651890288,53.58799323562571,29.97262038975681,0
ECU,2007,56.322,875.476008346416,929.5282994573226,15.9,46.60552575416739,53.39672376997173,49848725000.0,3478.9248877067143,10952.822685394758,14328773.0,62.3887552077227,35.43522928620541,7.648394216702633,53.30521420518601,29.843775165082945,0
ECU,2008,57.9155,762.8247112588492,980.7754293902752,15.3,38.180450319737766,61.8214842280617,61139438000.0,4194.757506619805,11474.525702354122,14575202.0,62.5395521004212,38.92016148398355,7.349375700836504,53.02243517474633,29.97664680302786,0
ECU,2009,62.0556,830.3440691340267,1027.9271067480718,12.9,48.28907747057213,51.71168902272105,60094978000.0,4053.36331139298,11403.527797883067,14825954.0,62.6588021150118,31.091621333150332,8.61225542007853,52.73965614430666,30.33660814946046,0
ECU,2010,66.0468,867.4652267106087,1100.5064438857455,11.8,54.51050743208611,45.49159405433112,68151329000.0,4520.30959039763,11665.697859820377,15076695.0,62.7405258611644,33.906175182585216,8.33021025899583,52.45687711386696,30.188838782412624,0
ECU,2011,66.6231,891.3467179056659,1164.4092182635686,13.2,44.6231303157689,55.795727832632714,78986648000.0,5153.691642437503,12449.078554921784,15326227.0,62.7949053547691,37.40570051789006,7.908539174874214,52.28856498631019,29.578434530520216,0
ECU,2012,66.9629,872.1417056372595,1254.415402222705,13.2,45.130651726703725,54.87341882960563,87735048000.0,5634.083931910944,12961.026742376513,15572194.0,62.8408732819135,37.09175038007616,6.999441089950735,52.120252858753425,30.225881784506363,0
ECU,2013,70.2536,911.6701399500593,1297.452642883641,11.8,51.01023127847992,48.98589975066632,96570334000.0,6109.290315103414,13689.152046012548,15807128.0,62.8837286624122,36.83229365241711,6.96320880489033,51.95194073119664,30.250442905459817,0
ECU,2014,72.1948,983.1690960547048,1367.6850893076974,12.2,50.82695630708467,49.17983214021229,102717794000.0,6405.799793004407,14064.799224672655,16035124.0,62.9232432195799,35.71199552825288,7.404399670031854,51.78362860363987,22.044612659043324,0
ECU,2015,70.9107,937.0350248476768,1418.3991676003498,13.1,47.4412331406551,52.55868978805395,97209558000.0,5976.159680565097,13881.570073810466,16266225.0,62.959188676731,28.09004233925228,8.020496297287968,51.61531647608311,23.30890642615558,0
ECU,2016,70.1102,885.908943461603,1423.4354524369653,14.8,39.7869146560246,60.21308534397539,97671433000.0,5917.63771271481,13586.516077256823,16505139.0,62.9913367571804,27.5339637947157,8.072125858949976,51.356538895152205,22.209695603156707,0
ECU,2017,68.6262,900.0972122963254,1451.354301993989,17.0,26.30921803652968,73.69239824492563,104467486000.0,6233.322447977176,14179.15375033051,16759519.0,63.0194591842425,28.46800869698348,7.902220409515742,51.09776131422129,22.507650185215013,0
ECU,2018,69.315,859.0065244756005,1484.6142246477282,16.3,27.4185275108573,72.57411523337322,107478961000.0,6303.918866583376,14083.506998230425,17049547.0,63.0433276812321,28.01474885861615,7.645059948058114,50.83898373329039,21.935899500724755,0
ECU,2019,69.7536,904.4176804954044,1510.2057834878055,17.7,21.810240683951307,78.24132057356995,107595830000.0,6205.057652467664,13870.489511806803,17340021.0,63.0627139714638,26.65046312668437,7.786764598590857,50.58020615235947,21.460782734739897,0
ECU,2020,63.9626,785.5014305117359,1467.0525841549088,20.2,20.25089605734767,79.71569380440349,95865473000.0,5463.645153485981,12440.326374781402,17546065.0,63.0773897782521,23.98113447998113,8.385749058996455,50.32142857142857,21.823159929135127,1
ECU,2021,68.4667,886.2519421989845,1550.011101400292,18.9,19.010368162910535,80.94837648227478,107179074000.0,6061.323501817112,13507.444563837456,17682454.0,63.0871268249117,27.349489882698556,8.079999832803184,50.06265099049767,22.024480592688032,1
ECU,2022,70.8565,907.4253474509756,1589.5513758859804,18.9,23.882089190499272,80.94837648227478,116133121000.0,6515.585284183364,14186.63885446246,17823897.0,63.0901835932266,29.583590541754234,7.393039923554625,49.803873409566755,21.53325817361894,0
ECU,2023,73.1998,949.2738888557856,1675.631864435776,18.9,23.882089190499272,80.94837648227478,121147057000.0,6737.847483796376,14343.019013481306,17980083.0,63.1307729554263,27.57542595525041,7.995473633338035,49.54509582863585,21.541311000161055,0
ECU,2024,74.4086,949.2738888557856,1675.631864435776,18.899999999999995,23.882089190499272,80.94837648227478,124676074700.0,6874.705739765999,13935.539112540237,18135478.0,63.2376932397602,26.51265583997408,9.476100950746408,49.54509582863585,21.541311000161055,0
EGY,2000,205.5179,569.8813560923124,920.1283292086327,8.3,82.2965588728357,18.04990850108135,99838543960.07632,1366.0927437261348,9981.62775083138,73083284.0,42.7339398932519,30.751867097912378,15.538077036165834,0.0594806368978853,3.3060424933447186,0
EGY,2001,219.4727,634.0951040884581,966.7654177222698,7.8,81.56744554645663,18.772027568982494,96684636118.5984,1295.137418416295,10117.333182169905,74652029.0,42.7835506765333,30.898856983551713,15.351268469473098,0.0601265759204379,3.3532573208096843,0
EGY,2002,225.6517,636.5261938942527,1011.6719972840197,7.3,85.35373920843143,15.030597600627871,85146067415.73033,1116.8288462621283,10143.506345570211,76239137.0,42.8347629483917,32.58350488255476,15.40485616257588,0.0607725149429906,3.4396504093625997,0
EGY,2003,230.8976,647.5398533530598,1072.590808578178,7.4,85.93551369467237,14.090089616843343,80288461538.46153,1031.2755629128364,10250.37655004591,77853548.0,42.8834685533792,33.370586826347306,15.286706586826348,0.0614184539655432,3.4245818474056957,0
EGY,2004,245.7041,692.1413600288449,1110.818323634292,7.6,87.00184602019763,13.557754765594924,78782467532.46753,991.2556891452524,10451.821751153688,79477443.0,42.9255593360476,34.667916752524214,14.2699361219864,0.0620643929880958,3.4938972324074538,0
EGY,2005,264.5887,778.7696403041571,1175.1765736463633,6.5,87.85904867053087,12.435743858680652,89660339660.33966,1105.5392071390345,10700.609037323184,81101004.0,42.9569271409488,34.14867223769731,13.981689879294338,0.0627103320106484,3.5391029182781657,0
EGY,2006,276.7799,806.4024891638194,1239.353089972246,6.2,88.26674291854047,11.985919398303396,107426086956.52174,1298.9790020312446,11211.832022950844,82700403.0,42.9729991680104,36.15473530840214,13.237202525497816,0.063356271033201,3.5491486262494347,0
EGY,2007,291.1199,844.3844213464758,1322.4014246010663,6.0,86.94067722110782,11.119900262928658,130437828371.27846,1547.7417073590857,11782.006071796624,84276225.0,42.9729666344509,35.06538668098818,13.420126208378088,0.0640022100557536,3.5541714802350697,0
EGY,2008,294.1135,859.1502590010232,1360.3247775988827,5.9,88.07119800510961,12.774305077485582,162818181818.18182,1896.2159426977896,12391.584762470471,85864789.0,42.9608989120873,36.21255164712451,12.630240089335569,0.0646481490783063,3.5581897634235777,0
EGY,2009,301.7206,862.435116243687,1422.613401194007,5.7,89.91322897748566,11.498075758886102,189147005444.64612,2161.6396457392652,12728.081458673652,87501636.0,42.9383470624904,35.81644597965841,12.997946651314528,0.0652940881008589,3.705861670601235,0
EGY,2010,301.7043,838.1667074752282,1611.5507866758976,5.4,90.7872958371069,8.977752100184254,218983666061.706,2455.0819464528213,13128.987833408455,89196072.0,42.9057175520154,35.78451848168407,13.340759157964529,0.0659400271234115,3.687779396252951,0
EGY,2011,311.4754,860.0531198556171,1558.768599482426,5.4,90.64232813675126,9.63321393516807,235989672977.6248,2590.6438489196503,13082.426368070128,91093059.0,42.8634168470177,35.9517175990081,13.869105098096416,0.0624802852981063,3.6365462855994775,0
EGY,2012,326.2503,866.240866672303,1562.3597689767205,5.3,91.16241408071694,9.33021010270741,279116666666.6667,2996.0677072015005,13076.805239591393,93161001.0,42.8118514138525,39.25131486236341,11.27276527139189,0.0590205434728012,3.712893666181124,0
EGY,2013,320.1896,825.189960336054,1504.84268639395,5.3,91.17529821221406,8.766094535502871,288434108527.1318,3025.525635524481,13058.074823925765,95333553.0,42.7514277188751,39.88695441840465,11.27434960223608,0.0555608016474961,3.748023506956653,0
EGY,2014,325.1377,832.7720908581092,1576.4700290029637,5.4,91.1249528985921,8.653584845336104,305595408895.26544,3133.391022655408,13136.365629826982,97528654.0,42.6825522284408,39.89032394366197,11.337708920187794,0.0521010598221909,3.7321713797779896,0
EGY,2015,331.5432,810.8171272797371,1566.9193260197646,5.3,91.50986469283283,8.401232213741277,329366576819.407,3306.9815941414076,13425.911959977497,99597342.0,42.6056314089048,36.63020172674823,11.394062768525718,0.0486413179968858,3.8071998593600886,0
EGY,2016,344.7621,872.5814077638092,1478.937555643026,5.1,91.73032355472029,8.51020709824893,332441717791.411,3270.628776819699,13727.320160049376,101644589.0,42.5210717266225,32.45595334760464,11.769316084742009,0.0451855944547692,3.750831684162941,0
EGY,2017,357.5541,897.2180735624817,1564.91967674335,4.9,92.04985811491169,8.12286536681618,248362771739.13043,2395.1033329949128,14018.360593452951,103696057.0,42.4486008687179,34.395867775376786,10.98638064498482,0.0451855944547692,3.8545068059671506,0
EGY,2018,352.9856,870.8135734883944,1557.6337842056764,5.0,91.1363943653508,7.983234264596155,262588632526.73044,2484.7031563050828,14488.209434048347,105682094.0,42.4577177449969,35.32987505893446,10.83024902490249,0.0451855944547692,3.880656989301321,0
EGY,2019,326.4249,844.7830134470928,1509.9696096324758,6.2,87.96517877060982,9.10978218986392,318678815489.74945,2962.9889202300265,15026.568243809694,107553158.0,42.4812027332648,35.82542441029307,10.69713545389564,0.0451855944547692,3.9399266663318095,0
EGY,2020,335.7242,805.2594566466366,1431.4213283058618,6.7,87.63914977755807,11.849555116164112,383817841547.0992,3511.1138102637947,15309.23598817024,109315124.0,42.5181534630674,32.369444299970745,11.16682394434873,0.0451855944547692,3.989150635391029,1
EGY,2021,352.548,857.8219384692754,1459.177774512449,6.1,87.83789649335179,12.19594017815374,424671765455.7043,3827.354153743081,15579.01608615512,110957008.0,42.5686062621468,31.18763578514505,11.43693265897255,0.0451855944547692,4.049424883218645,1
EGY,2022,350.4004,902.4884299130204,1477.9487338863817,6.1,87.48937430156926,12.19594017815374,476747720364.7416,4233.307837448563,16360.390775036374,112618250.0,42.6325129008032,32.711431431303794,10.9457535224737,0.0451855944547692,4.076548294741071,0
EGY,2023,369.7262,928.3949474270796,1492.8960360087326,6.1,87.23934365267513,12.19594017815374,395926075163.0058,3456.7896845625296,16691.387399222025,114535772.0,42.7098115041919,32.73447525454438,10.600311164503614,0.0451855944547692,4.076548294741071,0
EGY,2024,386.5982,928.3949474270796,1492.8960360087326,6.099999999999999,87.23934365267513,12.195940178153743,389059911003.56573,3338.473713958945,16798.151577864,116538258.0,42.8004363938404,32.56247899679485,13.712112879280484,0.0451855944547692,4.076548294741071,0
ESP,2000,392.4456,2991.4930647137353,5167.711072981314,7.9,55.06976495536112,16.947181780922,598102854756.0797,14743.267103145476,39945.89712981783,40567864.0,76.1650552349602,28.020643360012603,3.744311417007299,34.25637274549098,59.65130260521042,0
ESP,2001,389.9999,3048.8438447246263,5422.34433278176,8.9,50.722771102713146,22.145350709213847,627798682378.741,15368.233798443476,41224.29240573932,40850412.0,76.3156889510385,27.988552809155472,3.6742572308183945,34.58050028083126,59.215277220572894,0
ESP,2002,408.1296,3095.9968684376295,5576.256630272026,7.4,58.557017525954166,15.601487644467667,708938227243.9229,17111.068505894054,41766.037818879064,41431558.0,76.4934217249538,27.764410252032697,3.4821218976077164,34.835307790958645,58.951186277653086,0
ESP,2003,417.1299,3145.402392536701,5675.642714828003,8.9,53.44142443979042,22.69836520831895,907963217057.6451,21522.01709902615,42223.130174522026,42187645.0,76.709335590859,27.414433842500713,3.42077756723389,35.11418641453496,58.39826926543939,0
ESP,2004,434.2037,3226.289428743209,5891.538572563024,8.0,57.01315122118482,19.10632415867188,1069829382514.6746,24925.02678445755,42793.39023260056,42921895.0,76.9549627547133,26.967452232928206,3.117809359590447,35.40705557113667,58.23750951560559,0
ESP,2005,448.8607,3239.5443647180596,6111.356670554511,7.3,62.63469836746769,15.94855193941846,1154667551775.875,26450.953013038234,43570.76525740327,43653155.0,77.2206801920294,27.131777934366387,2.75836581828682,35.70425173816346,58.434350517942654,0
ESP,2006,440.4548,3190.7262771089177,6105.188468700103,8.5,60.9021602289462,18.709395944019047,1261846683275.2922,28421.686527407033,44572.681545993066,44397319.0,77.4968648783202,26.898552801260927,2.4007538488481317,36.00299811615697,57.342979678544225,0
ESP,2007,457.4613,3168.9597095659624,6054.529213572757,9.0,61.42811718388902,20.161086871719895,1476746276854.5144,32652.01559470198,45301.284341637445,45226803.0,77.7738937890987,26.266935550480213,2.4946614560374036,36.28442026807718,56.10787201218168,0
ESP,2008,422.1464,3015.0079897473797,6025.77275684571,9.7,60.16515913538459,20.69210984261756,1636115447612.4995,35603.248328071044,44926.34895181203,45954106.0,78.0421438998777,26.1869489550822,2.3536719547801574,36.59795108259824,56.41940657578187,0
ESP,2009,381.9898,2749.8554890736236,5652.595932967676,12.2,55.63980720928654,26.077998778087025,1496587590847.6553,32279.820847615145,42852.22088845399,46362946.0,78.2919921861701,24.78215081221633,2.249601580629829,36.89928809208679,56.090322063129186,0
ESP,2010,369.0798,2735.1825733748647,5706.563062799139,14.4,45.679491388830854,33.49059951513463,1427989078916.6694,30658.74222829119,42695.52741899325,46576897.0,78.5138156234888,22.985948966945028,2.417408983934382,37.089938201235974,55.08889822203555,0
ESP,2011,368.7756,2684.3431891894684,5599.35598067865,14.7,49.45634973302433,30.573138401957483,1487568659241.248,31824.621913477695,42271.83467882382,46742697.0,78.695397956495,21.88717027388672,2.3625185975353005,37.10192046091061,54.04096983275986,0
ESP,2012,363.889,2677.180385523823,5573.379801682828,15.8,48.60228930158154,30.441080394410506,1330994811670.3127,28456.44381514769,41034.04815663563,46773055.0,78.8455680301618,20.799274878277625,2.397766717762394,37.079778493032926,53.86137822114711,0
ESP,2013,334.1026,2506.255405200673,5411.229379190891,16.9,39.43234452843003,40.46947985337726,1362186923157.651,29228.846559842044,40594.91400876802,46604197.0,78.9858086902112,20.02794320100775,2.609462078755757,37.082113512324824,53.4439535395134,0
ESP,2014,332.7515,2458.57177736167,5358.288256020412,17.3,38.274218024100534,40.92230644773613,1380244561361.956,29707.765509467015,41339.41111694166,46460733.0,79.1196713833488,19.86959898897829,2.526976781343454,37.08444853161672,53.13368385278183,0
ESP,2015,344.1544,2552.401252480882,5477.302580184357,16.3,43.57785917959781,35.711556329228834,1206164777553.1245,25982.44161977755,43053.76143031402,46422303.0,79.2454892743023,19.92306220518217,2.7232704633929163,37.12753246701263,53.18906218416086,0
ESP,2016,336.159,2563.007043799322,5504.266970314932,16.7,39.01212282227746,39.34977490346507,1243015667917.1238,26755.606114939812,44274.66761499219,46458139.0,79.3615955277997,19.79372501596218,2.815220750030945,37.14286858140298,52.57724735969765,0
ESP,2017,350.3164,2690.497332878353,5605.864152359121,15.2,45.75266750324597,32.89207401550815,1321754088818.826,28381.342559690624,45446.25085756953,46571232.0,79.4663233085683,19.904719903181473,2.8034467669039267,37.15223391736539,52.638713827628145,0
ESP,2018,342.6507,2666.2607971543166,5556.7940420517625,16.9,40.523661696763,38.75869004416073,1431642809327.058,30602.42128811132,46325.20994411408,46782011.0,79.5580057813361,19.73857438405116,2.701282546218848,37.15664678147688,52.408209711445984,0
ESP,2019,324.2336,2573.904424507456,5418.869331178426,16.7,40.4630073520532,37.77249988106435,1403496387686.2722,29786.5245689007,46896.41711414235,47118501.0,79.6349761108307,19.97790557624969,2.51980122994951,37.16772156446949,52.45849172587285,0
ESP,2020,283.7113,2303.5131162348594,5089.187740121163,19.3,32.87808545295076,44.52772303918777,1289783836971.2097,27233.942646160765,41553.44779456746,47359424.0,79.6955674617799,20.119392781173453,2.784680317459755,37.17730548854976,52.33167922328408,1
ESP,2021,302.6753,2422.4670470539254,5236.424781216504,19.0,31.919857680305636,47.014913674939486,1461244901852.6897,30799.477593777483,44251.66582226214,47443821.0,79.7846242983598,20.31657485305235,2.768249271129947,37.17275210932335,52.484894120832195,1
ESP,2022,306.6168,2408.928114889388,5179.769632601546,19.0,35.992326998433946,47.014913674939486,1448850658406.6204,30319.498719661635,46733.48097805359,47786102.0,79.9548794567814,21.223479372582883,2.3696400004942353,37.18279227980552,53.3572810066811,0
ESP,2023,286.8651,2293.708146342028,5117.829619994222,19.0,27.287673149573248,47.014913674939486,1619481980719.6365,33493.22254091113,47322.59370045036,48352528.0,80.128491001856,19.95752326305732,2.606223556361796,37.192588954835465,49.57532698789307,0
ESP,2024,285.6383,2303.611163773101,5196.111105197176,18.999999999999996,27.287673149573248,47.01491367493947,1725671652742.1873,35326.76830692781,48460.29140696611,48848840.0,80.315199821207,19.453751732702766,2.7530059648880725,37.192588954835465,49.57532698789307,0
EST,2000,21.761,3377.645508594996,4540.49256076479,19.8,99.7885586749677,0.2149653471161752,5686579747.535244,4070.60902410208,20528.57081955726,1396985.0,67.385529072627,24.88270145155789,3.885009588205414,52.816466147676344,23.260202878037273,0
EST,2001,22.2561,3589.3774731831513,4680.447945595286,18.9,99.78781091594956,0.2121890840504538,6250218422.701638,4502.666149923917,21874.69483348749,1388115.0,67.3926456349791,25.378642214491045,3.4964457065254835,53.04560037744751,20.995517810804433,0
EST,2002,21.5403,3375.5651527503173,4767.462935440606,19.3,99.6481763809077,0.3518236190922951,7370119619.478195,5343.183107607348,23539.9060675759,1379350.0,67.4090870965661,25.482833166514503,3.5524871000820974,53.27473460721869,16.470865770228826,0
EST,2003,23.5642,3680.058508239575,5158.602778102019,19.9,99.51766906191554,0.4823309380844571,9876595528.455284,7205.40703313243,25487.53291529867,1370720.0,67.4341760348669,26.105806832806795,3.4592880777041617,53.50386883698985,19.549422033498463,0
EST,2004,24.1519,3952.338212366695,5429.525521999192,20.0,99.41770186335404,0.5822981366459627,12148595031.0559,8916.072827460204,27384.08314887983,1362550.0,67.467351453949,25.426103000536116,3.6186992560753137,53.73300306676102,18.174097664543524,0
EST,2005,24.0826,4015.428326303091,5531.545828643133,18.9,98.91229789318962,1.087702106810387,14109491356.796415,10414.638118356492,30164.006371186064,1354775.0,67.5080523578799,26.255292654089637,3.286685525341366,53.9621372965322,20.804435008256664,0
EST,2006,23.4176,4006.7396264314193,5869.424788945731,17.2,98.66420057542128,1.333744348540896,17025671810.312382,12641.480097647316,33304.59353773329,1346810.0,67.5557177507269,26.94311460263207,3.143820466971033,54.191271526303375,21.196036801132344,0
EST,2007,27.2288,4690.139703407137,6277.411462839753,18.6,98.81050041017228,1.1944216570959802,22450264166.43854,16745.430801114762,35989.86498662203,1340680.0,67.6097866365576,26.842215871162843,3.9253420417782703,54.42040575607455,21.57584335928285,0
EST,2008,25.1666,4142.509476969171,6364.567830138584,20.5,98.13817219544468,1.8666477648615445,24342935403.544743,18205.906411344597,34236.95012541702,1337090.0,67.6696980194394,26.131941650607665,3.4012615258679233,54.64953998584572,21.391837697570185,0
EST,2009,21.8173,3360.6644887122966,5975.953810935059,24.2,93.83756692106162,6.169609294908304,19633984440.122257,14712.44942179163,29284.404739410817,1334515.0,67.7348909034398,23.27615230154632,2.4710487327757455,54.87867421561688,21.981599433828737,0
EST,2010,26.7567,4419.422683004239,6506.318180964719,25.3,91.94692995988892,8.052761493366244,19524355419.03797,14663.70410187046,30070.299079110297,1331475.0,67.8048042926262,24.034549184948396,3.170929453092662,55.10780844538806,22.38263741448455,0
EST,2011,26.8763,4311.694917856195,6314.414447669536,25.2,90.8555029861165,9.15124486155278,23303915794.756855,17555.545523942612,32456.12088648783,1327439.0,67.8775556334506,25.34667450570149,3.6656686292327074,55.50879924510498,22.31658410002359,0
EST,2012,25.853,3984.063448042377,6689.367776117869,25.0,87.65772541154843,12.341689646527952,23237406116.39883,17568.213796971362,33768.57236980396,1322696.0,67.9629593320316,24.631678142868413,3.2843229052026977,55.9097900448219,22.550129747581977,0
EST,2013,28.4031,4435.566863675471,6664.658569025574,24.5,90.3578154425612,9.19728813559322,25451032780.757328,19310.38749007572,34484.22364572731,1317997.0,68.0923458296768,24.678004455511704,3.047429736666014,54.91175523349436,22.199217851391765,0
EST,2014,27.6318,4226.2012110395535,6732.367473156111,25.3,88.25325405752852,11.182468262895709,27055689003.003822,20581.789899169544,35723.62661342284,1314545.0,68.2668382808032,24.106021041384533,3.1149616166099863,55.30278352887048,22.406257188865887,0
EST,2015,25.9106,3695.1191913518855,6481.644084302425,28.2,83.93772171856524,15.427177769018527,23311847750.93944,17722.155766952314,36356.44101526144,1315407.0,68.4796609690553,23.11548514020233,2.8064215286505068,55.69381182424661,22.843340234644582,0
EST,2016,25.299,4579.421116545376,7150.837139665144,27.2,86.42452132467746,13.0470046840332,24561027787.789555,18666.3736521706,37470.042767680534,1315790.0,68.724038178078,23.234041759237105,2.0715978609000993,55.69933287324592,23.07338394294916,0
EST,2017,26.7821,4444.846670605875,7322.845882445817,27.5,85.24316109422493,14.122492401215805,27469461919.11887,20851.522349686096,39533.464558219894,1317384.0,68.9931941915158,23.18086204463796,2.3388559662831065,57.03859649122806,22.970760233918128,0
EST,2018,28.5447,4282.715132591256,7354.893466376495,28.6,83.12843739890003,16.085409252669038,31222632740.72468,23618.13612545807,40853.64877550727,1321977.0,69.2803532930133,23.28866055496702,2.049384699690663,57.03859649122806,23.04093567251462,0
EST,2019,19.8753,3661.4992539509217,6987.72626079774,31.3,71.0177281680893,28.135521996060408,31873748770.03132,24021.250141330624,42218.962853871,1326898.0,69.5787397662154,22.31338487836305,2.2656489626340037,57.03859649122806,23.120467836257312,0
EST,2020,16.0162,3368.237306685154,7030.346244740591,40.4,49.884830536360646,48.87611056268509,31820771493.89737,23933.993942106536,40920.52706230154,1329522.0,69.8815778947665,21.77170781350522,1.9318152735340803,57.03859649122806,23.04093567251462,1
EST,2021,16.7189,3427.299680510845,6644.216233436419,38.0,58.74514158800667,39.95738478622987,37201101170.58467,27951.165927774426,44251.53749834551,1330932.0,70.1777274135822,22.830911325620928,1.943537712545575,57.03859649122806,23.087719298245617,1
EST,2022,18.744,3559.0489316047788,6464.072832952759,38.0,66.96508504923904,39.95738478622987,38226641740.29003,28340.382654940564,43128.632771362725,1348840.0,70.4892333736738,23.090768453378615,2.446408599978728,57.06529370465715,23.07512286449801,0
EST,2023,14.9843,3089.3933390585175,5722.163110474748,38.0,49.59094865100087,39.95738478622987,41470344395.108574,30264.006488505736,41288.6165892158,1370286.0,70.6770085523126,21.34555945018195,1.7155812591916522,57.06529370465715,23.12192838754973,0
EST,2024,14.1292,2708.782766470396,5297.517162279638,37.99999999999999,49.59094865100087,39.95738478622986,43130419829.34999,31428.354781610396,41189.66753007343,1372341.0,70.6981161541961,20.148164473250983,1.7668478295785075,57.06529370465715,23.12192838754973,0
FIN,2000,74.6876,6257.2191207083215,15305.409808607032,31.7,34.09025951754888,33.409426088944784,125967821110.5885,24335.922508265896,46968.84171450701,5176209.0,67.1227685349539,31.60295044945962,2.9548487381402784,73.6913227617453,7.281919957976296,0
FIN,2001,80.7171,6405.85272256556,15709.883253842325,29.2,40.100153048895095,28.92720779743844,129519672868.8978,24965.202996775988,48099.30142827936,5188008.0,67.4982392821958,30.94949969919717,2.7646200549051607,73.6244656751699,7.295052365474901,0
FIN,2002,83.0125,6722.826135674589,16140.066969221616,29.5,43.31532252684944,26.455700086718696,140360963811.76495,26989.38926095902,48792.48647897748,5200598.0,67.7951641569199,30.11924009700889,2.673133926165454,73.5576085885945,7.341015791720016,0
FIN,2003,91.6221,7072.179141203803,16445.572561286044,28.4,49.92766169390224,22.60880392761426,171612867735.6859,32920.08571925683,49655.54515640672,5213014.0,68.0425549126858,29.535837167301633,2.5363512925636393,73.49075150201911,7.373846810466529,0
FIN,2004,87.935,7128.995670694347,16777.565849019506,31.1,43.14636845477314,29.85767371425243,197458297639.7689,37768.13342020287,51494.70586040098,5228172.0,68.2766596767133,29.376153608708528,2.379977447540333,73.42389441544371,7.396828523589087,0
FIN,2005,75.2059,6555.776472912867,16117.890332163191,31.5,33.17984755320053,33.2486611317333,204859368790.66135,39049.87037802232,52744.04803413498,5246096.0,68.5140529517604,29.25558403070458,2.2785517350272673,73.35703732886832,7.465117042581832,0
FIN,2006,87.4637,7106.709789379842,17215.606953539016,31.2,44.410292545436874,27.2933594129653,217044068234.11737,41214.01877650688,54653.981203281015,5266268.0,68.7588279849327,30.24742423102956,2.0016082285767176,73.40585972181118,7.565683469797113,0
FIN,2007,85.6334,6968.911344948325,17161.619446671408,31.8,40.71635177549388,29.938371592097972,256360251537.6479,48473.02400914548,57313.29164744781,5288720.0,69.0200377316963,30.6721408753388,2.380532345409737,73.34372060903023,7.546778914137262,0
FIN,2008,76.7281,6654.453631010751,16349.986138816226,34.6,33.70053724558322,35.87740210765575,285698662071.0937,53769.47262403853,57494.58535288597,5313399.0,69.2943672196361,29.56505176239234,2.205371345616284,73.32256663376111,7.556433037183284,0
FIN,2009,73.1198,6255.050516389046,15244.046915537012,32.5,36.52888204359711,30.10860425425634,253480783439.45297,47478.34953109991,52599.148706691136,5338871.0,69.546259966947,25.66209040636091,2.2538311277409413,73.25555774925962,7.556762092793683,0
FIN,2010,82.9381,6812.601995093498,16484.8400776231,33.4,41.09998264620572,29.99113716934824,249429613683.3338,46506.291901656616,54017.94586233392,5363352.0,69.7855798796947,26.185376328083898,2.366766411369833,73.18854886475815,7.541625534715367,0
FIN,2011,74.7015,6522.938693187687,15711.901700582304,35.1,34.84170283397505,32.891702153712195,275126915515.56476,51060.324258976674,55053.39068503226,5388272.0,70.0583261874252,25.039083251119376,2.2589866180971896,73.30086544473329,7.52443318305966,0
FIN,2012,68.6419,6265.77228948066,15690.146844155612,38.7,26.003039297836988,40.562128076578944,257443384492.9688,47551.67408413692,53957.66809862787,5413971.0,70.3661363168712,23.35885177015441,2.188363992055016,73.41077363519695,7.519497186481951,0
FIN,2013,69.564,6138.314055760648,15512.122511386342,38.5,30.02231359726062,35.968031210968746,270268036626.27527,49691.01452007388,53183.428668512606,5438972.0,70.6742118159277,23.29813215919645,2.2118262185683326,73.5206818256606,7.431965513837244,0
FIN,2014,65.5626,6246.041536037529,15251.271076580992,41.2,25.809909830528387,38.58043293094839,273478528954.901,50073.776081587115,52710.73348677775,5461512.0,70.9879168940753,23.061863933351145,2.217580335673168,73.63059001612426,7.460265227549442,0
FIN,2015,61.7912,5921.596816532437,15056.215577574068,43.2,20.691263721045495,44.50118806396595,233210733506.24988,42560.34567671027,52782.48739262768,5479531.0,71.3054930040604,23.3039316434498,2.0604970693461215,73.73564542134184,7.4805040966075484,0
FIN,2016,64.6074,6120.633015192811,15489.95569489071,42.4,21.01167881088471,44.23148188548075,238777818792.60757,43451.25624421576,53984.6316254715,5495303.0,71.6158383428171,23.476592016391848,2.089775029320823,73.73564542134184,7.4857688131354685,0
FIN,2017,61.5473,6070.15750826277,15464.177680823585,44.4,18.80544407090917,46.61401300297676,253846138440.00043,46085.017473903594,55637.2262781223,5508214.0,71.9563038312956,24.47064163840752,2.0680355664735255,73.73321926822848,7.469070808107396,0
FIN,2018,62.9803,6165.444023506484,15805.385706709696,44.2,20.676600771387506,45.74100166517229,273869255596.07825,49654.24970353289,56226.33724134295,5515525.0,72.3423467740343,24.11073499924538,2.114227808801018,73.73321926822848,7.475651487233483,0
FIN,2019,59.607,6024.6536658316445,15508.169181212856,45.4,17.65914056809905,46.4434231609614,267014821129.41135,48358.180777370086,56922.48731631031,5521606.0,72.7431214358314,24.146605287651248,2.189771841118909,73.73079327476721,7.481985983614649,0
FIN,2020,54.3465,5739.254452835596,14688.736483286231,47.3,13.530252501191043,51.868119017714065,270000311606.22644,48828.68468627994,55424.8574989208,5529543.0,73.0849439791673,24.22722061703901,2.240393930292275,73.72836744094229,7.4685793248667505,1
FIN,2021,55.4026,5996.892993242702,15646.586177230642,50.2,13.285821247330912,52.93029866060287,294223210496.1193,53099.13514001479,56790.376617769165,5541017.0,73.3710215780329,24.232606004084193,2.1590744641507613,73.72649965767137,7.461810041661773,1
FIN,2022,54.0916,5683.9510215791415,14738.199739169842,50.2,10.251295265009835,52.93029866060287,280253099309.3396,50440.56022497404,57068.30564780736,5556106.0,73.6967597835949,25.180829278373757,2.241343678959926,73.72649965767137,7.455229962259955,0
FIN,2023,49.874,5866.651739751117,14392.779541077927,50.2,5.229335295560461,52.93029866060287,295021982462.7503,52834.29167527031,56250.87878993193,5583911.0,74.0062548602828,23.46984401571571,2.337931742215446,73.72351625213844,7.441768653770232,0
FIN,2024,48.679,5613.991708000821,14819.27382835778,50.199999999999996,5.229335295560461,52.93029866060285,298696961297.6562,53149.76719340505,56123.147957983936,5619911.0,74.2637190463636,22.784213825766496,2.467359754749731,73.72351625213844,7.441768653770232,0
FRA,2000,538.0613,4130.1727005808125,7223.796333934523,9.3,9.1746704348889,13.736899809983813,1360959069477.4932,22340.593951621708,45922.4789363701,60918661.0,76.5143983146093,21.12868304973413,1.9844965512111736,28.366267742833283,55.30642916782633,0
FRA,2001,542.4665,4240.433269788545,7341.425465787748,9.4,8.189725765654286,14.918703255509252,1370376677298.86,22331.79483430362,46454.870692736455,61364377.0,76.9074413607811,20.76402472591303,2.002260156702542,28.57612023378792,55.131830410984314,0
FRA,2002,536.0793,4220.320248558155,7298.420430083138,8.7,9.145123179319684,12.45668735008398,1492427756382.434,24144.572701952864,46610.78207172138,61812142.0,77.2543866607525,20.364107540474414,1.9037838972118897,28.785972724742553,54.94146024677614,0
FRA,2003,539.6477,4296.546493121598,7528.933199924722,8.8,9.831733228894322,12.065445506476276,1835095983049.0945,29479.522210117502,46730.97580637896,62249855.0,77.4691216035138,19.923278667344547,1.7456066425660948,28.99582521569719,54.80025976435662,0
FRA,2004,541.1637,4327.203973024174,7661.146207696587,8.9,9.548247287271383,12.069340287395066,2109792297237.0325,33644.92822203642,47720.44133511029,62707588.0,77.4900500011961,19.668692029403555,1.7201855754796702,29.205677706651823,54.658873735968086,0
FRA,2005,541.8792,4313.696300242903,7652.666423280698,8.6,10.710497672989492,10.619856230503368,2192146403028.1704,34696.37183169715,48257.46509379712,63180854.0,77.4363315105438,19.3552308487449,1.582704032359623,29.415530197606454,54.53270247703868,0
FRA,2006,528.1981,4214.292346300393,7540.165685821499,8.5,9.619061038253934,11.79010348444602,2317861544690.8203,36431.565890655525,49223.24719700797,63622342.0,77.3467240068648,19.01889187814135,1.4270640937523564,29.625382688561093,54.38853325911494,0
FRA,2007,522.8757,4142.178191182093,7518.984443011836,9.4,9.889463781749765,12.560092879909016,2655816911866.5576,41486.19078287867,50157.783747763395,64016890.0,77.2457976606157,18.898894630168087,1.5167273576749971,29.835235179515724,54.19074125614621,0
FRA,2008,515.5236,4137.719899855621,7647.939616916574,10.5,9.351766973506724,13.6874971680324,2926802941585.859,45464.8181385158,50068.29691413794,64375116.0,77.1561901569367,18.633520397013125,1.4203067467799115,30.04508767047036,54.01261712589294,0
FRA,2009,501.2923,3938.386379554393,7342.59262865289,11.2,9.18673321826748,13.925444791715258,2700075882518.9824,41728.08841641321,48404.96578263635,64706436.0,77.1005391809676,18.01982415697329,1.2324157748144708,30.254940161424994,53.84525466184247,0
FRA,2010,510.8051,4040.439187393742,7737.802837689559,11.9,9.765548835648802,14.581047872162896,2646230027988.3384,40694.82116970245,49130.42294234402,65026211.0,77.0962844808803,17.59458850020222,1.5008804027463696,30.46479265237963,53.67158363484553,0
FRA,2011,493.1714,3951.0045041259496,7350.228027406447,10.6,9.90420236922621,12.409046294924208,2870408553990.278,43929.784087381166,50085.68297791092,65340830.0,77.1182717387509,17.68000487260476,1.5513727623139713,30.61953799053715,53.583078207625945,0
FRA,2012,495.3533,3929.206015572258,7473.827234687122,12.3,9.451918546825103,15.735668045158702,2683007095787.227,40863.581441233335,49935.626908161736,65657659.0,77.1669464919916,17.468434769995902,1.5259446894911508,30.77428332869469,53.52036367009927,0
FRA,2013,490.0011,3925.865459301906,7506.204891389627,13.4,8.774886722504464,17.949052588219143,2816077607875.2627,42669.17951118927,50066.53043247829,65997932.0,77.2440721470918,17.569993924121746,1.3614013787051102,30.929028666852215,53.38844048613044,0
FRA,2014,455.8541,3755.832441711235,7106.655263814955,13.2,5.832386517340258,17.424063612072473,2861236112552.4214,43148.0459288416,50326.56786308905,66312067.0,77.3524296788613,17.341619534936804,1.4615460012199284,31.08377400500974,53.37508117636144,0
FRA,2015,461.6707,3799.1926052671806,7208.301366562906,13.3,7.306739230526485,16.69125008837685,2442483452642.4985,36702.432373337935,50682.8953586333,66548272.0,77.7610919150066,17.23644154705802,1.503601160278979,31.23851934316727,53.30160497263197,0
FRA,2016,462.9622,3718.1705340151298,7276.875535113967,14.2,9.57766039233192,18.395483258402685,2470407619777.1265,37024.21571336689,50984.075297831965,66724104.0,78.5999114705779,16.943357239690386,1.3379847256444428,31.3932646813248,53.28513034604323,0
FRA,2017,465.7704,3705.411116441371,7229.039352927657,14.1,11.14295416200725,17.381394215982407,2588868323334.7104,38687.16264071637,51895.56629858378,66918020.0,78.6467804026368,16.748303264787566,1.434960065331969,31.548010019482327,53.24705260228222,0
FRA,2018,452.3491,3669.3706595044296,7156.8169008564655,15.2,8.039132503301976,20.43545558691026,2781576320884.39,41418.17664848442,52560.95362438406,67158348.0,78.6714432536599,16.72528325572604,1.5311017054357825,31.702755357639855,53.177660265330736,0
FRA,2019,443.9014,3605.5319002551137,7059.074669740363,15.5,8.929077691481133,20.628700031850812,2722793515171.7603,40408.28485747505,53448.55488499433,67382061.0,78.6890784549356,16.90700396035403,1.4082848547253466,31.857500695797388,52.915574914184994,0
FRA,2020,401.5864,3228.4891572703614,6685.615073480302,16.8,8.591454146259078,24.356568897896377,2647926055110.0464,39169.860600070715,49311.33340963903,67601110.0,78.7119131765249,16.272651205236027,1.460434265770403,32.01224603395491,52.72967065590501,1
FRA,2021,430.8782,3469.833985747731,6950.699610604283,16.2,8.344776573363017,22.803873364276576,2966433692008.092,43725.0999521245,52517.33549058552,67842811.0,78.7364603392338,16.087728957467164,1.4633454145789826,32.16699137211244,52.74172724742555,1
FRA,2022,417.181,3100.189781593201,6649.389317568372,16.2,11.869183738958604,22.803873364276576,2794788137066.937,40988.639640657944,53673.81374064215,68184457.0,78.7591921123356,15.769153788104976,1.7201713701883332,32.321736710269974,52.673889229056506,0
FRA,2023,390.7429,3136.1223746147525,6415.0261116031725,16.2,7.437126659818133,22.803873364276576,3056250648138.289,44700.138417754366,54296.723089773055,68372286.0,78.7804323126547,18.110984749383658,1.4847579630442362,32.4764820484275,52.50439743946562,0
FRA,2024,378.1202,3184.7895085475034,6447.211418811447,16.199999999999996,7.437126659818133,22.803873364276573,3160442622465.0776,46103.08408558839,54799.348268938855,68551653.0,78.7999750964116,17.21014819720361,1.2997945580257737,32.4764820484275,52.50439743946562,0
GAB,2000,27.9484,1153.0615531166725,847.4629421153804,72.8,38.40304182509506,89.18555133079848,5080483628.530126,3982.906200927996,21717.224079744698,1275572.0,79.5660404650438,56.25519649686824,6.213624521922288,91.97811153801374,8.021888461986261,0
GAB,2001,28.0148,1205.6201717229071,862.8661358640001,72.4,37.10021321961621,83.3596304193319,5023265413.2623,3835.7571827972743,21604.780444242315,1309589.0,80.4090993437448,47.71007450881048,6.143932582192906,91.9584778980867,8.0415221019133,0
GAB,2002,27.0928,1417.039686006059,883.9261486765269,79.8,37.24696356275304,83.417004048583,5335451099.882229,3966.4800186466255,20981.479858510167,1345135.0,81.2205241874174,47.31566679896349,5.74386163895503,91.93884425815966,8.061155741840338,0
GAB,2003,30.1883,1621.1664153700872,891.2359387998698,83.6,40.8735332464146,81.45501955671448,6511903365.475535,4710.74862768151,20875.45493264769,1382350.0,81.9970830091574,47.039168102841025,6.004020935132233,91.91921061823264,8.080789381767376,0
GAB,2004,27.9296,1829.6561845508436,869.437376944012,85.8,41.52046783625731,51.235867446393755,7770219008.212934,5465.791935907084,20438.9307067212,1421609.0,82.7355438220611,51.50053739665731,5.4672910425104675,91.8995769783056,8.100423021694416,0
GAB,2005,26.2776,2074.204584639886,868.4689732455525,85.2,47.93388429752066,51.11888111888112,9582783990.853456,6547.876139551863,20385.28999097419,1463495.0,83.4326746392243,59.922360810853334,4.98463861102881,91.87994333837854,8.120056661621454,0
GAB,2006,22.6362,2263.430173239906,891.0475576744454,86.2,42.78846153846153,51.84254807692308,10327598306.4575,6847.009856853938,19224.126865896917,1508337.0,84.0852434737431,59.466319655143394,4.911200314638279,91.8603096984515,8.139690301548493,0
GAB,2007,19.5624,2419.634659297298,912.4574213310698,87.3,53.34486735870819,51.84890426758939,12455409587.337095,8003.542896960487,19751.87622164082,1556237.0,84.6900183387136,57.22220572771073,4.957830802879572,91.84067605852448,8.159323941475531,0
GAB,2008,21.0407,2578.184798203382,921.492681257486,87.3,50.49396267837542,53.03567508232712,15571348344.337933,9688.645196906333,18493.092110334284,1607175.0,85.2437672472316,61.74200001094341,4.229842031948407,91.82104241859744,8.17895758140257,0
GAB,2009,20.463,2728.501385734962,881.7036560910376,87.9,47.94969928922909,51.67359212684527,12113699068.251694,7290.575260931136,17911.14584916608,1661556.0,85.7432582123932,50.44675322578068,5.044169792731008,91.8014087786704,8.198591221329607,0
GAB,2010,21.0057,2957.467414375604,896.574700894656,85.8,52.59067357512953,47.05025906735752,14372593020.288502,8356.746620133452,18530.57609360584,1719879.0,86.1852592472945,55.19246281157307,3.9144544172835736,91.78177513874336,8.218224861256646,0
GAB,2011,20.7041,2295.781421164864,908.5373894841988,79.7,58.32106038291606,41.285714285714285,18210307743.581623,10219.11393394536,19153.087820152483,1781985.0,86.5665383650315,60.88121046149473,3.432289779771583,91.7356618931191,8.264338106880894,0
GAB,2012,20.5927,1955.4080460584205,930.75436585523,75.5,57.407407407407405,42.08657407407407,17170464016.059284,9296.965879410882,19450.402706737947,1846889.0,86.8838635787001,58.8246016166913,3.3536977767633367,91.68954864749486,8.310451352505142,0
GAB,2013,20.3609,2771.538240401477,924.6970427989936,82.2,52.251023192360165,42.59663483401546,17595744798.339832,9197.701063239469,19836.45548520112,1913059.0,87.1482480671637,56.60861687568739,3.329080650746569,91.6434354018706,8.35656459812939,0
GAB,2014,20.5388,2602.6537663408494,933.0777057610724,81.3,52.31379462318202,35.03481710004407,18203966895.84335,9201.362766481054,20008.989977932204,1978399.0,87.6236017962969,52.722241650381186,3.621204769962435,91.59732215624636,8.35656459812939,0
GAB,2015,21.3991,2550.9604792747828,965.2183328768552,81.9,49.35817805383023,38.11345755693582,14383107762.695185,7047.126546343554,20147.711620240523,2040989.0,88.085308383892,48.18362729686609,4.311629044101457,91.55120891062212,8.35656459812939,0
GAB,2016,21.4436,2489.2417985990323,1011.2812133089178,81.5,56.581532416502945,32.36738703339882,14023890265.366455,6677.070039016437,19988.175596379177,2100306.0,88.5445883406178,45.037850904868414,4.973136909870677,91.50510342686384,8.35656459812939,0
GAB,2017,19.6958,2263.593356818295,1038.9911446984097,90.2,54.22718808193668,34.14338919925512,14929487485.162275,6921.73373135624,19555.707882975246,2156900.0,89.0009733256896,45.46730899381607,5.265764844076496,91.45899794310552,8.35656459812939,0
GAB,2018,18.3445,2294.9122010677397,1017.0328135466964,90.3,52.792792792792795,35.45045045045045,16867326401.962582,7624.277523377101,19225.59825752609,2212318.0,89.4539949981866,47.12708562385475,5.435952803058217,91.41289245934723,8.35656459812939,0
GAB,2019,20.2552,2211.812265164814,1072.4494268657402,90.2,53.401480437081425,32.80260086695565,16874405465.39104,7441.178647228097,19491.406763198625,2267706.0,89.9031850170394,47.67886409289059,5.5544308701412985,91.36678697558894,8.35656459812939,0
GAB,2020,20.0862,2143.3141226699313,1052.2966460412506,91.3,51.07618722241203,32.66810487885828,15342236163.986422,6605.803460775652,18681.48407389846,2322539.0,90.3480750410147,41.6943815013115,6.616197613510456,91.32068149183064,8.35656459812939,1
GAB,2021,19.1691,2106.983787948759,1063.2291029409414,91.3,53.441295546558706,31.588254172015407,19444935097.23948,8181.40914134656,18523.579803219334,2376722.0,90.7881967286967,50.067745803033546,6.769822809673654,91.27457600807234,8.35656459812939,1
GAB,2022,19.9382,2092.3840188036725,1050.7058118347982,91.3,51.8796992481203,31.588254172015407,20440655695.180443,8409.207414502802,18662.04979706208,2430747.0,91.2243355459988,56.12974144127358,6.506169415816745,91.22847052431403,8.35656459812939,0
GAB,2023,21.5533,2041.868466634664,1023.4269388668414,91.3,51.8796992481203,31.588254172015407,19388372070.97782,7802.824332761382,18701.422776689706,2484789.0,91.6375962797313,53.869796193640425,6.669425635553264,91.18236504055577,8.35656459812939,0
GAB,2024,21.782,2041.868466634664,1023.4269388668414,91.29999999999997,51.8796992481203,31.588254172015397,20895684425.67522,8230.043114511507,18923.66166116509,2538952.0,91.8632094677575,52.90024116541342,6.5591443806352405,91.18236504055577,8.35656459812939,0
GBR,2000,718.0791,3786.402810863092,6114.529259185641,1.0,73.94482177002088,3.358536501276955,1671597821152.9731,28383.87610949964,43115.56300822374,58892514.0,79.8241408315172,22.68096480770919,0.8051529790660225,12.210143429917744,70.11945604100359,0
GBR,2001,724.328,3785.6601241847025,6141.965636379619,0.8,72.82042885841331,3.111055669470801,1656171009068.6628,28013.872963550777,43976.83916857834,59119673.0,79.9838301298823,21.77330336484891,0.7584251596204223,12.253544413673376,70.07398834373579,0
GBR,2002,705.8175,3716.6233734706266,6142.732990245876,1.0,73.0171518879472,3.5582033126229837,1790536570743.4053,30158.70178078579,44539.46364928534,59370479.0,80.1146062677742,21.237002425823217,0.8997644490501789,12.296945397429008,70.16905716529574,0
GBR,2003,715.5774,3764.0619168817366,6174.4000095762485,0.9,73.66109322497853,3.353105741364849,2061227755102.0408,34556.77260959051,45759.40202807146,59647577.0,80.2331593332802,20.876085740854272,0.8312066040291421,12.34034638118464,70.08638862480882,0
GBR,2004,710.5496,3697.5038182510298,6138.604106944558,1.1,74.88113279871651,4.26119560223087,2429774807762.724,40504.41181039285,46558.129960069935,59987905.0,80.3423284929998,20.219825595282497,0.7414423313840333,12.383747364940271,70.47906419212168,0
GBR,2005,703.6285,3689.55051742336,6271.000615451288,1.4,73.88240669150208,4.987498619325428,2551361818181.818,42240.24629875466,47529.937751193305,60401206.0,80.4455938127627,20.264543213642057,0.5471587722492587,12.427148348695903,70.08638862480882,0
GBR,2006,698.5337,3601.050908121657,6200.554112770396,1.6,74.87930487663674,5.527308058255849,2719558417663.2935,44695.16102342395,48215.04866689382,60846820.0,80.5464353583991,20.19464440355055,0.5750703615501191,12.470549332451537,73.7320712602819,0
GBR,2007,685.4283,3443.5871599344273,6102.396767722784,1.8,77.69921049116874,5.93404211889756,3104699879951.9805,50629.07991728872,49243.25173687894,61322463.0,80.6483331957387,19.722902646016156,0.5533182662694324,12.513950316207168,72.94258669863184,0
GBR,2008,663.2773,3370.158111751704,6015.387093321719,2.4,79.38272906578754,6.771619526169212,2945251838235.294,47652.403069188105,48833.07123593769,61806995.0,80.7547673906116,20.074496775405574,0.6698218780602128,12.557351299962798,73.09552349853263,0
GBR,2009,607.9305,3144.0020132449163,5644.573767825209,3.0,73.49619171465726,7.786682943658607,2429358155475.9307,39009.37155478211,46241.80399573585,62276270.0,80.8692180088478,18.73336304552057,0.6809007281623439,12.60075228371843,71.61162319679246,0
GBR,2010,622.7241,3235.0538378612655,5712.741210997323,3.2,75.72089135034875,7.663209592727083,2496740681057.139,39778.32205285648,46917.89129748369,62766365.0,80.995165116277,18.556675510369537,0.5657123017825415,12.644153267474062,71.19414706733352,0
GBR,2011,578.65,2973.8312057375724,5472.53418140493,4.0,70.44731256437643,10.35838816370569,2675590034128.658,42295.927383532166,46949.02079813394,63258810.0,81.1359685592627,18.301021889942483,0.704214809469773,12.723515066341504,70.94614144587277,0
GBR,2012,599.4118,3028.7722334804353,5456.247743717725,4.2,67.98460663694573,12.141913402718837,2719715961539.831,42688.3263728372,47328.21003087024,63711000.0,81.2905667759508,18.28271692993237,0.6247865491709396,12.802876865208946,71.020543132311,0
GBR,2013,585.7784,2962.2976000642357,5395.749855781974,5.2,64.13956565800383,15.669031287252547,2796908333283.389,43606.98378963484,47820.28216270058,64139000.0,81.4573768694887,18.59271175223803,0.6408909199853332,12.882238664076388,71.30244285537138,0
GBR,2014,544.709,2767.961884127654,5118.92602909316,6.6,60.54282778572338,19.959255344034727,3085362169410.2915,47746.24217595623,48964.28635149618,64620000.0,81.6355750750722,18.3478341562377,0.7379473575863463,12.961600462943826,71.22721448352829,0
GBR,2015,527.898,2774.7968277460823,5078.263274336283,7.7,52.9457008889612,25.471031106246393,2945579890258.4585,45255.34492162086,49652.71881543972,65088000.0,81.8243772295647,18.13973535489332,0.6335528335864432,13.040962261811268,70.83867234323978,0
GBR,2016,502.4785,2696.9799902089567,5009.541664761382,7.7,52.38935376550056,25.48525408752068,2706807606538.7305,41257.908554555615,50346.85929257173,65607000.0,82.0229991698295,17.66779481782063,0.5904960955328706,13.05749596990865,71.71488364402927,0
GBR,2017,490.84,2658.9957732930297,4932.1620228602615,8.8,47.90489258481043,30.154491759747977,2699118387873.0957,40916.811507035374,51586.67561254453,65966000.0,82.23065673273,17.821527716188367,0.6061351635639909,13.07816310503038,72.19506675484645,0
GBR,2018,482.168,2632.150672107258,4901.869088385705,10.2,45.38682017365779,33.76612439961142,2897028009916.0503,43702.997630316495,52131.694824813305,66289000.0,82.4465657551295,18.00236604209234,0.5630977560361012,13.115363948249495,71.71852023312529,0
GBR,2019,464.709,2515.9734461950143,4775.404841590251,11.4,43.763741105967696,37.52052468992644,2875710080015.3003,43158.741126732304,52515.68444610904,66631000.0,82.6699420738913,17.873633853404474,0.5769296494701861,13.152564791468608,72.42299880130616,0
GBR,2020,421.5411,2317.408538683297,4511.027208438211,13.6,38.732104100519734,43.88367584834453,2724001478304.591,40812.67946638785,47158.985486323014,66744000.0,82.9000015258789,17.495717082721487,0.6837606837606838,13.185632207663373,71.3400491877816,1
GBR,2021,437.8694,2377.26368887082,4569.643496954496,12.2,43.12606719220314,40.1999760236135,3194559188925.9272,47691.37687994039,51004.42717142381,66984000.0,82.9886431523641,16.955316594995722,0.698210493866494,13.221455379655271,71.15752903732485,1
GBR,2022,423.3672,2254.3694158272147,4316.519732560204,12.2,41.58966640044234,40.1999760236135,3181244350465.4146,47057.04322917896,53139.15125220605,67604000.0,83.0753982997505,16.819859671771894,0.6811060582754638,13.255487124374818,71.98164179721408,0
GBR,2023,400.6095,2127.6084341819046,4231.370087017462,12.2,37.059633527839885,40.1999760236135,3420796653789.0806,49944.47021242014,52592.68220663928,68492000.0,83.1601932891335,17.671403303000837,0.6481808496877366,13.290713016161702,70.30732277931634,0
GBR,2024,386.6957,2071.0232953145783,4198.220321844394,12.199999999999998,37.059633527839885,40.1999760236135,3686033044482.128,53246.36761451085,52621.17902529789,69226000.0,83.2429544416085,17.124652306548597,0.6380707945822582,13.290713016161702,70.30732277931634,0
GEO,2000,11.2414,703.7906883304609,1574.391404151596,47.2,21.066810344827587,79.22009698275862,3057475335.1884646,749.9085349939613,5706.272365278365,4077131.0,52.4935999592259,20.99750128245437,20.602008902715493,39.72657936393726,43.171679378327816,0
GEO,2001,9.6209,640.3676242372395,1583.5598734846014,53.1,20.109557445581665,79.79515640766903,3219462262.007499,801.9838370792896,6074.086430172819,4014373.0,52.4098165040349,20.53640994905604,20.961941863949654,39.81551302345661,43.21485105770614,0
GEO,2002,9.6897,639.4694306033281,1653.380721198739,56.8,6.7521014193192785,92.4831197464517,3395766677.673153,853.5261718689393,6464.325396726477,3978515.0,52.4127676027039,22.73739270386266,19.24087982832618,39.904446682975966,43.22924161749892,0
GEO,2003,10.2473,684.6365773063636,1749.8638573022083,55.3,8.854748603351956,90.74301675977654,3991377904.131616,1010.0315163086844,7227.737059607012,3951736.0,52.5144705663341,24.085426372882143,19.301502784881073,39.99338034249533,43.258022737084474,0
GEO,2004,10.5342,708.0526135974144,1814.459659718792,54.5,12.637203928365109,87.05661467359907,5125365191.986644,1305.0474855720777,7693.915253920672,3927340.0,52.7173199317225,24.175768248119457,16.395061225736185,40.08231400201468,35.86127500359764,0
GEO,2005,11.1517,727.9456480777067,1916.4790290454584,41.5,14.187422595293794,82.98334938764278,6410912049.871047,1642.7835941479732,8485.58670534953,3902469.0,53.0036280624359,23.75805660491012,14.76994036606459,40.17124766153403,36.26421067779537,0
GEO,2006,11.7858,781.3440208310802,1769.1716745950814,37.2,27.061891038836283,74.12652669136818,7745250733.950674,1996.02013272284,9337.989064201014,3880347.0,53.3593916521584,21.71444317942842,11.198775915706422,40.26018132105339,36.235429558209816,0
GEO,2007,12.6692,865.6881246092388,1829.976907680981,36.2,18.170907345175227,81.98715794527124,10172931088.565523,2635.3665027611623,10567.274716475777,3860158.0,53.7706073945741,20.90056373500924,9.195706669491226,40.34911498057274,36.22103899841704,0
GEO,2008,11.7809,780.7884909250272,1881.5372114844188,36.3,15.272684254110963,84.81024488347332,12795145130.910282,3324.7537205015014,10856.103132800328,3848449.0,54.2232719833673,18.94374282433984,8.131628475116514,40.4380486400921,36.17786731903871,0
GEO,2009,12.7812,811.6048837679709,1833.0445606526184,36.7,13.390979200747838,86.66756251460622,10766920065.825115,2822.689396687966,10553.08963958534,3814419.0,54.7033821122222,18.926387190036696,8.101301011898144,40.52698229961146,35.94761836235429,0
GEO,2010,12.1896,824.6050830526251,2049.5445236545324,39.1,7.477281706835242,92.60075069142631,12426907967.157818,3281.7293093734293,11294.368591711209,3786695.0,55.1969344748228,16.87791051514741,8.865986726263037,40.61591595913081,35.40077709022881,0
GEO,2011,13.6246,943.6420900630116,2289.1348486506245,31.5,22.604473219540907,77.42260153031195,15475290469.286894,4119.668183071927,12288.682886115614,3756441.0,55.6899257648533,17.680036783018508,9.738871604276026,40.61591595913081,35.14750323787595,0
GEO,2012,14.798,993.8477224149408,2329.925870383392,28.7,25.49767921609077,74.4766374419804,16894392033.225578,4530.695334094308,13193.959697405351,3728874.0,56.1683526759979,18.846744452808544,8.565659389898556,40.61591595913081,35.04101309540941,0
GEO,2013,15.7351,1118.8661665153802,2498.3403574498852,32.4,17.775126752162244,82.22696093050999,17517660143.685932,4712.002293826649,13913.00182456612,3717668.0,56.6182119019407,18.033720914270027,9.21478687624408,40.61591595913081,35.77637070082026,0
GEO,2014,16.5346,1193.7818976040016,2693.9727602251323,30.7,19.631665220325907,80.37161315205863,17966015109.304302,4830.334861702489,14475.31353560347,3719414.0,57.0237612994258,18.171288695542525,9.2042368072631,40.61591595913081,34.767592459346666,0
GEO,2015,16.7896,1259.159978604844,2727.583137464177,27.5,21.960675713098865,78.03710883411797,15223796148.83962,4086.622346596499,14936.84341166466,3725276.0,57.3803800455672,19.76989290262823,8.54206032187102,40.61591595913081,34.797812634911494,0
GEO,2016,17.2103,1300.4989444552696,2873.235582514309,27.2,19.319163642647315,80.68740279937792,15444548901.963682,4143.4012568631515,15442.956435805378,3727505.0,57.6984032005062,19.1221601510136,8.00327332913851,40.61591595913081,34.451000143905596,0
GEO,2017,17.2876,1312.7861034606694,3068.397995281121,27.5,19.356517214465356,80.64244211256613,16473125375.068438,4418.752065466785,16237.624223027518,3728004.0,57.9996827205757,21.26748935655539,6.9186093372036765,40.61591595913081,34.31860699381206,0
GEO,2018,17.1467,1301.8772880932922,3268.9762029158883,27.4,17.402041488310832,82.60602568324003,17902544880.64707,4804.054604044404,17228.679084750325,3726549.0,58.3038181862576,20.90427645788337,7.561590338079076,40.61591595913081,34.166067060008636,0
GEO,2019,17.879,1371.179346722857,3311.953434273409,24.7,23.954116059379217,76.07911605937922,17638337116.9126,4741.283271587601,18186.8816465807,3720161.0,58.6304091780343,20.007371395245947,7.335486264730724,40.61591595913081,34.143042164340194,0
GEO,2020,17.5275,1327.386444554554,3150.656671097124,23.4,25.27108163813962,74.78268662066493,16010869215.679968,4300.85701291207,17031.144028342584,3722716.0,58.9990552763878,21.070955231075136,8.31654843439314,40.61591595913081,34.21931213124191,1
GEO,2021,18.5603,1425.967856150544,3604.854649046408,25.2,18.81376037959668,81.36670620798735,18853115588.81058,5083.606954845773,18915.653400526273,3708610.0,59.4293560618005,21.067561260786512,7.227317370397207,40.61591595913081,34.24809325082745,1
GEO,2022,19.7064,1543.5837998241132,3682.960978876241,25.2,23.775094763442368,81.36670620798735,24984568959.604965,6729.846599302833,20966.528039113447,3712502.0,60.0101622679115,21.329779714521,6.632355201756794,40.61591595913081,34.30565548999856,0
GEO,2023,19.6528,1530.0671212218626,3382.332794955595,25.2,23.93886766238277,81.36670620798735,30777833600.651455,8283.669606522612,22590.529364914593,3715483.0,60.7523077799724,18.87995486187757,6.015795081339316,40.61591595913081,34.13296877248525,0
GEO,2024,19.6028,1530.0671212218626,3382.332794955595,25.199999999999992,23.93886766238277,81.36670620798735,34189423544.995533,9241.49122313713,24883.908116163868,3699557.0,61.0789605093733,19.583739834533475,5.4854427212141195,40.61591595913081,34.13296877248525,0
GHA,2000,15.5406,322.1273346429661,320.210426322397,71.6,12.210992662328673,91.70012460196594,4982850662.208511,253.74693620334375,3327.351992917668,19637087.0,43.9373786640616,25.403922290765124,35.27152195930393,38.888151533796254,56.10231212094576,0
GHA,2001,16.1554,313.1657283660477,325.28276667273764,69.3,22.394706705687742,84.26644611273699,5314872854.440497,263.5421564948529,3369.50702508212,20167069.0,44.6410507317701,25.215979742951927,35.2418001245052,38.490120418387974,56.68467434297266,0
GHA,2002,17.5419,303.79721453566214,298.85108040816255,65.7,49.49814381960677,69.42802144919565,6166197847.850311,297.4616446877405,3425.6182093427806,20729388.0,45.3484692124806,25.275674348164216,35.148377061929516,38.0920893029797,57.35466071899447,0
GHA,2003,17.2106,281.21782636117837,212.33331635105057,64.5,45.29071744304659,66.27847670860251,7632723555.66221,358.39927142072963,3507.75105744843,21296705.0,46.0547973581418,25.20991509680657,36.54540590135389,37.694058187571414,55.33589346928013,0
GHA,2004,17.1198,270.19210386377944,210.9903569084343,62.4,16.227852293426064,87.65524093392946,8881417906.714323,406.1321053295653,3607.3652228502106,21868298.0,46.7572004525685,24.71675626512197,37.95242609300957,37.29602707216314,52.16477937944977,0
GHA,2005,17.8766,261.8933684492926,235.9079100332044,61.4,21.906305244549205,83.1246317030053,10744568381.44561,478.61190919102785,3721.3078574199576,22449438.0,47.4528437795757,25.125435941304204,37.45301293018359,36.897995956754855,53.26351234947702,0
GHA,2006,19.8197,274.133659952501,284.80035026710556,58.6,49.8932384341637,66.76868327402136,20885037596.696342,906.4410275648868,3857.861548476053,23040702.0,48.1388926229785,19.382094770281533,28.333095987362235,36.499964841346575,52.93043992265096,0
GHA,2007,20.3735,263.0254093027411,234.57975434601715,54.5,66.89595872742906,53.548294640298074,24827339138.49064,1050.124615249259,3923.125678037278,23642279.0,48.8125122665918,19.492806570099994,27.29411448466304,36.101933725938295,54.81344818493452,0
GHA,2008,22.0373,276.02373690345706,253.11396569707824,57.3,38.346948582412296,74.62518020182604,28679383241.07291,1182.6576125601646,4174.781241033644,24249946.0,49.4708679942306,19.399564552336063,29.408096757841435,35.70390261053002,52.758902610530015,0
GHA,2009,23.1533,274.26869255503476,254.92038986650823,51.9,23.23063183746372,76.94574681848627,26048720005.52326,1047.704300935863,4269.160058615575,24862664.0,50.1111250897099,18.514092129340096,30.99338420954034,35.305871495121735,54.10242331018722,0
GHA,2010,24.4987,296.0995897715015,272.1884734422912,51.9,31.189141339628208,68.95642765810956,32197655566.534702,1263.8925176053897,4495.6891658410605,25474995.0,50.7296926788704,18.014942806659683,28.03873796364906,34.907840379713456,54.49783774281445,0
GHA,2011,27.5222,302.77631143678724,305.8046786429691,50.1,32.689397311492925,67.45125968129618,39336668080.55898,1507.435731987529,5005.367324981874,26095088.0,51.3304086646488,23.863660093477932,23.663704967183964,34.852913773402484,54.0909101696405,0
GHA,2012,30.3638,328.52015145609295,336.6465840770355,46.5,33.24234904880066,66.88833746898263,41271701060.95403,1543.7752423576376,5339.7132190304455,26734268.0,51.9197918381031,27.136533585929513,22.131154690157228,34.7979871670915,54.277658433682,0
GHA,2013,32.4705,323.6711495244618,351.9656784716299,46.2,36.13028305544785,63.99379604497868,62845721959.82703,2294.795846937434,5593.774818869173,27386193.0,52.4985794475913,34.08982220659967,20.369842540671268,34.74306056078052,54.77312164894085,0
GHA,2014,32.6656,321.35470093533314,341.9206726921924,47.7,35.3145235892692,64.88567684242985,54678533805.906425,1949.908329238455,5619.072335115914,28041592.0,53.0663398797148,33.8982030516643,19.583773132466884,34.68813395446955,54.38452491869562,0
GHA,2015,33.96,325.60404922755095,306.2091991139692,44.0,49.411764705882355,50.85735294117647,49436806230.48395,1722.7728283360616,5607.366356574134,28696068.0,53.6226415210752,31.119379504683923,19.982650598575763,34.633207348158564,54.56409642260701,0
GHA,2016,34.6307,327.9304794328791,357.7031810955044,45.2,52.664125370605674,47.62685302837781,56144179397.85165,1912.479913399506,5666.077953345908,29356742.0,54.167052758274,27.693254649198895,20.844292919241855,34.81691131229674,54.31107585479475,0
GHA,2017,38.4321,351.1139713116854,408.8528147861759,45.3,59.8862828713575,40.37164179104478,60385409434.856674,2012.2866264126544,5993.630852110768,30008354.0,54.6991419779128,29.95221769336212,19.561709918423904,35.00061527643491,53.10698734288477,0
GHA,2018,40.4575,378.6574965755917,444.3888119771842,42.1,62.764647956671595,37.46744214672575,67259353965.60871,2195.3216601637732,6234.51208201488,30637585.0,55.218477566593,31.177743628107617,18.13655031925207,35.032345961149694,53.69403885031203,0
GHA,2019,42.6947,380.4211550623765,469.78552859029634,42.6,59.84827662030674,40.39178714749052,68352629246.15547,2186.6582268261286,6508.246523059009,31258945.0,55.7246279109161,31.10772437003121,17.323230201461975,35.06515538405418,54.84907376072922,0
GHA,2020,45.7,392.37309814048064,503.5466688852784,40.0,63.56516135428543,36.660734645318,70008243859.86661,2195.4548165998676,6412.685417624688,31887809.0,56.2171613974837,29.876754233718927,18.8537826616486,35.09739375027469,55.39375027468905,1
GHA,2021,46.5297,382.1918924285975,542.2116805840584,39.0,65.34415525528249,34.86709893896799,79514204730.3979,2445.18662529344,6607.502973783208,32518665.0,56.6952556826536,28.40501466968657,19.6574735227332,35.12867715891761,55.393019913594955,1
GHA,2022,46.9179,361.5628554864661,552.5028211883067,39.0,63.93577070833513,34.86709893896799,73919003209.98665,2229.89122647803,6728.45414012286,33149152.0,57.250609602871,31.470050505778985,19.513638202715818,35.16044310056123,55.393019913594955,0
GHA,2023,46.8225,369.3312878657647,564.9949268842107,39.0,63.93577070833513,34.86709893896799,80547146878.38431,2383.9041048341815,6808.537751650294,33787914.0,57.8074737774654,29.46662238173313,20.94306877972068,35.19219585730421,55.393019913594955,0
GHA,2024,48.0939,369.3312878657647,564.9949268842107,38.999999999999986,63.93577070833513,34.867098938967985,82308110386.46407,2390.77237652715,7055.624960093233,34427414.0,58.3654868038581,31.519769781916025,20.886745767488375,35.19219585730421,55.393019913594955,0
GNQ,2000,12.0666,342.9458101471095,89.58037990612544,45.9,89.70588235294117,10.294117647058822,1045998496.4387156,1487.3165506700975,11767.470881431287,703279.0,38.8154587133988,,,93.2470588235294,3.6666666666666665,0
GNQ,2001,13.3403,346.0837658978483,165.36949412938296,46.1,70.67669172932331,5.36842105263158,1461139022.0295386,1948.6114590784368,18031.964975073995,749836.0,38.8638365386531,,,92.94912655971478,3.6666666666666665,0
GNQ,2002,10.4844,450.9282370720841,155.39684469213253,31.3,70.67669172932331,5.36842105263158,1806742742.2731116,2264.210655803648,20242.430968439872,797957.0,39.1969150391705,,,92.65119429590015,3.6666666666666665,0
GNQ,2003,11.7233,453.514851450604,154.5062757854462,29.5,72.3404255319149,5.0638297872340425,2484745935.093289,2930.6018374373293,21709.57512419592,847862.0,39.895902485648,,,92.35326203208557,3.6666666666666665,0
GNQ,2004,16.1846,1539.1056670147025,178.90538794133238,7.2,77.45664739884393,4.046242774566474,4410764338.667325,4901.301274081193,28225.98581612203,899917.0,40.9304009672368,,,92.05532976827094,3.6666666666666665,0
GNQ,2005,15.595,1487.7083024944084,177.33359933373234,7.1,78.45303867403315,3.867403314917127,8217369092.652237,8673.902608653496,31302.95795387398,947367.0,42.2814597171299,,,91.75739750445632,3.671301247771836,0
GNQ,2006,16.9413,1434.6772636026203,179.7357077295442,7.0,79.6875,3.6458333333333335,10086528698.86043,10184.884124854148,32251.768008251925,990343.0,43.9301279685204,82.9149022419933,1.5182552777264793,91.45946524064172,3.6759358288770057,0
GNQ,2007,18.1334,1526.6814741809133,189.18115446834304,8.5,81.60377358490565,3.30188679245283,13071718758.737305,12616.95329420112,35540.44775636574,1036044.0,45.8574549546013,81.30169858010854,1.3728840440035317,91.1615329768271,3.6805704099821743,0
GNQ,2008,16.9897,1468.2284709839469,177.95727181359666,7.2,93.30143540669856,3.349282296650718,19749893536.32036,18210.55529705989,39994.61597906466,1084530.0,48.0444899085658,84.34919432792933,0.8926961195743108,90.86360071301247,3.685204991087344,0
GNQ,2009,14.3462,1443.3306236700264,198.12040966017503,9.2,94.28571428571428,2.857142857142857,15027795173.218706,13232.501937810184,38706.6052512135,1135673.0,50.4722820636069,75.32473242718808,1.0581997906120406,90.56566844919786,3.689839572192513,0
GNQ,2010,14.991,1408.8289312925149,214.45060697931603,5.7,94.92753623188406,2.536231884057971,16314443436.290297,13720.165872322244,33668.87406548518,1189085.0,53.1218806529176,74.7445614275894,1.0613712857053132,90.26773618538324,3.6944741532976826,0
GNQ,2011,15.0466,1508.5449400348114,285.86728510631445,5.6,96.4467005076142,1.7766497461928936,21357343668.944725,17198.213666827498,34341.934260750466,1241835.0,55.9743349096911,78.06487369339537,1.0535023877748215,89.96976827094474,3.699108734402852,0
GNQ,2012,14.8438,1488.711786540859,509.477124940954,4.4,90.84699453551912,9.153005464480875,22388344143.913067,17308.57239245747,35711.491927353694,1293483.0,59.0106940671203,77.31150427133136,1.0556570917958086,89.67180035650624,3.7037433155080217,0
GNQ,2013,13.9883,1727.4845839923253,556.3734848293516,3.7,84.75390156062424,15.24609843937575,21948834283.785564,16304.071319641816,32894.36931891009,1346218.0,62.2120073583984,72.44925774323946,1.1919906801527345,89.37383244206774,3.708377896613191,0
GNQ,2014,14.0647,1526.6346228931195,732.2328171746815,4.9,61.444734551784165,11.053089643167972,21765453081.9826,15548.662465661924,31765.899705685137,1399828.0,65.5593240167184,70.19094521819041,1.2942487716402906,89.07586452762924,3.71301247771836,0
GNQ,2015,14.2815,1370.9067756312747,793.0268659344408,5.5,64.04926866820631,9.776751347190146,13185496881.0174,9068.910032386446,27797.79428031792,1453923.0,68.951270615355,59.10058726790859,1.8883908756680208,88.77789661319073,3.7176470588235295,0
GNQ,2016,13.1735,1554.856561245403,822.1797576691469,4.8,66.30901287553648,9.09799713876967,11240808847.887815,7453.197979485167,24435.064556480145,1508186.0,69.253269853051,52.330254328279814,2.3322392093276143,88.47985739750445,3.722281639928698,0
GNQ,2017,11.7778,1338.099955305934,757.1703972616417,5.0,67.1417854463616,9.559639909977491,12200913878.98272,7809.104656554882,22250.438923026337,1562396.0,69.5516019132985,56.86222809290592,2.3154633968627194,88.18181818181819,3.726916221033868,0
GNQ,2018,10.6495,1413.004559254817,752.2787984820795,4.8,67.2821270310192,9.411373707533237,13097012133.615946,8102.470848340313,20165.47955506073,1616422.0,69.8396623666175,57.29508161792209,2.257979688203853,87.88377896613191,3.731550802139038,0
GNQ,2019,10.0244,1275.6594371053427,749.6211479382125,7.4,68.09116809116809,9.094218415417558,11364133549.747766,6804.149230738878,18446.591657968052,1670177.0,70.1175419547293,52.0754100364789,2.4378785742038103,87.58573975044564,3.736185383244207,0
GNQ,2020,9.7695,1116.5645055534912,732.9003511862732,6.5,65.34372785258682,9.047585227272728,9893816007.7398,5764.055029129468,17089.153726379038,1716468.0,70.3853314193247,45.40541057580785,3.15157383866339,87.28770053475937,3.740463458110517,1
GNQ,2021,9.2975,1295.329676488072,732.8918924758327,5.2,67.47404844290658,8.823162274618586,12215878032.716583,6945.630697945393,16821.44864704129,1758786.0,70.6431215020592,50.20179211396805,2.8263690019315018,86.98966131907308,3.740463458110517,1
GNQ,2022,9.1255,1278.545212013307,745.199038560169,4.2,68.74585268745854,8.823162274618586,13687643435.6249,7589.299649093813,16932.77068271548,1803545.0,70.8910029445467,56.21099906178355,2.4897830321452545,86.6916221033868,3.740463458110517,0
GNQ,2023,7.9747,1271.3504222100846,792.4011758280836,4.2,68.74585268745854,8.823162274618586,12337550583.753971,6677.793435386001,15688.23841926583,1847549.0,71.1290664883517,46.503808167649865,3.093410455403847,86.39358288770053,3.733333333333334,0
GNQ,2024,8.1387,1271.3504222100846,792.4011758280836,4.2,68.74585268745854,8.823162274618584,12765777677.062157,6745.40013244916,15454.42849356404,1892516.0,71.3574028749806,45.75265056754764,3.1490704594748444,86.39358288770053,3.733333333333334,0
GRC,2000,120.0041,2512.0200385849353,4586.329870010646,7.8,91.2244860056089,8.472781977230095,125760166224.80498,11638.201069721485,31386.639783623996,10805808.0,72.665642910984,18.71341353255547,5.502513635109675,27.93040806826998,66.16757176105507,0
GRC,2001,120.7954,2583.5612808738833,4719.147217139324,7.1,93.17927901087442,6.629115149709519,132050474720.03008,12156.957282422094,32675.929232776783,10862132.0,72.8460703788502,19.152100773742458,5.362219493977715,28.164366951124904,65.46159813809155,0
GRC,2002,121.3174,2603.605622714795,4909.639698030329,7.3,92.03779665983006,7.764613243480809,150253800085.8646,13782.195640942991,34081.028975934314,10902022.0,73.0977109642516,19.02446093623163,5.221031534995557,28.398326609775022,64.7245927075252,0
GRC,2003,124.6191,2672.759822158167,5091.292424005337,7.6,88.71406338184741,11.044962460022916,196930509813.3843,18020.612039764048,35970.70168084745,10928070.0,73.432268024093,20.506337971251256,5.324054269388795,28.63228549262995,64.01861908456168,0
GRC,2004,124.7129,2717.4710044009657,5200.024353862721,7.8,88.89562902301755,10.869527853604287,234979615898.22455,21449.255276424516,37811.49136644826,10955141.0,73.8267602923728,20.477327781342176,4.54970535485524,28.866245151280054,62.684251357641585,0
GRC,2005,126.783,2758.674960217511,5297.200025411124,8.0,88.17227590803066,11.662612462512495,242315668619.40533,22054.131575688592,38146.96297108296,10987314.0,74.2617376694311,18.40068843904291,4.477181098992167,29.10020403413499,62.10240496508922,0
GRC,2006,123.3417,2748.700869260193,5434.576468540688,8.5,86.3231834706937,13.636661238052938,269073415333.6761,24416.023297027456,40483.15692253366,11020362.0,74.717750055608,20.50137780704635,3.2855767441616295,29.33416291698992,61.000775795190066,0
GRC,2007,127.7455,2737.504718222835,5701.330853593976,8.1,91.4892276678846,8.472722691193146,314226996944.10803,28440.762532895544,41796.233691830275,11048473.0,75.1753473512439,18.74614719736002,3.1547429816214665,29.568122575640025,60.14740108611326,0
GRC,2008,123.2312,2749.779263343146,5805.1925460926905,8.3,89.63748450956093,10.333542486940972,351121399546.4851,31695.83310922093,41709.387742031184,11077841.0,75.615079456679,16.671138214050305,2.895058677158159,29.80208145849496,59.402637703646235,0
GRC,2009,117.4857,2654.843234385848,5625.632876946168,9.2,86.22432344310401,13.745973263775676,326829054686.306,29425.457320026253,39886.21354966643,11107017.0,76.0174962722535,16.093479976972603,2.9258239563465427,30.036041117145075,58.650116369278514,0
GRC,2010,110.7949,2487.5291892529417,5334.608479319176,11.4,81.37967076038673,18.39547077780681,296417644404.0339,26653.048800862583,37566.7483686263,11121341.0,76.3631476983077,15.06552778581007,2.914210207881199,30.269999999999996,58.09930178432894,0
GRC,2011,107.934,2413.161298167944,5389.3331222553215,11.4,85.66525338178882,14.145904838818224,283228079776.04144,25504.786651012444,33906.49174356758,11104899.0,76.6352609929407,14.37924097885072,3.0618456010826964,30.269999999999996,57.377812257564,0
GRC,2012,103.4296,2408.7557654466436,5534.897158545156,14.2,82.94099312652766,16.96023556816877,238841140018.23288,21624.346052551045,31250.22685659556,11045011.0,76.8679797449322,14.799819110536722,3.419082078281966,30.269999999999996,56.501163692785106,0
GRC,2013,95.8496,2133.1283585259507,5028.995794061783,16.6,74.67805151175811,25.173449748040316,236556279640.70535,21573.34497628047,30762.443222781287,10965211.0,77.0951999650171,15.064315279116036,3.351462238794315,30.269999999999996,55.49262994569434,0
GRC,2014,93.0221,2128.7923167777703,5062.606421552323,16.4,75.4170464001268,24.38411855608828,233911581521.06232,21474.72571238919,31213.376512029787,10892413.0,77.3130486275866,14.144282569928004,3.5334610543038387,30.269999999999996,48.10705973622964,0
GRC,2015,91.4404,2148.047079161506,5229.425362052247,17.5,71.05679145622085,28.727262212283613,194567373678.09912,17980.72982381374,31347.97657460404,10820883.0,77.5194426317545,14.440614392745085,3.82153798821664,30.269999999999996,48.09154383242824,0
GRC,2016,89.9567,2109.416566842886,5500.8499930075905,16.4,72.22160990484589,27.398692090084133,193097239005.87012,17919.24263770477,31468.61984710985,10775971.0,77.7122988766348,14.305335994180735,3.458129415333269,30.2699767261443,47.602792862684254,0
GRC,2017,90.4258,2148.0515638287025,5616.3461503593,16.4,74.88691057793218,25.111840914848187,200381103984.298,18631.99301292935,31995.41088383864,10754679.0,77.8895342613411,13.54389389011316,3.752270209453902,30.2699767261443,46.963078355314195,0
GRC,2018,87.9204,2089.3604421367345,5059.0326065263735,17.9,69.11306372272915,30.349742780969542,213298873494.3936,19873.401523877143,32722.331044402927,10732882.0,78.0490656849874,13.680407638637924,3.5257309034162576,30.2699767261443,46.110864235841746,0
GRC,2019,82.0806,2058.543384077098,5118.461062928959,18.5,66.19298317772385,33.20850985069716,207305649887.0193,19335.360200296866,33502.75064889967,10721582.0,78.1888100466875,13.413957241829308,3.661519339313115,30.2699767261443,45.489264546159816,0
GRC,2020,72.2833,1839.4881889226335,4851.2894071457395,20.1,63.33547491243705,36.58123147706783,191362985554.86124,17886.733165236048,30487.112933104487,10698599.0,78.3066842455552,14.295602187419448,3.9238294812331977,30.2699767261443,43.63584561675717,1
GRC,2021,73.506,1924.001719971773,4994.414434309027,21.5,59.35666636205794,40.56401352462762,218303801895.32596,20654.7001960815,33531.155112259956,10569207.0,78.3884898647442,14.771197778935816,3.531734881050931,30.2699767261443,44.312867339022496,1
GRC,2022,74.6243,1957.798720505032,4827.7828569873645,21.5,57.000189861401175,40.56401352462762,217990189600.6896,20886.524308762862,35831.344178120526,10436882.0,78.5502190980809,16.72011434961113,3.784907319482119,30.2699767261443,41.67601706749418,0
GRC,2023,70.598,1874.9562305559025,4693.509424252146,21.5,50.601009696289765,40.56401352462762,242946187738.26895,23343.710396456216,36700.51346310555,10407351.0,78.7746303842088,14.84776115244616,3.742220179076828,30.2699767261443,41.67601784328937,0
GRC,2024,71.5001,1921.301690850094,4685.955990571578,21.499999999999993,50.601009696289765,40.564013524627605,256238371778.11792,24626.148185897266,37474.2798239947,10405134.0,78.9967856500534,14.998522003119652,3.765512541307995,30.2699767261443,41.67601784328937,0
GTM,2000,21.6452,615.9592742653471,329.12756745148914,62.7,48.28042328042328,58.60681216931217,19288929030.05078,1648.9657897155912,8770.404087087503,11697592.0,43.2434755105047,19.791116277918334,22.821147934217947,39.279581933557296,44.43561030235163,0
GTM,2001,22.525,617.5991109019959,433.27071265429527,61.3,52.69507991225322,47.55374490755249,18405220247.44124,1537.6866357825168,8771.15520620407,11969422.0,44.678095600504,27.342073498987663,14.172146839788557,38.82549458753266,45.01819708846585,0
GTM,2002,23.6303,691.7724924754023,465.0967202760859,63.8,58.53413654618473,41.0421686746988,20444205991.02497,1669.335174697054,8901.536338198037,12246915.0,45.7754731938848,27.18268952472967,14.170286852765738,38.371407241508024,45.60078387458007,0
GTM,2003,23.5042,690.1524554881349,467.1941415195881,64.3,58.97048730267673,45.13260123541524,21576351798.91448,1722.547019107736,8926.153580028447,12525842.0,46.5865389722105,27.442496614773436,13.46912789639368,37.91731989548339,46.1832773422919,0
GTM,2004,24.3317,695.8072925883016,482.14306070817486,66.1,55.2203874658692,58.59173059420102,23577298094.657063,1840.9118488399963,9003.857190032166,12807402.0,47.326819486636,27.88335508637913,13.073543299618448,37.46323254945875,44.074281448301605,0
GTM,2005,25.6291,696.5325562646077,509.7944020265245,65.2,52.5158404770779,59.30711889675736,26783389293.92199,2046.4661165075804,9099.723288457008,13087629.0,48.0557951573834,27.581137240481397,12.58996769360019,37.00914520343411,42.57185516983949,0
GTM,2006,26.2443,686.7669204711166,529.7940319098791,64.7,48.040656380112665,54.58584374234632,29744246827.183907,2225.1234753877984,9386.00114713774,13367459.0,48.7676356188334,28.269045356287975,11.449068285382136,36.55505785740949,40.271101157148195,0
GTM,2007,27.3181,720.4160376140027,545.4862423491288,63.3,52.38095238095239,50.514902363823225,33567850824.10393,2458.8157391938444,9772.805390173202,13652040.0,49.4565105053665,27.884363820643703,11.637607927039133,36.10097051138485,41.50802538260545,0
GTM,2008,26.7725,686.7415092745674,544.8084107166512,66.5,44.5859142005047,54.699587061252586,38503720224.31663,2763.0598817292575,9889.572099748546,13935174.0,50.1165894513633,28.116816136254975,11.333664890346348,35.64688316536021,41.37737961926092,0
GTM,2009,28.1106,721.330649706263,555.3753546013604,65.3,50.8897977230021,45.19973471869128,37126148264.6383,2611.6463277335247,9740.709361308322,14215611.0,50.7420420912045,27.525974515032903,11.848607897806328,35.19279581933557,40.77640910787607,0
GTM,2010,28.2108,714.079473957746,546.823362467821,67.1,36.1520296862701,63.49477116833464,40676578423.48709,2805.2596023732153,9825.017679682504,14500112.0,51.3270380592706,27.491826537329217,11.234151690189725,34.738708473310936,40.28742067935797,0
GTM,2011,28.7971,714.309783013341,552.0504625231018,67.1,35.598388326255034,59.911476480836235,46876006272.23869,3168.98370607705,10032.088632464956,14792126.0,51.8657469899423,27.943621226754335,11.258742752003558,34.48338932437477,40.07838745800672,0
GTM,2012,29.7714,734.097136106577,564.0290988914452,67.4,33.54871794871795,63.57178014766202,49593929487.1263,3286.619593362674,10126.828362198645,15089647.0,52.3523385176,28.12343711733357,10.72274975333672,34.2280701754386,39.77603583426651,0
GTM,2013,31.4487,739.0059576577155,574.6283453725619,67.2,32.74809160305344,64.99027088897368,52996420177.44088,3444.158022758641,10297.839571041144,15387337.0,52.7809822766245,22.95295997375647,10.356226201118636,33.97275102650242,39.40836132885405,0
GTM,2014,33.1371,756.3332181075998,588.2005965542694,66.2,32.80742877749729,65.27378378378378,57852159007.62432,3689.145104102025,10553.564224429749,15681725.0,53.1458479013964,23.192714371884353,10.074482462942107,33.717431877566256,39.98600223964166,0
GTM,2015,36.2339,787.3338025724494,616.6515451694909,63.3,42.03270827981848,60.39779336298323,62186066547.6566,3893.5053329906823,10785.95846157768,15971743.0,53.4411050262961,22.737510480983545,9.96700294850351,33.46211272863008,41.65733482642777,0
GTM,2016,37.8414,833.619564464987,641.7821640985545,63.2,40.20403245240581,60.45955705344247,66053408205.88381,4060.137847376433,10872.593996291636,16268760.0,53.6609232857043,22.61443929932506,9.661394779903762,33.3538633818589,41.93542366554684,0
GTM,2017,37.3122,817.7430372928344,633.1728108472582,65.0,29.853395061728392,66.50065520696832,71653780740.42258,4324.997689156005,11005.45939766533,16567357.0,53.7994723140017,21.90490143152917,9.696283212316722,33.24561403508772,42.213512504665914,0
GTM,2018,39.5869,833.8962896444282,653.2236593525286,64.0,37.976207336071376,63.175097276264594,73328356007.6152,4352.9459328970715,11192.372055507974,16845685.0,53.845962303542,21.426435209494414,9.435508815375448,33.13736468831653,42.49160134378499,0
GTM,2019,40.9733,851.6412180907369,653.9481307168937,62.8,41.26600521436848,62.801461544027205,77172331693.4093,4511.998395526965,11466.376582279534,17103803.0,54.1882267267974,21.942253381581637,9.408723757108394,33.02911534154535,42.76969018290407,0
GTM,2020,39.5449,823.816459269202,680.0010946387188,65.5,29.857643288365505,68.14690990320179,77719468248.36661,4477.617850006646,11097.150411530003,17357325.0,54.5483167911628,22.329462210560692,9.926319180430305,32.92086599477417,43.03844718178424,1
GTM,2021,42.5174,924.2728792205652,784.8329275256909,62.1,26.543528803926637,60.61031167322708,86455522272.73833,4912.622404146814,11825.141273764004,17598650.0,54.9047071553758,22.242050723670364,9.173489438725326,32.81261664800299,43.03844718178424,1
GTM,2022,41.4873,887.900483971214,670.6119725051893,62.1,23.586040914560773,60.61031167322708,95641446500.65228,5358.70156997677,12147.930968407369,17847877.0,55.2581228215265,22.6306600546867,9.082101418286175,32.7043673012318,43.03844718178424,0
GTM,2023,42.9929,934.9309208612073,733.0824143090272,62.1,23.586040914560773,60.61031167322708,104368755054.60054,5758.327608478517,12384.948508093956,18124838.0,55.6082319565539,22.306438621332276,9.686707524590348,32.59611795446062,43.03844718178424,0
GTM,2024,43.4722,934.9309208612073,733.0824143090272,62.099999999999994,23.586040914560773,60.61031167322708,113199581158.20274,6150.025714385053,12640.887502314612,18406359.0,55.9547027274763,21.734729827908136,9.779931564300496,32.59611795446062,43.03844718178424,0
HND,2000,10.9713,456.2448121172424,488.76724690864216,55.2,38.02624384909787,62.27747402952433,7186638029.058749,1092.564007462518,4579.689608409841,6577773.0,45.3233354392127,29.380933896649168,14.372523538688585,60.579765841451426,26.231119849852536,0
HND,2001,12.0638,478.94695483519587,499.85254497896045,50.4,50.293442204644045,48.92829803521306,7651162302.345604,1132.1648753328989,4578.947879447725,6757993.0,45.8623033555915,27.695060705632784,13.165990658333312,60.39851640003574,26.24005719903477,0
HND,2002,13.289,488.702609745866,514.9261571679148,49.8,59.45489628557647,39.25832127351664,7858255412.860379,1132.4996534531656,4627.022787234557,6938859.0,46.4194190064116,27.26238826445846,12.18341273982593,60.21726695862007,27.06229332380016,0
HND,2003,14.8471,517.3497616863492,538.5426731859266,47.9,59.99130245705588,38.35051098064797,8230391346.672281,1156.0816268135652,4714.867010009714,7119213.0,46.990184604045,27.37165815465579,11.614098522733162,60.0360175172044,28.17946197157923,0
HND,2004,15.9352,546.8656009100871,550.2128101489054,46.7,68.9005871633934,29.307754606195584,8869299234.337696,1215.1399541276094,4885.3425834342215,7298994.0,47.5739776096056,26.537838800055724,12.170704146866244,59.85476807578872,28.06327643221021,0
HND,2005,15.0826,529.2973684532548,564.56266117348,51.4,66.58273381294964,32.33237410071943,9757012696.562117,1304.7003915382616,5056.675444125511,7478355.0,48.1703884178554,26.24004475709588,12.470924758663251,59.673518634373046,28.15264992403253,0
HND,2006,16.2338,563.8159545858406,584.1841638944148,52.2,62.89622956289623,36.26176176176176,10917477066.142908,1425.8478005189231,5263.150290995781,7656832.0,48.7790074235564,26.784883269991468,11.856579151477549,59.49226919295736,28.242023415854856,0
HND,2007,17.495,589.5941790132739,632.9454824489412,50.6,62.16814159292036,37.55072692793931,12361257680.562689,1577.7378919740734,5461.901518890309,7834798.0,49.3994250214704,26.15666925835477,11.911047441592826,59.31101975154169,28.242023415854856,0
HND,2008,17.8039,585.573728824361,646.4828400615182,50.0,61.18228849665247,38.43061472915399,13881731875.746613,1732.4906270280264,5566.706394877225,8012587.0,50.0312316063593,25.94977686269444,12.150170206263391,59.12977031012602,28.45651979622844,0
HND,2009,17.8018,565.8471971271844,616.9795256327337,50.5,53.45030921904213,43.301596433194305,14587496229.18111,1781.1570361467352,5313.755739677915,8189899.0,50.6740175729851,26.02195969846774,10.825041486444617,58.94852086871034,28.581642684779695,0
HND,2010,17.8642,561.8185075367583,646.6745032619409,53.6,53.107304643261614,46.33706115515289,15839344591.984163,1893.3272266203455,5396.072279277437,8365878.0,51.3273733161098,25.587130704409827,11.591220437975716,58.767271427294666,29.207257127535975,0
HND,2011,19.1192,607.4158058729679,640.4714994280836,50.9,55.59934764881761,44.65371024734983,17710275685.407448,2073.661210880738,5488.433715963321,8540583.0,51.9908892304951,25.81421601431284,14.21965580169765,58.56771829475378,29.591563142371974,0
HND,2012,19.7832,611.2126929445216,639.9255726513458,49.3,54.89843147338648,45.24427873489329,18528554397.56951,2126.0347468650316,5600.6077605497,8715076.0,52.6641557109031,26.11357180118362,13.56629403470611,58.36816516221288,30.011618553936906,0
HND,2013,20.1678,613.6204947387774,647.2966645885076,51.1,57.53323485967504,42.58739537173806,18499729214.904022,2081.128435279448,5644.1338480204495,8889278.0,53.356379133253,25.40931971528079,12.191127940396145,58.168612029672,30.11886674412369,0
HND,2014,20.1338,604.0930432177267,663.7889239491645,52.2,59.4542381067375,40.60830717218064,19756533971.869846,2179.8817197727058,5705.162462654839,9063122.0,53.8768089124249,24.510778796214005,12.538350133310502,57.969058897131106,30.163553490034857,0
HND,2015,21.1974,659.3940734018028,687.105167578639,50.8,55.709074831435835,45.916436387752846,20979791685.41604,2271.2026598034863,5812.534887910499,9237305.0,54.3828473751434,25.649970938642745,12.215978446811636,57.76950576459022,30.163553490034857,0
HND,2016,20.2606,616.3914054277399,699.2917837996341,52.7,51.774418355312534,52.11397019406026,21717604952.183525,2307.3446835108152,5926.49025534228,9412380.0,54.8868414578857,25.82789749756968,12.049901405846365,57.58378764858343,30.60148359996425,0
HND,2017,19.7636,537.5923821831519,737.1609312632892,45.6,42.508229797175325,61.23117765742806,23136247990.597725,2413.007656294202,6099.607349194135,9588137.0,55.3877322339915,26.53892230996148,12.669768109487803,57.39663955670748,31.173473947627137,0
HND,2018,19.6329,565.0779162930916,739.3594198179046,48.9,36.973239003383576,66.76427765815647,24067750760.49897,2464.642415319176,6219.279737750595,9765210.0,55.8852577716247,26.592458797371528,11.610160461364448,57.20940209133971,31.361158280454017,0
HND,2019,21.0585,583.5919114323106,776.979600916486,46.2,46.61534128250868,57.20439395361938,24882225741.811867,2502.327443280727,6264.0188427671455,9943633.0,56.3791561389766,26.724316896431283,10.638033409475147,57.02216462597194,31.361158280454017,0
HND,2020,20.4058,544.5738556792841,676.9015498575048,50.2,44.48507610199644,57.48458193318837,23352232483.75501,2307.6149431951144,5603.263983777774,10119640.0,56.8691654042685,25.35785721527596,12.188067140755257,56.83492716060417,31.62034140673876,1
HND,2021,21.739,569.9664705688833,780.4758016057918,45.9,38.552158273381295,64.62095323741008,28144331506.614887,2735.1475150397705,6202.980788120369,10289877.0,57.3550236357547,25.820159314677333,10.893051926619322,56.647689695236394,31.959960675663595,1
HND,2022,22.2038,573.3444450829033,757.0811263746346,45.9,40.50242397531952,64.62095323741008,31426041806.798485,3003.289968263993,6352.587101777318,10463872.0,57.8364689017254,25.908424768948844,12.47327302444554,56.46045222986862,31.959960675663595,0
HND,2023,23.7822,593.6295508405369,752.1007104749517,45.9,47.943477163764825,64.62095323741008,34355805527.97949,3227.4576250977575,6467.880035278305,10644851.0,58.3132392705102,25.824819269638976,11.978794840663154,56.27321476450084,31.959960675663595,0
HND,2024,24.3871,593.6295508405369,752.1007104749517,45.89999999999999,47.943477163764825,64.62095323741005,37093565854.04368,3426.4348332892264,6585.855357178611,10825703.0,58.7850728104829,26.12593975521957,11.218653718505331,56.27321476450084,31.959960675663595,0
HRV,2000,25.4136,1882.6070710667943,2828.8150621869336,26.8,42.62919953904796,57.37257335342611,22134411297.473034,4953.651587890217,21302.25036845364,4468302.0,55.6818319251231,24.202288754167274,4.967472690531985,33.713692946058096,20.90785520103019,0
HRV,2001,26.4732,2033.2144399049455,2993.2724631492574,26.9,43.64118978843001,56.35490670622219,23066883849.646683,5364.838246916065,22826.624492874085,4299642.0,55.6913829056559,23.80425481407763,4.9627469209302655,33.77629131492345,21.0688224352554,0
HRV,2002,27.202,2081.900276218858,3191.4097384252705,24.6,53.66426558095835,46.33886626996555,26757722428.678143,6219.581641439454,24137.114428154284,4302174.0,55.6745468592554,22.91319968818565,4.84218764766313,33.83888968378881,21.122478179997135,0
HRV,2003,28.7411,2229.3417399656555,3257.889867985748,24.8,58.36100211288861,41.639752490190155,35245317001.822365,8190.111351938866,25473.90551568844,4303399.0,55.6386960202113,23.34093035839758,3.9360953159101286,33.869987849331714,21.370881280823387,0
HRV,2004,29.2222,2228.325793002927,3429.3546438693493,26.6,44.77483917083631,55.22301644031451,41836292157.33347,9718.973228019671,26528.88717085856,4304600.0,55.5890878734365,24.148816536181595,4.417659269725122,33.93252805374884,21.0135086841541,0
HRV,2005,29.285,2260.508924450869,3582.246072927941,26.8,45.56298434888315,54.433216836347064,45013119281.80604,10443.527835329449,27641.20618411938,4310145.0,55.5307217475444,23.773471643697068,3.8665024719747856,33.99506825816596,21.638910728325353,0
HRV,2006,29.7151,2247.146191666408,3744.4687147934,25.5,48.103012186709584,51.89698781329041,49583544860.075935,11501.209966989372,29035.52953820353,4311159.0,55.4685969711483,23.405887068634307,3.978181845880485,34.05760846258309,21.978414695161177,0
HRV,2007,31.2597,2335.4018277031064,3846.6740769664266,22.7,61.38956644897316,38.60807301912031,59290621398.15613,13755.832107329195,30508.27980734168,4310217.0,55.4077128728613,22.94158542971264,3.6904482073586977,34.120148667000215,21.47809305982417,0
HRV,2008,30.126,2276.135519312902,3990.296319585679,24.1,53.8282522690249,46.164766115894814,68472854617.28308,15888.060694939231,31113.86446657373,4309705.0,55.3530687812969,22.758311045134334,3.880643896572813,34.18268887141734,23.03445071831892,0
HRV,2009,28.3013,2199.791955731167,3818.4225007032223,27.2,43.74581939799331,56.248903753251575,62315996674.798355,14474.651977419382,29024.75886996322,4305181.0,55.3096640250682,22.691410039012684,3.985824463364205,34.245229075834466,23.222071331570294,0
HRV,2010,27.8346,2181.0440112023134,3922.310866882384,29.8,36.89437659374581,63.10978392162126,58975205417.34387,13729.76549650218,28702.00300093811,4295427.0,55.2824979327886,21.368034421749968,3.6444898389403297,34.30776928025159,23.833178471874778,0
HRV,2011,27.5437,2137.2095065371623,3900.601361204049,27.2,52.36085465576365,47.638529851402446,62889007657.389915,14691.558296291969,28769.32947493312,4280622.0,55.2773793281248,21.504397459051734,3.624694060980077,34.314916732184976,23.695590022157106,0
HRV,2012,25.9947,2020.4841728355625,3825.7258527901818,29.4,49.567642956764296,50.43096234309623,57548115904.415985,13507.78052609915,28259.345488246403,4260368.0,55.3042888624873,21.039661678892497,3.2839104995376953,34.32206418411836,23.783146308341077,0
HRV,2013,25.5867,1990.5413669523557,3773.569754001137,32.8,33.24793623683461,66.75754341019072,59846265181.850174,14134.947498288862,28397.856208094538,4233922.0,55.3659479687433,20.507539592861622,3.437676213167358,34.329211636051745,28.00550353798871,0
HRV,2014,24.9453,1909.8358009157805,3746.907724156381,33.6,25.815257488564264,74.1792828685259,59606934500.99571,14186.729549327592,28456.73715952578,4201598.0,55.4591834926844,20.65264803465746,2.938790838295277,34.33635908798514,26.954828103781004,0
HRV,2015,25.5777,2018.5425923317227,3947.756655366143,33.1,32.69315092519513,67.30597211260194,50998893384.828926,12283.784062005294,29466.6996894141,4151725.0,55.5812594509004,20.370137362284257,2.9638323736792413,34.343506539918515,27.46765778000143,0
HRV,2016,26.1126,2057.1886947022904,4028.618409118192,31.8,33.159126365054604,66.83533541341654,52650714171.86172,12820.165389300826,30821.16374981772,4106867.0,55.7294398599808,20.276941439003593,3.0598078134885096,34.381391608891434,27.624901722535917,0
HRV,2017,26.788,2159.9695218403417,4249.015256320386,29.8,38.946841358591335,61.053158641408665,56182782585.90519,13901.78781446788,32348.934187648232,4041407.0,55.9009887365155,19.77218536207118,2.890209999223144,34.51519548281038,26.74933886069616,0
HRV,2018,25.7117,2127.6387860855352,4310.8473152785,32.8,27.620864206587925,72.37400044017313,61667925219.07551,15460.366959549112,33729.907121123935,3988775.0,56.093170097094,19.28997292609401,2.950867690812857,34.55989564720177,26.517046672861127,0
HRV,2019,26.0109,2173.1983603444833,4363.711864363864,31.6,33.7460815047022,66.24843260188088,61466721186.311646,15563.598729502948,35122.85082511393,3949390.0,56.303247958306,19.5762975915854,2.8568540493220924,34.60456722178543,26.874419269530417,0
HRV,2020,25.435,2104.845306416757,4164.062903178831,32.4,35.0093388121031,64.98767276802391,57959843541.369934,14807.560854326506,32493.31219541672,3914206.0,56.5284863367411,20.096500480236912,3.1286338705282906,34.65171551107934,26.894210150107217,1
HRV,2021,25.538,2212.497210532609,4506.595933313414,34.1,30.111768573307035,69.8809993425378,69002365163.33678,17788.78658166585,36930.28419414053,3878981.0,56.7683502560171,19.585411788667994,3.359733273488711,34.69639027877055,26.375982844889208,1
HRV,2022,25.3947,2154.954832667471,4475.520412818517,34.1,36.244725738396625,69.8809993425378,71196498671.11455,18465.54144203637,39864.010087995826,3855641.0,56.9977571733605,20.06577074821954,3.393223879244057,34.741065046461756,25.875625446747673,0
HRV,2023,26.8024,2237.233698638612,4484.043520638726,34.1,29.79305626817171,69.8809993425378,85624153964.0987,22184.22793048416,41320.20326330845,3859686.0,57.2431560672198,21.154384288196347,2.6839535071423635,34.78573981415297,26.554681915654037,0
HRV,2024,26.8418,2237.233698638612,4484.043520638726,34.1,29.79305626817171,69.8809993425378,92983810328.90884,24050.439793313548,42829.19783703841,3866200.0,57.5158981711443,19.191582578326734,2.8958895143799612,34.78573981415297,26.554681915654037,0
HTI,2000,9.648,362.5081458700944,36.49217026162718,80.8,48.263254113345525,51.736745886654475,6813566098.867498,820.6000467614642,3267.076468165988,8303151.0,36.8408497942176,23.048486874757952,17.185516717203036,13.81168359941945,61.32075471698113,0
HTI,2001,9.7465,349.87195750552337,35.832892419250044,80.9,52.35690235690236,47.64309764309764,6331970324.310222,748.821159844528,3197.0570108658594,8455918.0,38.3871832598564,23.598489548709782,16.450578607129703,13.80344702467344,60.59506531204645,0
HTI,2002,10.0576,357.41527100047966,31.135127498927982,79.1,52.46800731261426,47.53199268738574,6205847213.635101,720.9695680425219,3173.7384872960683,8607641.0,39.9708985140797,23.211692868357837,15.846504464972144,13.795210449927431,60.59506531204645,0
HTI,2003,10.1283,352.7838410584753,29.224037867047063,79.0,52.33644859813083,47.66355140186916,5071947798.272632,578.9952910797085,3227.1208786044285,8759912.0,41.2007603284477,25.309872372784547,16.720141598204012,13.786973875181422,60.59506531204645,0
HTI,2004,10.073,352.9829070107414,28.73091400332403,81.1,52.46800731261426,47.53199268738574,6087360684.2969,683.1852981552732,3130.8555197598107,8910263.0,41.8705746346912,25.61286999740921,15.85052141813374,13.778737300435417,60.59506531204645,0
HTI,2005,10.2609,358.4056612171138,37.853400951499864,81.1,52.33812949640287,47.66187050359712,7030149730.336923,775.8457040569159,3173.260810327171,9061273.0,42.5791771857318,25.036700785981346,18.05301294203899,13.770500725689406,64.22351233671988,0
HTI,2006,10.417,362.87280089110993,38.19211545476502,81.4,52.45614035087719,47.54385964912281,7638739122.672419,828.8057002895894,3174.976222580761,9216562.0,43.2846444920296,26.49469300767499,17.716303487922975,13.762264150943397,64.22351233671988,0
HTI,2007,10.9483,365.1248027135225,25.81802601774232,79.3,67.09401709401709,32.9059829059829,9228637767.69009,984.5669834485212,3268.818906758234,9373296.0,43.9866171992907,25.296311282558587,19.07510627190288,13.75402757619739,64.22351233671988,0
HTI,2008,11.0612,368.5070337559573,24.027429461657572,79.6,62.757201646090536,37.242798353909464,10432962634.874826,1094.6605842164367,3300.258493329676,9530774.0,44.6847359532184,26.70120189147403,18.432616164110573,13.74579100145138,64.22351233671988,0
HTI,2009,11.2224,377.4273449803072,36.327680216512974,80.3,71.28987517337032,28.71012482662968,11597002834.778614,1196.8528706017953,3437.380696531796,9689581.0,45.3786413995138,26.225541151235632,18.79346464355593,13.73755442670537,65.90457184325109,0
HTI,2010,11.885,388.99552233609745,59.97983942948156,79.0,74.38494934876991,25.68162083936324,11859312725.144836,1209.727335030943,3205.498299615154,9803294.0,46.0679741838751,23.53326872616181,20.232695087692857,13.729317851959363,71.98838896952104,0
HTI,2011,12.4396,402.4839243701139,84.62008305879714,79.0,87.74062816616008,12.356636271529888,13008746038.8867,1312.0395355201322,3330.998204163548,9914904.0,46.7523749519985,24.592580270374334,20.04311889901535,13.616618287373004,72.8955007256894,0
HTI,2012,12.4418,408.9291286570876,92.95146831045116,82.2,79.83651226158038,20.23069936421435,13708925477.130407,1361.3939658737431,3296.2478244897384,10069771.0,47.4314843495779,25.37328251700968,19.469903594855527,13.503918722786649,73.43976777939042,0
HTI,2013,12.7205,415.2388171818411,87.84662487984676,80.4,86.5530303030303,13.561553030303031,14902488604.242088,1457.8322117962648,3387.471801697481,10222362.0,48.1049430223048,25.689919326131204,19.327499956926427,13.39121915820029,75.03628447024674,0
HTI,2014,13.0259,400.5004731830272,84.7373071177892,77.8,91.19922630560929,8.947775628626692,15146883497.633093,1460.1889861391446,3434.6359740057837,10373235.0,48.7723916158687,26.560629759352693,17.829763647572644,13.278519593613932,75.03628447024674,0
HTI,2015,13.3702,400.1478971540168,83.90950241379986,76.1,91.82692307692308,8.277189605389799,14849629308.602478,1411.1268474679646,3433.0752924097324,10523242.0,49.4334707759572,26.05569094167461,17.219898998961888,13.165820029027577,75.03628447024674,0
HTI,2016,13.6687,408.5721555328405,86.49240680068336,76.1,93.2780847145488,6.857142857142858,14069277526.227812,1318.402681679532,3446.7527664787185,10671457.0,50.087821148256,24.4486778891376,17.98351398514613,13.052975326560231,75.03628447024674,0
HTI,2017,13.6925,408.77623019906537,83.28900805102427,76.2,87.61814744801512,12.37582625118036,15093357161.149849,1395.2394518446108,3485.4923470130975,10817754.0,50.735083378449,23.705408386604617,18.826470995019513,12.940130624092888,72.93178519593614,0
HTI,2018,13.9406,418.1299251181771,81.36932533335425,76.2,80.82061068702289,19.211630123927552,16403864617.84576,1496.3804897015589,3496.8787032074833,10962362.0,51.374898112219,24.138521033155115,18.7060141160075,12.827285921625544,72.38751814223512,0
HTI,2019,13.8248,406.8708626294571,82.0339152158325,76.4,83.27067669172934,19.12429906542056,15016090929.512514,1352.1720419153248,3392.432632104557,11105163.0,52.0069059952475,23.382326221018225,19.187403731504585,12.714441219158202,64.94920174165458,0
HTI,2020,13.5144,391.1844806301543,75.50795777388666,76.3,85.70038910505836,20.398803589232305,14508222518.301786,1290.3253866738314,3239.835434413012,11243848.0,52.6307476732151,23.327525652015012,20.36249373204397,12.601596516690854,64.94920174165458,1
HTI,2021,13.4634,397.5611284171679,74.11258748230485,76.7,86.7248062015504,20.54162487462387,20944387975.70514,1841.3318933722192,3145.006810572685,11374586.0,53.2460637918026,25.532396916634635,20.684893342416014,12.488751814223512,65.13062409288824,1
HTI,2022,13.4805,370.3172516929996,76.23696430493186,76.7,81.42292490118577,20.54162487462387,20253551920.551617,1760.626356687774,3057.428408265015,11503606.0,53.8524949966907,29.341138031726743,20.275349314177173,12.37590711175617,65.13062409288824,0
HTI,2023,13.6153,323.97125871823664,76.23696430493186,76.7,81.42292490118577,20.54162487462387,19850585722.32414,1705.7580846099909,2965.946223401344,11637398.0,54.4496819335618,31.984001312500904,17.457129915242607,12.263062409288825,65.13062409288824,0
HTI,2024,13.7823,323.97125871823664,76.23696430493186,76.69999999999999,81.42292490118577,20.541624874623867,25224154990.794556,2142.623305267883,2809.64535578242,11772557.0,55.0372652481002,33.35892561184322,15.860160748205804,12.263062409288825,65.13062409288824,0
HUN,2000,78.3933,2448.353996281979,3309.2837106284996,5.2,58.85879912477622,0.6905174618510415,47275954428.958626,4629.917608125478,22117.92043031928,10210971.0,64.2602344392211,27.014748029109708,5.065751564190016,21.436844454362863,65.32024101763,0
HUN,2001,80.3481,2512.919081288876,3426.7229024843596,5.1,60.34875738020047,0.7057531237127558,53800068065.796936,5280.9488798706325,23069.211473098745,10187576.0,64.646880283041,27.111816372194287,5.029453293693323,21.576567730417313,65.44298147734881,0
HUN,2002,78.8041,2520.3975557385224,3545.170755678337,5.2,60.67428160522167,0.6554747351826756,67636468625.04281,6658.044943268094,24229.295357598112,10158608.0,65.0400009155273,26.795372480292517,4.3698045801714045,21.71629100647177,65.26444989957598,0
HUN,2003,81.7304,2580.496259096543,3637.278331756429,5.0,66.66569043783863,0.9840386586615903,85190469121.07396,8410.092481984786,25255.87113005673,10129552.0,64.8452987670898,26.418335265864258,3.90627498031927,21.856014282526225,65.44298147734881,0
HUN,2004,80.8987,2579.604762852698,3680.168466944081,4.6,61.798386139788775,2.774504568648392,104015363080.27097,10291.269472140895,26568.118861864023,10107146.0,65.0225372314453,26.87787257219253,4.356835454550541,21.995737558580675,65.431823253738,0
HUN,2005,81.2411,2781.0059544985183,3771.364613988311,7.3,55.87873363910953,5.230590670097326,113098237570.9293,11212.204696899376,27765.788614619745,10087065.0,66.1261367797852,27.20895035266253,3.725141853364563,22.13793103448276,65.42796562883608,0
HUN,2006,80.3183,2760.462427936944,3882.490664130104,7.9,57.92966898128782,4.1638361359770215,115604111412.13936,11478.489164050112,28903.047540707797,10071370.0,67.0155868530273,27.215771236096252,3.538746010856285,22.27766990291262,64.8253543131347,0
HUN,2007,77.7615,2709.843886995957,3976.5189771454825,9.0,58.1931931931932,4.712937937937938,140123326896.32938,13934.605460374964,29044.066902125414,10055780.0,67.0041656494141,26.712040742071068,3.4878663089969795,22.417408771342487,64.80303537551613,0
HUN,2008,75.4517,2676.9084052717085,3988.7676939304183,9.0,56.80449718925672,5.887145534041224,158228265915.53354,15762.632251511282,29384.007038581793,10038188.0,68.0976986078883,25.774748598116805,3.4781494007183658,22.557147639772342,64.61332440575829,0
HUN,2009,69.2622,2548.812780267983,3773.153806627988,12.3,48.65211095020609,8.061908209869667,130807441076.15976,13051.183177718443,27445.95945847901,10022650.0,68.4592590332031,25.137113775984403,2.9952772803179712,22.4662321882249,63.87937700209875,0
HUN,2010,70.0197,2651.3433812262133,3876.4910840705065,13.5,49.33772176286425,8.081185946322014,131898737241.16628,13189.843387476838,27801.833816110953,10000023.0,69.5305480957031,25.226697965583757,3.007108941064527,22.604550977576498,59.01910968739645,0
HUN,2011,69.3014,2600.717870627355,3898.8231426712746,14.7,48.5604819678503,7.518698464699186,141712804953.86835,14211.460557821963,28415.117344289694,9971727.0,69.4779934082031,25.135918530027375,3.973021544101327,22.63642991273611,58.952833314923225,0
HUN,2012,65.548,2490.185788896252,3923.042324463563,16.5,46.4212501804533,7.63920889273856,128470269689.95816,12950.159448814284,28179.656464434003,9920362.0,69.5772326660156,25.04986567225441,3.8885075389206056,22.668308847895723,58.9638793770021,0
HUN,2013,62.9559,2420.169498277934,3900.4393311923527,17.2,39.621707268766095,9.200699808542948,135646053778.58244,13739.462015140129,28891.021754497568,9872734.0,69.9277636266638,25.056121039263175,3.922537344598539,22.70018778305534,58.06914834861372,0
HUN,2014,63.1669,2423.5149860860397,3982.695887069693,15.7,35.47257082610618,10.716661565146412,141128696412.3213,14352.501883173978,30264.949230216112,9833038.0,70.3071053512008,25.68738867698528,3.945298303792911,22.550230111768578,57.681349989042296,0
HUN,2015,66.1078,2571.15090547951,4118.39242765307,15.6,36.53820816864295,10.63580368906456,125244126623.28946,12782.941257797267,31485.567542563407,9797755.0,70.4847717285156,26.391678318170296,3.761355481837732,22.581854043392504,57.681349989042296,0
HUN,2016,66.905,2613.093542392806,4205.740820338216,15.3,38.55557645288697,10.212557206444735,128983560865.29254,13215.860527778876,32378.967498307535,9759755.0,70.4733810424805,25.448606602103418,3.867725721294203,22.55895244356783,57.87858864781942,0
HUN,2017,69.8689,2737.4533252436577,4352.633087537099,14.6,39.65669147804952,10.572687224669604,143335098991.86218,14736.166815725835,33828.714942571045,9726756.0,70.4542541503906,25.15875498961776,3.7489466690871858,22.542954196800352,58.10870041639272,0
HUN,2018,70.1115,2738.8272901507,4435.784453305894,13.6,38.06717185892038,11.744160663610566,161184691013.83466,16605.05705118868,35798.04127540219,9706964.0,70.4711761474609,24.969750184047456,3.4716273027973745,22.528161297392067,58.031996493534955,0
HUN,2019,70.3185,2749.2413188113883,4495.491614907089,13.6,37.77959231285177,13.677058120206468,164936682033.99158,17012.859855319868,37662.67681013997,9694824.0,70.4565277099609,24.63373762340715,3.32505112170721,22.512272627657243,57.83475783475783,0
HUN,2020,68.681,2713.1792338445516,4494.9448415833895,14.8,37.108502719725166,15.828800458058977,158468487754.1963,16386.93088212582,36119.52117356523,9670419.0,70.2917327880859,24.359684891129827,3.362546853711764,22.49627438088976,53.87543940390094,1
HUN,2021,69.9447,2850.705795025497,4757.794988065537,15.3,35.484496124031004,19.14451827242525,183282685440.4858,19030.62813032901,38887.190952715355,9630932.0,70.2059275331413,23.897697330328366,3.4575591932580267,22.480349550734164,55.26724304185843,1
HUN,2022,65.5641,2672.8676552920256,4702.93097169267,15.3,33.50744392614731,19.14451827242525,177002580544.15546,18428.02882561399,40610.971136823806,9605074.0,70.1585064243445,24.23308453634809,3.1431003385209473,22.46437541091387,55.621433267587115,0
HUN,2023,60.9502,2515.3705294751794,4604.581270630073,15.3,27.69165846110564,19.14451827242525,213240316634.6478,22230.627787518693,40333.25468881178,9592186.0,70.2923026891431,25.33982193325916,2.9233218299556074,22.44843414420338,55.6985097523559,0
HUN,2024,60.4529,2514.1444578874753,4812.454213603442,15.299999999999999,27.69165846110564,19.14451827242525,222722738925.64096,23292.326388247828,40686.93192633433,9562065.0,70.491825943218,23.693891331248,2.7111213404475296,22.44843414420338,55.6985097523559,0
IDN,2000,513.0698,585.7864957742626,382.177177950589,45.6,84.04393249397268,21.00163943209215,165021012077.80963,763.7111249509245,6056.3819784216485,216077790.0,41.9861540600656,41.96907464335643,15.678704438770763,53.94352866735304,23.76434006793007,0
IDN,2001,536.2554,591.12494475388,402.6966903589976,44.3,82.525134809489,21.93269401702649,160446947784.90857,732.3070934057076,6190.5195404099095,219097902.0,42.9018895186157,47.89350078538706,15.994917762138876,53.85720197771634,24.202684500130225,0
IDN,2002,543.4418,606.3223057509665,408.6028859802035,44.7,85.04671169964054,19.42624541430644,195660611165.18344,881.0029135691312,6381.949551799957,222088495.0,43.7824069030376,47.74533115925968,16.319668966437874,53.77087528807965,24.52225516759085,0
IDN,2003,573.261,597.2756150700654,419.82597775315566,43.0,86.3614636996123,17.555039212562182,234772463823.80835,1043.2105838671023,6599.091935970344,225048008.0,44.6301761521872,43.749566091760805,15.185348218624798,53.68454859844295,24.788564057141365,0
IDN,2004,585.3283,634.7523882975306,464.7152953141517,41.5,86.3934821866964,17.469146076579314,256836875295.4519,1126.840044471728,6843.546549723642,227926649.0,45.4476736441888,44.62761597546016,14.335780295564184,53.59822190880625,24.837368143811062,0
IDN,2005,593.1621,637.3297582713858,490.7142128537653,41.6,86.39446714080718,17.78432356562037,285868619196.0848,1238.2144762948797,7140.854564070404,230871650.0,46.2373757571669,46.54105887107114,13.12661864005057,53.51189521916956,24.93943400839086,0
IDN,2006,626.634,643.6246566288619,505.8139106450935,40.1,87.7412227966815,15.93378772393892,364570515618.35693,1558.3156284716338,7434.487853522205,233951652.0,47.0017588692457,46.94355874107964,12.973802719248418,53.42556852953285,25.52085587416159,0
IDN,2007,650.3157,628.6005161765743,535.3528595307824,40.0,87.09611610189165,17.107976728971305,432216737774.86053,1823.2197625507272,7802.464069059544,237062337.0,47.7432993585496,46.799141520707266,13.716683103456202,53.339241839896154,26.04901596202222,0
IDN,2008,653.1794,632.5070701754171,558.9322621625323,41.1,86.68416752608387,17.665289366888555,510228634992.25824,2124.5548392061796,8165.0615511662445,240157903.0,48.4644736032029,48.06074476901724,14.48174026077611,53.25291515025946,26.204343604512125,0
IDN,2009,685.3767,674.8945423795651,582.7110586468644,38.2,86.7669383953972,17.123464349955988,539580085612.4014,2218.4854185297663,8435.455746862897,243220028.0,49.16775798133,47.65212258116211,15.290148146171951,53.16658846062276,26.572718358642444,0
IDN,2010,722.9382,674.4284429180748,653.9566367956921,36.0,84.79706256178507,19.5994746504731,755094157621.9355,3065.6834837776487,8848.224737020655,246305322.0,49.8521375148888,42.77586633627486,13.929212707137046,53.08026177098607,26.56826066740204,0
IDN,2011,822.6221,670.3811872743255,697.5507182361688,32.4,88.45647579541343,16.00835924840183,892969104563.1713,3579.464424661521,9274.96955181702,249470032.0,50.4830017089844,43.913423426713344,13.512287074394584,52.58691922691595,27.096420755262663,0
IDN,2012,842.7423,685.5713087668161,749.7313251036982,30.1,89.15002411963339,15.047530149541728,917869913332.6486,3632.2725403033064,9708.611825310809,252698525.0,51.1593933105469,43.59374442333764,13.373974235072708,52.09357668284582,27.091963064022256,0
IDN,2013,808.4225,701.22584018312,793.5002635718186,30.6,88.14305573559452,15.91261280993398,912524136718.0182,3566.6028450607755,10121.8141535043,255852467.0,51.8307495117188,42.63567743758887,13.356699162194872,51.60023413877569,27.353814262332364,0
IDN,2014,851.9192,710.0405908927453,836.1409718891683,29.3,88.9995459743055,14.50863910002018,890814755533.5369,3441.068084640084,10504.38694110877,258877399.0,52.5002136230469,41.92834212700329,13.336754999214596,51.10689159470556,27.509141904822272,0
IDN,2015,853.1222,704.2481784015965,857.6495190786434,26.6,89.88871585231328,13.659350463954317,860854232686.2139,3288.222697255384,10893.66211421693,261799249.0,53.1720771789551,40.04786240425055,13.492643557888597,50.61354905063544,27.611207769402068,0
IDN,2016,851.5311,724.4164826527649,907.7177331639914,27.8,88.11722980703226,15.143745709709403,931877364037.6976,3521.469434575738,11319.663428773802,264627418.0,53.812557220459,39.30844398020808,13.478748547027134,50.74345452695819,27.87305896771218,0
IDN,2017,905.8894,761.4103915606419,951.0498537819764,25.2,88.25202275094128,15.77141275771413,1015618744159.734,3798.8832617452576,11772.574329610685,267346658.0,54.4541015625,39.37915480402372,13.156630846266117,50.039333822986606,27.759893987757245,0
IDN,2018,1002.7634,832.3618616591086,1065.2603575824407,22.0,83.99377217287723,15.599910661107804,1042271532988.6316,3860.953530907256,12262.231030077104,269951846.0,55.0956840515137,39.729737452384825,12.80849755869023,49.71681777920756,28.41183444748096,0
IDN,2019,1062.2685,850.7377257171281,1107.1514012503849,19.8,84.78428847392145,14.584122895777757,1119099871350.1992,4106.948561603577,12757.78508548416,272489381.0,55.7382049560547,38.951767995077915,12.712602657752232,49.39429640925072,28.750329344203703,0
IDN,2020,1007.1478,856.0961953616803,1119.6155596619,21.9,83.40359146280744,15.820662226875925,1059054842698.482,3853.702887741458,12388.544926813132,274814866.0,56.2785287648768,38.23839371879418,13.698414279613836,49.07178036547167,28.96499060728547,1
IDN,2021,1037.2806,902.2336039915124,1210.5844667146866,20.2,83.6556295079228,15.530039822885628,1186509691086.7307,4287.173139950984,12757.07464402037,276758053.0,56.8761702464027,39.84481919196861,13.280169137659634,48.36194486812056,28.9558492042508,1
IDN,2022,1181.2992,958.6493557305486,1330.9876839203644,20.2,82.76262114055199,15.530039822885628,1319101183380.1516,4730.834848361069,13334.265394763685,278830529.0,57.4934704226599,41.42926417609789,12.399650163410756,48.0419900717626,29.00738301741824,0
IDN,2023,1261.3223,982.4149251347168,1445.2146348398574,20.2,84.0174410556914,15.530039822885628,1371169301563.6216,4876.3077451225245,13889.9749067297,281190067.0,58.1179353397878,40.21568231067943,12.52942147695842,47.72203369024635,29.125805755114804,0
IDN,2024,1323.7779,982.4149251347168,1445.2146348398574,20.199999999999996,84.0174410556914,15.530039822885627,1396300098190.9734,4925.430487518614,14470.43720205784,283487931.0,58.7509635387997,39.31848572498695,12.60866587975842,47.72203369024635,29.125805755114804,0
IND,2000,1835.5597,394.91680310424147,384.9893638687883,46.9,83.37700067728942,14.040125833244216,468395521654.4579,442.7502189372632,3099.5028215765997,1057922733.0,27.6470407512523,27.325828377591748,21.611062046512103,22.73349500031952,60.86896565641617,0
IND,2001,1859.4487,393.3808861986101,384.8182098209009,47.1,83.45277940719782,13.619762948138437,485440139204.17053,450.3579005141282,3188.810240206361,1077898575.0,27.9028652096636,26.48777734403069,21.61888488614377,22.797567595747328,60.70483218361423,0
IND,2002,1888.1986,397.34425294114783,401.9987675295812,45.8,84.66913637185598,12.800580983491244,514939140318.7556,469.1499289739273,3250.695655449175,1097600380.0,28.1756878910456,27.66065416078817,19.534543270954575,22.861640191175137,60.7293849367178,0
IND,2003,1938.2256,399.6998971390009,419.0551041550474,45.6,83.79269364891223,11.519185691507886,607700687237.3179,544.1431335450022,3445.925923523952,1116803006.0,28.4660287698,27.474107121198788,19.591997978425116,22.925712786602944,60.62478348171493,0
IND,2004,2040.7615,415.4799564988704,441.6282993832543,44.9,82.81516921628479,12.87084582976821,709152728830.7745,624.2588265100661,3656.1262065209785,1135991513.0,28.7726067228528,29.219106305293003,17.81469064879936,22.989785382030743,60.667162206249856,0
IND,2005,2111.743,425.3696425266431,458.87837994481714,44.2,80.68057498507201,14.365911397640602,820383763511.4454,710.4880804089489,3881.966179827299,1154676322.0,29.0945497159107,29.533764191463725,17.62020695488388,23.053857977458556,60.58341377443083,0
IND,2006,2216.1962,441.78588669387767,500.4770782429207,43.2,79.48067316476846,15.972458005398144,940259888787.7214,801.6683536590223,4129.778370092391,1172878890.0,29.4309857146804,30.92723994358829,16.80944209443814,23.11793057288636,60.50941917603651,0
IND,2007,2359.3109,461.2017382501869,533.1248709173425,41.5,79.52057375524866,16.89583190595973,1216736438834.955,1021.8870770682591,4379.696043611505,1190676021.0,29.7810426848684,30.903238251086872,16.750119759756934,23.182003168314168,60.4132261981239,0
IND,2008,2486.3897,481.5530274371616,555.1045713569439,39.4,81.40199524265985,17.107257902273346,1198895139005.919,992.5195849238276,4450.390229192383,1207930964.0,30.1438485921815,31.136719240954836,16.79094235980367,23.246075763741977,60.45930465257854,0
IND,2009,2595.4144,509.4460001343016,588.3243061676454,37.4,82.0436701004177,15.350478998923586,1341888016994.8982,1094.9497459843622,4731.361604638963,1225524753.0,30.5185314023263,31.12137211167441,16.744270156316084,23.31014835916978,60.563906107581424,0
IND,2010,2722.6207,531.8670660901097,629.8959491449284,36.2,80.65688663341743,14.94194309505859,1675615519484.959,1347.519390713668,5059.282710839799,1243481564.0,30.9042190810094,30.725078228581665,17.02650901369119,23.37422095459759,60.39741826119421,0
IND,2011,2858.4621,546.675890208969,678.6037631792686,35.0,79.16988464378174,15.306114125046973,1823051829894.546,1445.4612748603658,5249.549256940257,1261224954.0,31.2746502853309,30.161679763040706,17.19197355801497,23.463821686471434,60.43004315230442,0
IND,2012,3037.4947,572.1330854795258,709.2923168338896,34.8,80.84041545241821,16.244987187585235,1827637590410.4143,1429.321995200319,5460.437685700516,1278674502.0,31.5898935604399,29.39852769652889,16.845377066135573,23.55342241834528,60.420625657963335,0
IND,2013,3074.139,577.2546216459875,743.8015509125104,34.9,79.48190998122494,15.298763552713924,1856721507621.5764,1432.843975121953,5732.2418909087555,1295829511.0,31.9096789235237,28.40489956002461,17.148423543369727,23.643023150219125,60.43946064664553,0
IND,2014,3254.3163,610.1653717794551,808.2934057489078,33.9,80.64674358048981,15.86318420123326,2039126479154.5168,1553.8839607511832,6079.843935236946,1312277191.0,32.2288233408821,27.656401202644297,16.791934514503904,23.73262388209297,60.44955081915384,0
IND,2015,3310.4591,622.3398839881492,841.0853878691024,33.4,81.87534846175998,14.894852745676127,2103588360044.9392,1583.998159079848,6488.14602910787,1328024498.0,32.5472990022299,27.34739147793997,16.174508106840065,23.822224613966817,60.43172484772248,0
IND,2016,3353.9184,627.2735310263648,879.9456967969452,33.0,81.21305976945877,13.597172565355724,2294796885663.163,1707.5089291224338,6940.62588857522,1343944296.0,32.8650780972823,26.618999939978927,16.36380056163307,23.91169081020722,60.399099956612254,0
IND,2017,3495.5015,648.0147183179034,918.3136869626128,32.5,80.46137464108241,14.159378609042076,2651474262755.452,1950.1046828086637,7326.606936798587,1359657400.0,33.1821328157539,26.50001664648039,16.558331404936848,24.00149334553123,60.28407199001745,0
IND,2018,3634.4229,668.3033702188523,970.8341762332424,32.9,79.71557788819783,15.01025978272085,2702929641648.7407,1966.254551716789,7714.339747245314,1374659064.0,33.4984353473598,26.412091901373508,16.031630686448953,24.090959541771635,60.24371129998419,0
IND,2019,3641.2932,666.9773475245061,988.2721695421144,33.5,77.43469650141718,16.82752321325219,2835606256558.195,2041.4286369858537,7930.091130389905,1389030312.0,33.8139578818147,24.591475307506645,16.755568303283702,24.180762077095643,60.21983122504785,0
IND,2020,3461.05,632.239828540427,901.3995791633016,36.1,75.97319733743386,19.755747494815232,2674851578587.269,1907.042516376687,7399.530680790408,1402617695.0,34.1286726088333,25.122905807834368,18.66853766037267,24.27022827333605,60.0459439188212,1
IND,2021,3719.5632,676.8142934881434,963.3639136856118,34.9,75.57982359332358,19.13129244716905,3167270623260.4688,2239.6138436748224,8050.018574526641,1414203896.0,34.4425517181304,26.46652360650103,17.372561526031365,24.35969446957645,60.05076476780832,1
IND,2022,3961.5256,727.9022000940238,1085.3352092038192,34.9,74.98758142059766,19.13129244716905,3346107287730.9272,2347.4482943462317,8594.391904998789,1425423212.0,34.7555673994206,25.384519562946117,16.546129592575387,24.44949700490046,60.055585650429336,0
IND,2023,4206.3289,763.197899394641,1181.6312678652862,34.9,77.5930339369078,19.13129244716905,3638489096033.859,2530.120312782038,9301.756032257346,1438069596.0,35.0676918424186,25.302936496264028,16.193189357159135,24.539030468957584,60.06040649941645,0
IND,2024,4371.1693,763.197899394641,1181.6312678652862,34.89999999999999,77.5930339369078,19.13129244716904,3909891533858.083,2694.737808599611,9818.042706866394,1450935791.0,35.3788972368389,24.6285041297852,16.285433560591684,24.539030468957584,60.06040649941645,0
IRL,2000,74.3616,3627.385426352172,5797.369581522422,2.0,93.77032774580935,6.21299307814194,100207610429.90924,26334.567205050083,53675.005459693275,3805174.0,59.1247997891425,31.501322605813787,2.5049290389004817,9.150239512265932,63.814196545217015,0
IRL,2001,76.7943,3714.0179451464896,5898.232470126683,2.0,94.56752533952968,5.412443411722287,109346669229.6954,28282.40988207296,55630.10132734412,3866243.0,59.3763923617156,34.08312189908009,1.9938598323222336,9.280911598200028,64.01509653070111,0
IRL,2002,75.7068,3663.169120747152,6037.212607392724,2.2,93.09551208285386,6.880679338121504,128596035288.40102,32705.434556569817,57927.48837231105,3931947.0,59.6367259990731,35.105250232771986,1.7353084894094022,9.411583684134127,63.47800841921904,0
IRL,2003,76.0858,3515.794319547151,6094.300517875422,2.0,94.0418615713946,5.930389280900658,164670771259.60202,41203.52958475685,58709.15444644748,3996521.0,59.9120142632573,32.25899427665884,1.480003819838008,9.542255770068223,63.434460734504285,0
IRL,2004,75.93,3558.698011470613,6170.855831885024,2.3,93.12717463544314,6.8337307947926025,194372115041.06497,47754.2023194244,61558.578314085185,4070262.0,60.1994750854288,30.766092458329265,1.5740872720483574,9.672927856002325,62.49092756568443,0
IRL,2005,77.9148,3513.1570193697517,6246.282976042293,2.9,91.39987686624596,8.532168693243035,211876989655.90652,50933.02160955888,63689.08435307788,4159914.0,60.4882988006461,30.03419212384194,1.0335496655109384,9.80359994193642,62.44737988096966,0
IRL,2006,78.3503,3433.690849781998,6357.416982579755,3.2,89.5840907438377,10.319784774231076,232180617162.2785,54329.16185996238,65087.18046315594,4273591.0,60.7703677431593,30.080373199016385,0.9211527188555308,9.934272027870518,61.83771229496299,0
IRL,2007,76.8964,3407.885588865709,6341.297521085752,3.5,88.91749886913254,10.965482445457392,270079279419.5005,61396.417461175995,66590.19389734566,4398942.0,61.0601979374234,28.52657243644264,1.0432228655128166,10.064944113804616,62.06996661344172,0
IRL,2008,76.1474,3311.7352117835353,6350.310855623645,4.2,86.9019711427345,12.964671311123585,275447471451.06323,61353.10656295232,62320.66630649002,4489544.0,61.3581903884996,25.92554978686985,0.8500286435527353,10.195616199738716,67.19407751487878,0
IRL,2009,71.245,3173.7335600354986,5959.595402805721,5.3,84.05766451658384,15.765605724154948,236443115853.69476,52133.09061625439,58547.26739561086,4535375.0,61.6421022728798,25.611752303993107,0.557956348121,10.326288285672812,66.68485992161418,0
IRL,2010,70.197,3149.8984203497903,5870.85307407314,5.3,86.08049579210537,13.75277298496426,221732824603.48376,48623.96664224873,59209.09967632512,4560155.0,61.8910689348512,23.35850484837042,0.9554299710496656,10.456960371606913,66.30860792567861,0
IRL,2011,65.8499,2875.406754809606,5610.814124806445,7.0,79.817153767073,19.913313261859305,240975871046.64444,52613.854035568875,59899.91765284405,4580084.0,62.0872735820277,24.301935736464124,1.2048116913305689,10.556510378864855,66.11990129191466,0
IRL,2012,67.2415,2858.917356048255,5616.222342572604,6.9,79.63239852667664,19.941103533787977,226921827888.13715,49335.84080995552,59405.04607515242,4599533.0,62.2529318511038,24.063956867321597,0.9862853424373303,10.656060386122803,65.80055160400639,0
IRL,2013,66.3444,2802.6096439937705,5670.640873252742,7.7,76.4800923254472,22.974879784573957,242924245718.756,52537.61086486919,60388.94131479859,4623816.0,62.4047157756118,23.839673367837776,1.0700053041784918,10.755610393380753,64.98766148933082,0
IRL,2014,66.1969,2726.605280054018,5644.582995186507,8.8,73.92051967902178,25.490370653419948,266490442124.30887,57214.53797857091,65575.80616657929,4657740.0,62.535401730577,24.428844067647393,1.2173247501294524,10.8551604006387,64.82798664537668,0
IRL,2015,67.7868,2825.981205976299,5761.005470700817,9.5,70.76534372039161,28.59897533073657,302101388556.27057,64250.138518125656,80954.66198182547,4701957.0,62.6392123492764,38.44017292881715,0.8686946522580204,10.954710407896648,64.30541442879954,0
IRL,2016,70.804,2932.3041526303236,5830.06944348211,8.6,73.93264299480613,25.496815078561397,305431252708.7482,64129.55715423832,80899.02232072267,4762722.0,62.7229399123734,36.51923383860585,0.9259413315633588,11.06619248076644,64.75540717085208,0
IRL,2017,69.9073,2854.8582046803226,5829.584801069717,10.1,69.77449430590057,29.31293350969449,348355212568.5147,72161.4047531385,87882.70743550241,4827445.0,62.9035196521232,36.25432085234131,1.1198159091188644,11.177529394687182,65.16185222818987,0
IRL,2018,67.2065,2820.4413803058255,5923.819860343624,10.8,65.20237866871284,33.38368821535904,395780319816.6029,80804.11231648263,93276.01881540124,4898022.0,63.0844503476779,36.848503844665046,0.9281689818797928,11.235592974306863,65.55378139062273,0
IRL,2019,65.2785,2747.901581314474,5926.10484248228,12.3,59.830982294913404,38.70595417885029,407211793800.7131,81827.6688873996,96371.29101801816,4976456.0,63.2737009154127,35.880910077936015,0.9538966161198336,11.29365655392655,65.6699085498621,0
IRL,2020,62.9056,2633.9769124845357,5951.88607682092,13.7,56.12002834344866,42.38950676237715,436009027818.9475,86514.07061087541,101968.5543620112,5039747.0,63.4713366724915,37.180368571350755,1.008972359329562,11.351720133546232,65.49571781100305,1
IRL,2021,65.1008,2689.3633369373174,6106.1502743815045,12.7,61.352566504308726,37.15417759460472,530394123829.7628,103783.44628447876,116903.61243516988,5110585.0,63.6774229356985,38.04662114699818,1.0331244030498687,11.409783713165917,62.95543620264189,1
IRL,2022,63.8576,2600.1574064376855,6107.0403902981025,12.7,59.383169334704064,37.15417759460472,548341794599.08966,105190.68595273084,123219.0760594944,5212836.0,63.8920250215059,40.75644760257201,1.172815303261239,11.4678472927856,63.11511104659602,0
IRL,2023,60.358,2467.737339633567,6144.736232706986,12.7,53.18033404495793,37.15417759460472,567372737459.1158,106818.9171308039,117862.12887895908,5311538.0,64.1152082461268,34.00370140190069,0.8469107101644012,11.525910872405284,60.807083756713595,0
IRL,2024,59.6778,2467.5033912077192,6298.243630682439,12.699999999999996,53.18033404495793,37.15417759460471,609157459747.2053,112894.9532408054,119037.7311754428,5395790.0,64.3470379255585,33.632579542054245,1.0211444801842302,11.525910872405284,60.807083756713595,0
IRN,2000,511.3773,1852.328680236829,1528.200080040761,0.4,96.95097336529828,3.037113928639101,109591707802.21602,1650.0138583378507,11643.121807769649,66418659.0,64.4780120849609,40.305910160122465,9.068419327038152,5.725619489673126,38.60851199685651,0
IRN,2001,516.9483,1978.897524442691,1619.833242911015,0.5,96.0744706180539,3.909914822694491,126878750295.94432,1881.0226663528283,11739.009091128184,67452005.0,65.2168655395508,39.91726197818838,8.310842002465987,5.8095066185318895,39.18502419018149,0
IRN,2002,533.2751,2030.5220109644692,1727.1390289354345,0.7,94.24798519999148,5.727411912305697,128626917503.71951,1891.257560910334,12583.044990423969,68011317.0,65.9271621704102,45.502934879371246,7.8255468974793825,5.893393747390653,39.32071023355191,0
IRN,2003,580.3041,2075.205242462702,1870.9355070151903,0.8,92.7702465589623,7.227563394377364,151911222119.48804,2208.9963655240554,13519.450192692948,68769340.0,66.6049270629883,45.05994955459205,7.451094561202008,5.9772808762494165,39.45639627692232,0
IRN,2004,607.849,2215.2656693750782,1972.1927918907677,0.7,93.605243293114,6.394367294120467,187754571247.666,2672.4226651403983,13807.195311402344,70256316.0,67.2567367553711,47.47047247960445,6.889578469458206,6.061168005108181,39.59208232029274,0
IRN,2005,650.6803,2404.7224838198317,2019.742732876546,1.4,90.91965769731816,9.071868963658416,224970371324.6703,3132.0508192006955,13935.77430875956,71828455.0,67.8708801269531,49.637249052128205,6.501382209086846,6.1450551339669435,29.243719148309143,0
IRN,2006,697.2037,2459.9851838315444,2135.306367535201,1.4,90.4552578860506,9.49460250568294,265602187403.64328,3618.916013644281,14320.65685345455,73392747.0,68.3101850492144,48.25990087468382,7.1182112409593294,6.228942262825708,29.37940519167956,0
IRN,2007,721.2231,2560.858026261387,2206.275573489027,1.3,91.11213514652968,8.886879491729825,349736591832.4179,4687.991662607176,15237.423785054949,74602648.0,68.806189933608,48.235663136428016,7.185568231474992,6.312829391684471,29.51509123504998,0
IRN,2008,737.0249,2711.0409956685367,2313.7104113551936,0.7,97.57656271850092,2.3068801566214514,406070949553.87506,5377.411507295701,15091.250652146273,75514204.0,69.3790072996746,47.66878877791586,6.122772591111119,6.396716520543236,28.662909207004105,0
IRN,2009,757.6978,2672.0228131213385,2390.0627568205086,0.8,96.63007634277454,3.3587161765370195,414059094949.0625,5415.522805534456,15055.149464719922,76457825.0,69.99007683587,43.09651729772839,6.9244896148629,6.480603649401999,28.663645963800683,0
IRN,2010,767.5997,2639.5362127307912,2534.2659021972404,0.9,95.83660644147682,4.1821608094128155,487069570463.76825,6291.194436554542,15729.913170726575,77420842.0,70.6092626774386,44.20937941974572,6.499390725572011,6.5644907782607635,28.573516049018888,0
IRN,2011,776.1627,2658.7495995968698,2553.2637580632622,0.9,94.74113941979238,5.121465349174346,629082257472.3682,8025.687433643556,15947.766097961035,78383598.0,71.204050944517,46.232288572086794,4.642116204566292,6.5644907782607635,28.483386134237087,0
IRN,2012,766.3045,2740.80449432044,2650.226318114344,0.9,94.28809639918828,4.984560084317828,644019315003.5399,8114.080998318772,15159.294820653084,79370580.0,71.7633634041294,42.09416321270448,6.79693716710654,6.5644907782607635,28.393256219455292,0
IRN,2013,786.3816,2758.6346917294063,2692.3689038591783,1.0,92.5600341419176,5.6018922852983986,500399839839.8767,6222.741948403264,14734.740588718969,80414686.0,72.3030873515412,42.77886846601178,8.774909772760259,6.5644907782607635,28.214101525086573,0
IRN,2014,800.2234,2883.5613386463615,2872.4555316372735,0.9,93.17611585927628,5.137136801779985,462284793280.8254,5672.063728963186,15262.851576090326,81502045.0,72.8324070385223,39.2282280462408,9.37842415684426,6.5644907782607635,28.214101525086573,0
IRN,2015,793.3321,2737.217950510136,2861.3026568759997,0.9,93.85674528654864,5.112395904971974,409191686496.6768,4952.733555321775,14841.904834073688,82619362.0,73.3561403575949,32.17473965322042,10.091601414112562,6.5644907782607635,28.214101525086573,0
IRN,2016,837.8615,2861.0130846206475,3020.0127838147914,1.0,91.93376548804196,5.780147633641653,478618064870.9994,5710.599470891042,15920.371802120237,83812228.0,73.8796100096595,34.322282959286085,8.447880292817432,6.570642697512217,28.214101525086573,0
IRN,2017,866.9868,3026.762714382934,3178.8347465316624,1.0,92.42949067227109,5.016579746244259,510239893417.6448,6000.933464044092,16167.967722422654,85026754.0,74.4011840820312,36.14139311911395,8.490449272276443,6.601540832049306,28.619414483821267,0
IRN,2018,856.6916,2921.435839574777,3171.0096186862124,1.0,92.21810994632511,5.35997700570336,411903303606.0441,4783.010673402372,15364.804905261386,86117998.0,74.8034286499023,37.14842845668288,9.630920246608056,6.61140215716487,28.915254237288135,0
IRN,2019,891.3642,3177.8567911180844,3299.8341398430503,1.0,88.0148528641967,9.844243902887005,347988400957.99915,3997.493544958496,14841.075151499766,87051648.0,75.2038879394531,33.41492506338623,11.808101467688164,6.6212634822804315,28.960246533127886,0
IRN,2020,909.9382,3256.876321171514,3445.7379881909105,0.9,91.5412628092995,6.77518127951359,280934329279.7228,3202.500035021685,15381.584543726643,87723443.0,75.5986404418945,37.20914213019243,11.69335069797025,6.626810477657935,28.984899845916797,1
IRN,2021,974.1072,3356.9696700982417,3589.0480871011646,0.9,94.94030811073554,4.238132566849577,407350685583.33545,4605.148813189922,15884.427677596332,88455488.0,75.9926376342773,39.2258766162135,10.634485402727146,6.635439137134052,29.00893682588598,1
IRN,2022,989.8646,3288.1730642282428,3695.725066480873,0.9,93.94128958383764,4.238132566849577,422662261525.6651,4721.2043709998425,16377.961064536818,89524246.0,76.3342208862305,41.21877790513275,10.695041770619452,6.641602465331278,29.00893682588598,0
IRN,2023,1030.0947,3399.1047640464394,3814.545107679331,0.9,93.94128958383764,4.238132566849577,457510482317.4832,5049.299316427539,17044.81734610329,90608707.0,76.6759567260742,38.77615836266997,10.750872506582969,6.649236117103236,29.00893682588598,0
IRN,2024,1054.7651,3399.1047640464394,3814.545107679331,0.9,93.94128958383764,4.238132566849576,475252089215.4158,5190.169590248213,17484.13201404669,91567738.0,77.0201263427734,36.06972328437213,10.800368593719837,6.649236117103236,29.00893682588598,0
IRQ,2000,167.8514,1089.2732638340374,1193.9048944204844,0.4,98.0846394984326,1.915360501567398,48364250943.90507,1980.189160387819,12702.164195092084,24424056.0,67.6331913847871,84.79597915468483,4.63474550697269,1.870270023092576,19.423371516107643,0
IRQ,2001,181.6744,1181.99516468889,1191.9672479863352,0.3,98.0837803478962,1.9162196521038108,36176430128.805725,1435.6956837889963,12529.608405100458,25197840.0,67.751941516652,77.41957755168131,6.930957054531503,1.8718704986624597,19.40256533369916,0
IRQ,2002,169.9498,1091.2871949290216,1212.655622760397,0.3,98.47325990018604,1.916546082745179,32928454672.42459,1266.1596127509445,11144.050525592807,26006559.0,67.8938101691696,74.1578564186036,8.562671712209402,1.8734709742323432,19.855271280609095,0
IRQ,2003,152.201,939.5176295984924,995.1624575755712,0.3,98.47212420606915,1.5278757939308398,21921569478.81626,817.8878624996222,6849.332008005078,26802659.0,68.0521271794625,70.8382337998589,8.405608292624656,1.8750714498022272,19.857100395546105,0
IRQ,2004,170.8699,980.2494441244428,1147.151350803713,0.4,98.47344790215205,1.526552097847964,36633669269.3981,1328.3715762829215,10210.56310049593,27577878.0,68.2202223846538,61.8350607638528,6.938561306247007,1.8766719253721105,19.73043418615817,0
IRQ,2005,164.5208,949.253481740859,792.7850470763865,2.4,80.26315789473685,16.328947368421055,50065104667.8159,1762.39360423421,10078.443764683696,28407448.0,68.391425621866,63.60843449867555,6.886862735424456,1.8782724009419944,20.064019022795343,0
IRQ,2006,164.1469,916.1790435458126,941.7638730642078,2.6,81.97676137539544,14.694143038760608,65147051918.02187,2276.554357440865,10568.913765297744,28616515.0,68.5590667282222,61.44419192029831,5.826032905141726,1.8798728765118775,20.528156938061596,0
IRQ,2007,154.4379,909.1336587206316,768.8187568953036,2.0,82.74212474050005,13.683545446339924,88837057319.51791,3128.9901032906632,10853.816102231112,28391607.0,68.716475540845,60.10771063109033,4.929498275950853,1.8814733520817617,20.883233875208635,0
IRQ,2008,171.4978,962.3018398727852,753.8218515899811,1.1,90.55248319236608,9.44751680763392,131614434153.50533,4542.966090460324,11511.938764366409,28971036.0,68.8569818968574,62.788858419665026,3.847780195488263,1.8830738276516452,18.75117177675652,0
IRQ,2009,187.344,995.7798442565004,831.952512402104,1.2,91.47356461542526,8.532644595344413,111657580326.31512,3714.71205987194,11470.51780617549,30058206.0,68.9742328505284,51.989792420915,5.229933191379472,1.897909375575612,18.064560692576904,0
IRQ,2010,210.5342,1064.171520610506,1185.1044049537054,1.7,90.25312832256482,9.7496319620512,138516722649.57266,4461.751961615549,11816.84101502602,31045366.0,69.0582953378474,55.79349515486777,5.1622835468003645,1.8995210904402284,18.92314422545589,0
IRQ,2011,223.7886,1125.373319409206,1255.541421300251,1.1,93.69793889022876,7.684822737138934,185749664444.4445,5775.542290802934,12267.584894067308,32161424.0,69.1252233869916,62.54802878768725,4.563773437496183,1.8995210904402284,19.631377785964265,0
IRQ,2012,253.3531,1190.0322905990704,1081.3005748177336,1.3,90.45590855752096,9.549524099265504,218002476129.47165,6477.596184509547,13357.014388235331,33654842.0,69.2222213745117,60.57698851360699,4.124271437584839,1.8995210904402284,19.727620187879904,0
IRQ,2013,265.3034,1175.8327178034776,1343.0365277875917,1.5,91.78525005131011,8.21895737839502,234637675128.64493,6650.352822473952,13712.93171429918,35281989.0,69.444450378418,57.69152678907997,4.768439715855295,1.9003611837983263,20.467120296318136,0
IRQ,2014,265.4772,1082.7190487767366,1252.091002096604,1.0,95.59454478437156,4.409082196830077,228415656174.95712,6249.3922697896905,13536.822768143053,36550059.0,69.6666641235352,55.30759637592785,4.9294077720475515,1.9003611837983263,21.501031953709504,0
IRQ,2015,275.9163,998.3495453414388,987.7388594172048,0.8,96.21354280311294,3.790530220379664,166774104959.10168,4440.141892523674,13516.027198920376,37560535.0,69.920524597168,45.34028882426197,4.191868175172115,1.9003611837983263,21.364205948476027,0
IRQ,2016,325.512,1076.4572913732334,1112.4360524732929,0.9,95.91257586416587,4.090870068083991,166743557747.67148,4334.4209640418785,15016.092064459192,38469627.0,69.9123778259643,46.18250206140165,3.977189811461293,1.9003611837983263,21.474542070541407,0
IRQ,2017,339.8682,1185.881063042826,1156.8139828828848,0.5,97.56358242812895,2.438315229245736,187217660050.6757,4759.284643546699,14417.630689648684,39337353.0,69.8944511190753,51.329681463429054,2.9767278010133547,1.9003611837983263,21.511627906976745,0
IRQ,2018,357.4645,1287.1135608607904,1019.455205760626,0.5,98.09363155060107,2.23215828142307,227367469034.03085,5646.689320747416,14456.23570532238,40265624.0,69.8765148865842,54.16994275381355,2.815817643204917,1.9003611837983263,21.60422732466001,0
IRQ,2019,377.1266,1319.4951761022355,1104.8458698620182,0.9,95.64202267085598,4.636728175395351,233636097800.33844,5671.856863294203,14910.225031888704,41192171.0,69.8683395385742,53.10940328248681,3.770008253061989,1.9003524289959228,21.769516043581415,0
IRQ,2020,345.6178,1142.9073605104045,1184.449696265879,1.1,96.38701723444149,3.8874067859008057,180898797516.8744,4295.189451212281,12827.634539232267,42116605.0,69.8683166503906,39.90409721523033,6.088674146924122,1.9003524289959228,21.775505033054618,1
IRQ,2021,361.8167,1275.9130653657403,1382.1529188023062,1.1,97.16647382484412,3.779585958895557,209691945713.10345,4868.494310807826,12731.753575512885,43071211.0,69.8682708740234,54.60888777100736,3.2791975295303812,1.9003524289959228,21.843917720498467,1
IRQ,2022,399.1675,1415.173781161758,1373.1164831590147,1.1,97.96925427003228,3.779585958895557,287372232137.931,6520.73154560584,13433.397716698651,44070551.0,69.8682861328125,65.27212455945093,2.058706213883742,1.9003524289959228,21.778499527791215,0
IRQ,2023,405.1732,1506.048015529814,1377.3779231592885,1.1,97.96925427003228,3.779585958895557,268881051643.54932,5965.318350777613,13202.322807387469,45074049.0,69.868278503418,53.96048515978791,3.1060312144841227,1.9003524289959228,21.830788012807226,0
IRQ,2024,413.2764,1506.048015529814,1377.3779231592885,1.0999999999999999,97.96925427003228,3.7795859588955554,279641257615.38464,6073.610323427084,12725.043126039314,46042015.0,69.8861494108913,51.57177017515085,3.394575058617224,1.9003524289959228,21.830788012807226,0
ISL,2000,3.938,11404.943587615511,26201.52557742572,60.7,0.0650702758979698,99.93492972410203,9140168922.356771,32503.57896323597,49338.47142526319,281205.0,91.9674192031642,22.537225936546292,6.885989981790336,0.2975561097256858,18.8428927680798,0
ISL,2001,4.0491,10925.451390046566,26950.394430251818,62.1,0.0497945972861944,99.9502054027138,8323401820.484765,29208.19818535683,50556.99383568423,284968.0,92.0452304560359,24.15939291602515,7.382880604106163,0.312359102244389,18.8428927680798,0
ISL,2002,4.2446,11168.371424923987,27896.89868288798,61.9,0.0712927756653992,99.9287072243346,9416199699.547358,32749.37900462696,50379.45955073159,287523.0,92.1674022598912,21.887896144328565,7.404931668604925,0.3271620947630922,18.82294264339152,0
ISL,2003,4.2178,11092.617843413882,27666.386894214927,61.9,0.0705882352941176,99.92941176470588,11564687741.985949,39944.210409559055,51173.19825426321,289521.0,92.3235559316863,21.006488475450517,6.349194396790879,0.3419650872817955,18.80299251870324,0
ISL,2004,4.3019,10892.784009693742,28215.4522484028,61.9,0.0463875681317406,99.96196219413196,13963943244.001783,47809.60730500415,54592.531462880426,292074.0,92.4377293375354,21.311143986140163,5.228772288046503,0.3567680798004988,18.793017456359102,0
ISL,2005,4.2134,10877.230192953017,27988.02968315057,62.7,0.0575638959244761,99.94577481003914,17146410560.5279,57783.7745608117,57512.42373382132,296734.0,92.377441015064,20.401724722848822,4.659678676248609,0.371571072319202,18.773067331670823,0
ISL,2006,4.3974,13184.477159761112,31325.09496941886,64.2,0.0402860308188135,99.97250478396616,17671649843.260185,58172.14266566217,59364.29011482808,303782.0,92.1949009038813,21.884602798705465,4.713704834163257,0.3863740648379052,18.763092269326684,0
ISL,2007,4.7551,15188.377730919516,36846.125700493634,67.6,0.0167014613778705,99.98572025052192,21960110030.442585,70483.01172285354,62940.74734309553,311566.0,92.3614571703229,19.756451441882067,4.145256249811752,0.4011770573566084,18.713216957605987,0
ISL,2008,5.0503,17341.072624835044,50063.95433093688,74.0,0.012145503127467,99.98840104451328,18247921360.25988,57489.33997952163,62831.17286318164,317414.0,93.0646442174216,22.630654699565163,4.844439187738151,0.4159800498753117,18.713216957605987,0
ISL,2009,5.066,17936.595748512646,51259.187626962725,74.7,0.0118807175953427,99.99067363668766,13212543837.513264,41483.78436828142,57406.46975068172,318499.0,93.4441340553707,19.39381117194187,5.603233535656931,0.430783042394015,18.703241895261847,0
ISL,2010,5.0004,17024.513094247126,51439.90869101782,76.0,0.0117240166481036,99.99062078668152,13922711576.51245,43776.467740047505,56211.83454174021,318041.0,93.4588348107886,21.85549624302298,6.225414813709843,0.4455860349127182,18.693266832917708,0
ISL,2011,4.8643,18161.524111330287,52373.87700853254,77.1,0.0116204752774388,99.98431235837546,15394005872.149014,48254.95392725402,56813.742648754,319014.0,93.41106112427,22.226436427474244,6.359402522951564,0.4525486284289277,18.685286783042393,0
ISL,2012,4.8583,17633.648275564487,53202.833659686454,77.7,0.0170949911675878,99.98615305715424,14943757823.32256,46594.98691466144,57173.04342122959,320716.0,93.514892578125,20.947541057008426,6.489475696488142,0.4595112219451372,18.675311720698257,0
ISL,2013,4.8977,18212.73364530868,54799.17470750299,76.8,0.0275999116802826,99.97416648266726,16244319958.68081,50173.33600610572,58671.93070983703,323764.0,93.6166725158692,20.889078620301795,5.794414272836946,0.4664738154613466,18.675311720698257,0
ISL,2014,4.6428,17947.038227158464,53835.53359031846,77.6,0.016553550736633,99.98730894443526,18052183514.86952,55140.364935792975,59133.27014597732,327386.0,93.6196716315805,20.639106671298705,5.224420582659885,0.4734364089775562,18.675311720698257,0
ISL,2015,4.8384,16910.721232647524,55085.168447621785,78.0,0.0212777275386988,99.98739294643332,17700486957.190662,53505.69640793393,60725.72712476575,330815.0,93.727919768566,19.94941842554998,5.250166021964323,0.4803990024937656,18.673316708229425,0
ISL,2016,4.3577,15701.473009672847,53842.87456139566,80.9,0.0161725067385444,99.99363881401618,21083713310.457043,62854.090640793234,63612.55515852231,335439.0,93.7822647094726,19.51266449382871,4.539586111042359,0.4853865336658354,18.673316708229425,0
ISL,2017,4.5079,16234.98296418107,54301.10658124636,80.8,0.0103960910697577,99.99363881401618,25060086487.890076,72976.37299909748,64303.37825010373,343400.0,93.7718982310092,19.471039671203904,3.7480335722270497,0.4925685785536159,18.673316708229425,0
ISL,2018,4.4755,17346.750273122354,54646.59036462246,81.4,0.0050431186645821,99.99363881401618,26677652544.349865,75633.86513519146,65521.93134247806,352721.0,93.8526667025487,19.73160381311182,4.246645565195692,0.4962808687890508,18.56590300505802,0
ISL,2019,4.3365,16700.592000967627,52576.11013886616,81.7,0.0102627257799671,,24985687022.045185,69296.31443616007,64826.43240855565,360563.0,93.9770847416131,19.569996795392825,4.318133808176382,0.5027273628880293,18.56590300505802,0
ISL,2020,4.2278,16083.6099695089,50719.99083127082,82.9,0.0156846342866105,,22034665040.79009,60127.939357561576,59543.81349868396,366463.0,94.1367102874722,20.424253034769123,4.600692414996494,0.5092730338192998,18.56590300505802,1
ISL,2021,4.2604,15779.653070706005,51135.50950284548,82.4,0.0101967982053635,,26234872402.45698,70425.40642772733,61610.213274071466,372520.0,94.2108206403841,20.84512214793823,4.192104728718233,0.5157195279182782,18.56590300505802,1
ISL,2022,4.3017,15806.784836899606,51258.759747960095,82.4,0.0099403578528827,,29166102877.27552,76350.45504165025,65380.31730493243,382003.0,94.1787071228028,21.450379154798927,4.087985893246202,0.5222651988495488,18.56590300505802,0
ISL,2023,4.2461,15685.697957602024,50951.2190694985,82.4,0.0197599170083485,,31677891896.786083,82138.78929735567,68118.39603120863,385663.0,94.1518261784801,20.016590888221415,4.185310659541272,0.5287444213031836,16.245165129425764,0
ISL,2024,4.2824,15996.679609834748,48997.94569812629,82.39999999999999,0.0197599170083485,,33255181468.938187,86040.53098512879,67310.05735736161,386506.0,94.1819039916522,20.094083005937748,3.982011375644909,0.5287444213031836,16.245165129425764,0
ISR,2000,69.1171,2899.210920607155,6323.103832087772,6.0,99.92733409906003,0.0726659009399686,136512300542.02536,21706.51940563291,33275.06316559777,6289000.0,91.2809653237465,23.02481133889225,1.533666082524739,7.070240295748614,26.155268022181144,0
ISR,2001,69.2239,2973.017513402314,6400.217425066004,6.3,99.9544947782758,0.0455052217241928,135002039612.90628,20966.305266797062,32590.228618076068,6439000.0,91.365021842149,21.699458604317584,1.7594856841232254,7.074861367837339,25.924214417744917,0
ISR,2002,72.4944,2862.544440969041,6502.739726027397,6.5,99.92967032967032,0.0703296703296703,125332331883.9968,19076.458429832084,31897.584883270527,6570000.0,91.4444967249569,21.470340624491104,1.815686877565388,7.079482439926063,26.01663585951941,0
ISR,2003,74.2971,2949.361403756207,6597.306306710316,6.5,99.9085903786059,0.091409621394103,131408914824.00476,19643.469038074167,31780.779608098463,6689700.0,91.5176897789793,21.282371238444963,1.7081758360835957,7.084103512014788,25.46210720887246,0
ISR,2004,74.1409,2822.355914187149,6525.921574386841,6.7,99.91751094566298,0.0824890543370206,140047984605.087,20568.06940888339,32675.208064486284,6809000.0,91.5829008110251,20.560004974517348,1.6169244484440084,7.088724584103511,23.72920517560074,0
ISR,2005,72.1469,2661.980099421004,6572.19953536024,7.0,99.91975638862598,0.0837414098185259,147519922009.04694,21286.838863659537,33512.89091855462,6930100.0,91.6384296279033,21.28155209039081,1.878343130146381,7.093345656192236,23.775415896487985,0
ISR,2006,75.401,2883.0135771321857,6711.229567461049,6.9,99.95055184144942,0.0538193757664464,158900547825.30634,22527.261979571904,34770.02627863363,7053700.0,91.6825760364229,21.58324783790195,1.8190631867298457,7.09796672828096,23.512014787430687,0
ISR,2007,78.0221,2899.3525379765324,7003.245080152087,6.7,99.95538370017849,0.0503048780487804,184681214673.45,25721.259407731093,36317.852509007134,7180100.0,91.713639843393,21.836341409071206,1.7471709464766678,7.102587800369687,23.941774491682068,0
ISR,2008,79.5136,3130.721739594612,7133.866024518389,8.9,99.55965684812548,0.0650865774284661,221231658862.87625,30269.217773488977,36827.92491560637,7308800.0,91.7292868898136,21.36206475414891,1.80943795765309,7.10720887245841,23.826247689463955,0
ISR,2009,77.972,2874.861474740448,6607.887143315165,8.5,99.33282431646306,0.1557046247818499,213403181852.85965,28508.49388864749,36403.1626371602,7485600.0,91.7319738585748,20.611650100912417,2.1413966133672453,7.111829944547135,24.149722735674676,0
ISR,2010,83.7245,3043.5651757404767,6953.276667191353,8.6,99.6552371524637,0.3308187264255602,239679036634.37173,31439.08870276139,37722.40998698363,7623600.0,91.7316426703946,20.814249493116655,1.829758764009477,7.116451016635859,23.313308687615528,0
ISR,2011,83.7735,2981.3724215011584,6929.872002884442,9.1,99.36324943865412,0.6761117999932974,268094998225.02844,34522.52159790729,39075.37537627202,7765800.0,91.7304024673781,20.134712693519255,1.8500017153515689,7.218114602587801,23.890942698706095,0
ISR,2012,90.5999,2968.58833913788,7184.37519752228,2.9,99.23335767118505,0.8182597377861021,263589172712.3909,33321.43008816015,39299.35155065461,7910500.0,91.7276502819515,20.45684720810769,1.492629949849704,7.319778188539741,24.31608133086876,0
ISR,2013,82.0354,2662.609424804889,6709.969601091879,3.3,99.07046525660051,0.9288335154351692,298478070673.05835,37034.31610807846,40148.77744928674,8059500.0,91.7227831465406,20.567245268145147,1.52142807731562,7.421441774491683,24.04343807763401,0
ISR,2014,79.467,2528.0185566641676,6600.898280122205,3.7,98.4855211879039,1.585845131797477,315017088116.7157,38343.30466262348,40872.5808449627,8215700.0,91.7151980935716,19.917485156684453,1.387833351461595,7.523105360443623,24.84750462107209,0
ISR,2015,82.8643,2607.8439998797153,6748.964809489147,3.7,98.10979976956374,2.0605518014511257,303469434072.2956,36213.104148195795,40967.370759663725,8380100.0,91.7042921554705,19.97473060386523,1.4205563555957967,7.624768946395563,24.671903881700555,0
ISR,2016,83.2455,2569.217183104868,6890.5920898666045,4.0,97.52594251586412,2.6341172079134005,321940971558.01636,37671.538913879755,41963.67579616501,8546000.0,91.6894623646632,19.123807712828334,1.4514466923815057,6.469500924214418,25.508317929759706,0
ISR,2017,83.2849,2481.5160227141264,6844.593896686674,3.9,97.14218163548776,2.8784171173567397,358451839052.99084,41138.47096427196,42947.058668698395,8713300.0,91.6701057535759,18.56468468867799,1.4333236155020423,6.469500924214418,29.75970425138632,0
ISR,2018,79.9149,2490.065540122889,6812.829288062323,3.8,97.21742412146372,3.10037304225393,376299083108.49725,42362.6652754196,43814.29499779647,8882800.0,91.6456193546346,18.820297961297523,1.389330715559758,6.469500924214418,29.634935304990755,0
ISR,2019,82.3747,2407.97500275888,6986.083499005964,4.5,95.08638562543192,4.715894955079475,400645216358.8574,44250.63136280731,44580.80788257157,9054000.0,91.6154002002652,18.9233446958735,1.3464394076473742,6.469500924214418,29.500924214417743,0
ISR,2020,78.8622,2453.627031503868,6819.676400690171,5.6,93.65973106081567,6.2037380333130425,410768352657.6116,44575.57190454923,42915.9416939728,9215100.0,91.5788453228939,19.438295902995947,1.3665660649153584,6.469500924214418,25.036968576709796,1
ISR,2021,78.5212,2432.550927045596,6809.868322769276,6.2,92.21773537861132,7.6305626321209825,489851549972.34686,52270.904024195625,46162.082273024746,9371400.0,91.5353517549466,18.840058635381908,1.3260383547954535,6.469500924214418,24.907578558225502,1
ISR,2022,81.8631,2501.420642648067,6842.793617577819,6.2,91.28666210310146,7.6305626321209825,525181008025.57025,54949.62155642901,48098.18723557897,9557500.0,91.4979834273327,19.42694297994659,1.1618336562619018,6.469500924214418,24.704251386321623,0
ISR,2023,79.0534,2459.625294657884,6772.058076962128,6.2,88.28874701343464,7.6305626321209825,512184638998.97394,52003.72007299969,47527.151024672,9849000.0,91.5089569794505,18.50229629179693,1.2861459392946606,6.469500924214418,24.80129390018484,0
ISR,2024,76.6207,2483.552889186367,7206.448508180944,6.199999999999999,88.28874701343464,7.6305626321209825,540379921261.68097,54176.68443833022,47338.84246242046,9974400.0,91.536188843818,17.345855206658502,1.282077228264918,6.469500924214418,24.80129390018484,0
ITA,2000,538.1551,3012.4835635083623,5299.856478794217,5.1,78.7164592377847,20.813848995629716,1149661363439.375,20190.00356360841,50353.420041543555,56942108.0,67.1932283786243,24.102108690283515,2.5576339299271287,28.301456116976308,52.87807979223449,0
ITA,2001,536.3577,3020.7537306392383,5406.200795370327,5.4,77.40674102534695,22.028992000229383,1172041488805.8677,20570.438591786176,51332.29044325674,56976981.0,67.27519882288,23.8448641171014,2.4818910807855983,28.524232545871403,52.421563787121514,0
ITA,2002,545.6398,3035.9185115281493,5536.731029333704,5.6,79.79851091574474,19.650797823861804,1281746271196.0415,22451.396437936848,51369.114909829295,57089824.0,67.3538786566538,23.712837479693253,2.3653244214425686,28.7470089747665,51.64717737844838,0
ITA,2003,566.2548,3164.1081442214927,5644.034939590779,6.2,80.78153284969581,18.535466374487893,1582930016538.8203,27577.570031985477,51126.258554403845,57399184.0,67.4299414611787,23.14242817921574,2.352381687397187,28.969785403661596,50.40951176458653,0
ITA,2004,577.0068,3162.4349473025595,5673.946606549724,5.9,78.96567297517365,20.253425944545356,1812808753294.7537,31348.190184144543,51495.00288413637,57828179.0,67.5072499739908,23.05570868673012,2.342296275955048,29.192561832556695,50.32835336367756,0
ITA,2005,578.7357,3204.1351997897013,5711.654654807369,6.7,80.93704622010608,18.20748504275615,1864982261286.8472,32062.72383366903,51585.6445807938,58166682.0,67.5897169318419,22.892279235749076,2.03006110909468,29.41533826145179,49.83125815811009,0
ITA,2006,567.1625,3162.2413115486693,5807.8905359038445,7.5,80.9853527780696,18.165986992273677,1958563654385.6443,33537.12869942695,52304.24029498189,58399861.0,67.6812550714834,23.00390636569517,1.9415856841896877,29.638114690346885,48.02886533792329,0
ITA,2007,560.6504,3132.896537162644,5772.901049993884,8.7,82.12828183390837,17.00669030574697,2222524108127.6543,37826.17545548228,52747.19054768073,58756247.0,67.7857771296669,23.405297294930765,1.894149679243788,29.860891119241977,47.89021973637046,0
ITA,2008,545.7313,3067.8996263386302,5720.558081758241,10.8,79.19938583022592,19.980553379500517,2417508414187.187,40828.57955809372,51806.39061763907,59211181.0,67.9071958431441,23.2117440039014,1.8730089355916597,30.08366754813708,48.888468067550846,0
ITA,2009,494.5056,2848.101005313283,5326.900874603357,12.5,74.05198896934448,25.13541940752941,2209484319012.655,37099.6133958219,48774.391683374764,59555454.0,68.0494239486665,21.384094809769135,1.802081778829559,30.30644397703217,47.28288436956831,0
ITA,2010,505.5662,2904.358560144637,5443.93561106348,12.8,72.46369134915564,26.570851113840487,2144936254535.004,35856.862548553916,49301.69591416742,59819407.0,68.2163741829857,21.369080166955023,1.7692817313224611,30.529220405927266,48.45088902264996,0
ITA,2011,494.9934,2798.23628262725,5455.309567265084,11.9,70.91390404552831,28.05822903619196,2306974020278.215,38432.37428200186,49473.01492356342,60026841.0,68.4015073889511,21.240734222127188,1.8491009388291828,30.71117754076519,46.843952684652265,0
ITA,2012,476.6948,2680.4620845070212,5339.314535218053,14.4,67.51537872940453,31.479542363763336,2097929495121.68,34854.39494419646,47795.957936054125,60191247.0,68.7608794235259,20.79483201191011,1.908869412275166,30.893134675603108,46.42598691997105,0
ITA,2013,442.7417,2576.45615324387,5152.5234451945435,16.3,59.643347618751854,39.30872376693374,2153225581941.457,35701.67460023755,46833.36153093033,60311613.0,69.3073989916076,20.600153941929264,2.057793666373335,31.07509181044103,46.091208516221535,0
ITA,2014,423.617,2433.1625778177468,5041.25390970633,17.1,55.14978897676064,43.74273390344749,2173255507985.8352,36028.34940223488,46825.65112450621,60320707.0,69.5807638614879,20.18708446822845,1.908482131258907,31.25704894527895,44.508619698496545,0
ITA,2015,433.5335,2533.0235446095485,5141.225814115833,16.6,59.94211870965006,38.99396098136703,1845428048839.1008,30639.882975143213,47311.82552627091,60229605.0,69.6100006103516,20.289528321097553,1.9915255281784876,31.439006080116872,43.774812490277895,0
ITA,2016,429.2273,2511.463530907554,5124.176283933938,16.1,60.97381689426332,37.91326824655671,1887111188176.931,31391.569289810846,47987.83795810143,60115223.0,69.5969232525286,20.662645722658095,1.8491524830210069,31.62096997815486,43.32505968524067,0
ITA,2017,426.1244,2557.325355139754,5248.519672228303,16.4,63.202176925937195,35.74225061690836,1970720904584.7092,32844.115660604024,48849.21835347557,60002252.0,69.5180784259382,20.792614243794617,1.8934326477664287,31.802933876192856,43.374329597792496,0
ITA,2018,421.8733,2503.349860499797,5247.3157422730865,17.1,58.85961036629986,40.08991122095351,2099435266458.665,34904.10819238336,49133.14352717403,60148658.0,69.4800033569336,20.986549022457897,1.8575561256162585,31.98489777423086,41.94874846982598,0
ITA,2019,413.4916,2494.026598041145,5260.017310495703,17.3,58.9042820730093,40.05219276304819,2019606796583.526,33812.788724867976,49690.62985052735,59729081.0,69.5050010681153,21.01229843595592,1.8186687987384944,32.16697044809734,44.3699956377212,0
ITA,2020,375.4962,2313.100062045143,4969.24141417202,18.7,56.59517130014152,42.37352734635388,1907481094079.227,32091.48666213664,45505.06887089558,59438851.0,69.5187492370606,20.96420390776856,1.9280162015611984,32.34893496146653,42.332263616904,1
ITA,2021,408.9319,2531.086987987352,5290.228549041331,17.5,58.00725778274391,40.97357032404028,2179207773596.089,36852.542541495095,49825.39341118482,59133173.0,69.4812507629394,22.557277110528837,1.8333929079470723,32.530899474835735,41.94223159304335,1
ITA,2022,408.0605,2411.651724173114,5215.690121408656,17.5,62.86144928352837,40.97357032404028,2104067630319.4631,35653.9042103495,52333.32742706041,59013667.0,69.4839779766539,23.279144111179946,1.890371751256686,32.71253212498309,43.963147572027594,0
ITA,2023,378.5108,2298.3909393358895,5047.468970342846,17.5,54.229060578129015,40.97357032404028,2316727999333.178,39277.08387839178,52870.326144289655,58984216.0,69.5381540123301,23.66773535183884,1.8597576955156896,32.89449479237116,44.25658393074529,0
ITA,2024,371.1717,2231.202099938995,5136.6770216341565,17.499999999999996,54.229060578129015,40.97357032404027,2380825077243.5933,40385.3413957669,53265.00324741888,58952704.0,69.6047535143071,22.331658831523303,1.9972773471628773,32.89449479237116,44.25658393074529,0
JAM,2000,11.9797,1339.1099922275027,2317.2558291849227,9.3,97.7293369663942,1.7140478353012412,9005064474.930035,3453.0925280022648,9667.924744923155,2607826.0,51.7165550768252,22.563544817858425,6.23190015732816,48.10710987996307,44.22899353647276,0
JAM,2001,12.0473,1357.3628460456912,2321.2898323923573,7.9,98.52764423076924,1.4815204326923077,9194727831.073183,3503.550266888578,9736.062917575264,2624403.0,51.934190578424,22.31730125814865,6.12073592592505,48.45290858725762,44.22899353647276,0
JAM,2002,12.0046,1290.9447351775827,2391.905996125082,8.0,98.15402365157196,2.0043265070666285,9719009494.847792,3680.6455172772385,9869.712919271764,2640572.0,52.1467222312645,21.32290593023132,5.544304066474695,48.798707294552166,43.76731301939058,0
JAM,2003,12.367,1339.318163499375,2456.5021081274986,8.1,97.92891127903722,2.472991883571229,9430234810.785856,3549.7075839461813,10169.75002432445,2656623.0,52.3564891419558,21.492534572367816,5.2138620043709025,49.14450600184673,43.76731301939058,0
JAM,2004,12.3317,1338.6310434267623,2427.1908241259625,6.4,97.22876541499238,2.7837051406401554,10174664853.947563,3807.562931245522,10244.20667028778,2672225.0,52.5637655955662,22.25833961015705,4.982165255251252,49.49030470914128,43.58264081255771,0
JAM,2005,12.3066,1303.2114688714123,2444.3017030471156,5.4,96.96847210994342,3.018862840204797,11243865777.713053,4184.4397486749685,10278.683438254551,2687066.0,52.7685237926234,21.900650600620327,5.186240853606292,49.836103416435826,43.12096029547553,0
JAM,2006,13.7149,1470.674997560856,2418.7624584963614,4.8,96.65462331058478,3.3590258263080424,11930179089.885475,4417.001271353632,10522.236745959146,2700968.0,52.9707359336549,21.220114848738294,5.155826074539483,50.18190212373038,43.12096029547553,0
JAM,2007,13.6136,1479.1582567176729,1965.5096175105016,5.3,95.98065376917944,4.018845897264843,12799600047.184536,4716.486125427274,10622.444282900718,2713800.0,53.1703742191887,21.31539962422315,4.617606409885822,50.52770083102492,42.84395198522623,0
JAM,2008,11.208,1177.3717676459837,1175.139004305419,5.9,94.41805225653206,5.62541567695962,13709401520.032597,5029.800952817452,10490.468613449752,2725635.0,53.3674108497524,19.68812284198411,4.899122156231328,50.873499538319486,41.45891043397968,0
JAM,2009,9.3614,943.351386149021,1211.1823368329135,7.4,94.83240223463687,5.185754189944134,12120458114.8318,4428.381533335574,9992.976995390212,2736995.0,53.5618180258738,18.090859340459225,5.472267878950585,51.21929824561404,41.18190212373038,0
JAM,2010,8.9744,875.1006769334359,1204.6272822793542,8.9,94.65938760977926,5.382150486589129,13220549908.249386,4809.977380311997,9805.90172806302,2748568.0,53.7535679480806,17.986330447847422,5.268997320393032,51.56509695290858,38.901200369344416,0
JAM,2011,8.9137,923.8999862988692,1193.2646837848588,9.8,93.63251879699249,6.432330827067669,14444661522.146338,5232.636449181319,9932.483809469626,2760494.0,53.956586109128,18.249023536675203,5.647286777969247,51.91615881809788,38.827331486611264,0
JAM,2012,8.3326,888.6928547341647,1127.530722146276,12.2,93.12334695840346,6.940851166145707,14807086555.528316,5340.833332321578,9829.035100150444,2772430.0,54.2478817703732,17.99386055827219,5.7714404859199195,52.26722068328717,38.76269621421976,0
JAM,2013,8.7997,930.0850400395016,1098.5430474043958,11.4,93.71841155234657,6.58965102286402,14264205152.61263,5124.213014111368,9839.965066060951,2783687.0,54.548819811983,18.09906598440328,5.970479632650325,52.61828254847646,38.67036011080332,0
JAM,2014,8.5421,900.3264564512417,1081.3426689369733,11.9,93.0164888457808,7.1399127061105725,13899217679.92193,4975.113254598724,9872.15913752129,2793749.0,54.8660395670395,18.365227903441397,5.972489838854973,52.969344413665745,38.58725761772853,0
JAM,2015,8.4177,900.5638129896479,1077.239384071701,12.1,93.11014070839398,7.147501213003396,14963589915.591198,5339.307182568061,9931.89875715182,2802534.0,55.1995248014924,17.236420520508624,5.8561219639282225,53.32040627885504,38.504155124653735,0
JAM,2016,8.944,995.5755118035918,1143.8068411322051,11.1,91.65523548239598,8.326245999085504,14898999754.122948,5302.29553353854,10179.253648615815,2809915.0,55.549259277615,17.08372880864861,6.0983232562020095,53.6786703601108,38.504155124653735,0
JAM,2017,8.6448,917.1399320098772,1146.0477511609638,11.0,88.32800365463682,11.688442211055277,15783583236.675049,5605.43541173019,10391.037822467812,2815764.0,55.9152267548307,17.30981082209137,5.910664694794724,54.03785780240074,38.504155124653735,0
JAM,2018,10.0498,1029.1871402430695,1155.279410601834,8.9,87.59372869802317,12.265394228584412,16855447986.22206,5976.903626443367,10636.09297845508,2820097.0,56.297410990325,17.881931896287014,5.900873175283712,54.397045244690666,38.504155124653735,0
JAM,2019,9.7708,1072.4191934102323,1179.128748178974,9.2,87.89638231353283,12.010495757034391,17026269262.530727,6030.688964159207,10816.37203911542,2823271.0,56.6957957395074,16.672070941683174,6.305291020209639,54.75530932594644,38.504155124653735,0
JAM,2020,7.2194,792.6938617922882,1094.0605968971354,11.7,86.83466792275082,13.125294394724444,15000214216.24386,5299.045308042832,9891.969329615484,2830739.0,57.1103647563627,18.06398938613053,7.720569474919631,55.11449676823638,38.504155124653735,1
JAM,2021,7.7907,877.9033277880151,1107.2417557710835,10.5,87.18482535276428,12.754799907471664,15963885376.353731,5625.678062712359,10430.690977175882,2837682.0,57.5411017937226,18.216173506436533,7.38278062941281,55.47306555863343,38.504155124653735,1
JAM,2022,8.8444,962.7718704524182,1121.8169983628868,10.5,87.90268078396035,12.754799907471664,18813516805.214046,6626.475023885385,11096.637708532093,2839144.0,57.9879906034775,17.449449124856486,6.799796847252276,55.83204986149585,38.504155124653735,0
JAM,2023,9.0424,934.891419269966,1204.6682390856213,10.5,87.90268078396035,12.754799907471664,21418804319.639458,7542.400842753452,11398.812039464106,2839786.0,58.4510149367429,16.722266018594762,7.782556512211011,56.19075715604801,38.504155124653735,0
JAM,2024,9.4247,934.891419269966,1204.6682390856213,10.499999999999996,87.90268078396035,12.75479990747166,22014397089.76886,7753.800695543198,11340.263880045086,2839175.0,58.9301585439922,16.475779648900293,7.968763520195869,56.19075715604801,38.504155124653735,0
JOR,2000,19.7047,903.2430880426848,1226.669290293478,2.1,99.38999593330622,0.6100040666937779,8460789844.851905,1570.6100294047749,8086.922026908528,5386945.0,78.2848247546539,21.43631120076016,2.0154366779468886,1.10494106980961,12.114687216681777,0
JOR,2001,19.9307,876.0370939866671,1256.252620981601,2.1,99.3244138296463,0.6755861703536892,8975814652.819601,1632.2945401056288,8339.785814484412,5498894.0,78.2902365290261,21.46078539214608,1.953266181623898,1.10494106980961,11.58204895738894,0
JOR,2002,20.8601,900.9649577274554,1327.0855435103506,2.1,99.24987702902116,0.7501229709788491,9582510578.279266,1706.2674438440122,8638.080330801731,5616066.0,78.2972918926847,22.78186635266411,2.1916396820724167,1.10494106980961,11.616047144152311,0
JOR,2003,21.5213,900.9859895825858,1364.8963361493936,2.0,99.37453089817365,0.6254691018263697,10195627644.569817,1775.6762558143184,8800.496746491583,5741828.0,78.3069420335538,23.035953905958195,2.466556918948082,1.10494106980961,11.389392565729828,0
JOR,2004,23.1108,1057.176524229623,1472.27306891241,1.8,99.30857588937214,0.6914241106278577,11411706629.055008,1940.0864134280496,9326.668391279183,5882061.0,78.3185350370311,24.79575819748112,2.4978679751325563,1.10494106980961,11.752039891205802,0
JOR,2005,24.7654,1107.306794970614,1509.2244294675572,1.7,99.32670395690906,0.6732960430909467,12588998589.562763,2087.8707927363457,9839.688349687234,6029587.0,78.412126230667,24.92157389979385,2.758357981536255,1.10494106980961,11.48005439709882,0
JOR,2006,25.1412,1066.3573147471045,1565.0255757758498,2.3,99.46043165467626,0.539568345323741,15056981664.31594,2342.634595749326,9977.759033292748,6427371.0,78.755612573541,24.849654345504614,2.5835097513910483,1.10494106980961,11.536718041704445,0
JOR,2007,26.239,1055.8477794507096,1634.19203726491,2.3,99.43085679126288,0.5691432087371173,17110437235.543018,2506.205994841393,10161.402119410264,6827227.0,79.3358270749644,27.544451130546605,2.5314681856025323,1.10494106980961,10.916817769718948,0
JOR,2008,25.9125,1011.3455353312124,1733.0804338738396,2.7,99.46524064171123,0.53475935828877,22658715989.330204,3241.6524135555965,10641.58942555578,6989866.0,80.1290966207551,29.644985744218815,2.8773002827151473,1.10494106980961,11.021078875793291,0
JOR,2009,26.4352,1044.2996718482605,1749.150383666307,2.8,99.51653587443946,0.4834641255605381,24537876056.338028,3435.833759069801,10938.502724470283,7141753.0,81.1117480967305,27.759344966666077,3.2367098820265907,1.0982203198918676,11.545393106555531,0
JOR,2010,26.1457,973.413219547318,1836.497331864428,3.0,99.50602246582758,0.4939775341724185,27133804225.352116,3718.465716229453,10953.537631696989,7297043.0,82.2601083887084,26.266828639147228,3.575191093942845,1.0982203198918676,11.289704888488398,0
JOR,2011,26.9486,944.4861896331143,1891.8713698581792,3.0,99.54942654287274,0.4509148006553796,29524149154.92958,3946.8550385552458,10977.482045086774,7480424.0,83.5505043825064,26.79466943315188,3.50500327354367,1.0982203198918676,11.29308402793422,0
JOR,2012,30.7419,1034.5030583768507,2044.9110710813195,2.9,99.57821161725715,0.4223909375753193,31634561690.140846,4169.504700546181,11086.02994439952,7587127.0,84.9592629639423,25.80780430788241,3.3051192876993674,1.0982203198918676,11.769542689795,0
JOR,2013,30.4656,966.8498980902308,1976.3985851013208,3.1,99.64080875963154,0.3674178784543189,34454440140.84507,4311.219167130379,10799.353814332922,7991809.0,86.4627110188335,25.640660594757662,3.583018644441767,1.0982203198918676,11.901329128182022,0
JOR,2014,32.6122,930.16049745624,1897.1280899847695,3.1,99.6496222489872,0.3667469615679404,36847643521.12676,4191.180500849864,10148.998098760025,8791710.0,88.0371754329978,25.508796558851937,3.968444573723558,1.0982203198918676,11.984681234512278,0
JOR,2015,32.6537,903.433667037898,1820.1669214495248,3.2,99.0530801199432,1.214319532852859,38587017887.323944,4042.756780975546,9581.689225678128,9544729.0,89.8881391939133,25.232806259400668,4.392268658611509,1.0982203198918676,11.897949988736205,0
JOR,2016,32.834,887.6167594441479,1788.4612866987588,4.7,95.6311667175262,4.397162038449802,39892551126.76057,3986.7167701085286,9321.9045113153,10006367.0,90.56272794707,24.669311962659357,4.506341299983523,1.0982203198918676,12.006758278891642,0
JOR,2017,34.3792,917.0415683688224,1830.035803391483,5.3,93.2519776191395,6.680831564730851,41608435915.49296,4065.6162874938423,9339.810397259833,10234226.0,90.8764609714428,24.51396985297825,4.442000427899414,1.0982203198918676,11.342644739806262,0
JOR,2018,33.3725,869.2120050525582,1759.5547291390635,7.2,89.39282383546852,10.610955676630834,43370860704.22536,4145.439896732647,9311.531162655836,10462306.0,91.2008859099729,24.07783325385882,4.380843929446742,1.0982203198918676,11.509348952466771,0
JOR,2019,31.8992,811.5830120327373,1725.4673984207673,8.5,85.5862001754215,14.625621284475198,44503006338.02817,4170.114400346496,9288.527091035165,10671891.0,91.515966492507,24.111688039306223,4.3719379046856295,1.09804716534901,11.67308601932563,0
JOR,2020,29.9987,754.9438317078032,1713.999927106914,10.7,81.05405535964447,20.68339693734602,43700383098.59155,4022.040135613496,9022.63930356769,10865228.0,91.8216722992319,23.553810015911164,4.646574471645461,1.09804716534901,11.588620852760322,1
JOR,2021,31.3062,741.9977656952144,1739.506663259342,11.5,77.03214937526323,24.918199260611164,46296100140.84507,4183.4999832686635,9182.496161255996,11066356.0,92.117972910453,23.420424020079373,4.786752777043907,1.09804716534901,11.521048719508077,1
JOR,2022,33.3384,757.5180496574582,1790.6475710455593,11.5,76.88079088531276,24.918199260611164,48764963380.28169,4332.251598979315,9266.575382513363,11256263.0,92.4048379066163,24.488201584582608,4.817844571160014,1.09804716534901,11.74628916368223,0
JOR,2023,34.4007,767.6354575197062,1857.9075326248403,11.5,76.88079088531276,24.918199260611164,51088476338.028175,4466.083142085751,9381.354360369292,11439213.0,92.682236868336,24.79631400683391,4.811978188118838,1.09804716534901,11.532310741716785,0
JOR,2024,34.8557,767.6354575197062,1857.9075326248403,11.5,76.88079088531276,24.91819926061116,53352289577.46479,4618.095924985674,9520.250644974538,11552876.0,92.9501393764286,25.135017239752766,5.067260125452171,1.09804716534901,11.532310741716785,0
JPN,2000,1377.7822,4067.035344269088,8048.232854788991,3.7,57.68029892958485,10.278139369363464,4968359075956.591,39169.35957015043,39005.913630504445,126843000.0,78.6126803295375,32.51358705548957,1.5178803390324975,68.24691358024691,14.425240054869684,0
JPN,2001,1356.373,3990.1060238643327,7903.105805000432,3.5,57.45270999845747,10.16994502114791,4374711694090.8706,34406.18246380916,39062.281735523495,127149000.0,79.1577482060887,30.981226696540737,1.3675061915279847,68.27160493827161,14.301783264746229,0
JPN,2002,1384.7552,3992.9199812966062,7991.306053591746,3.7,60.6237108624149,9.85338824915103,4182846045873.608,32820.79364332542,38987.91027075379,127445000.0,80.5469860733981,30.222600078897383,1.3764905991415857,68.2962962962963,14.19753086419753,0
JPN,2003,1389.2192,3956.9004889114376,7900.938004040151,4.2,64.11670099548861,11.221133332766696,4519561645253.529,35387.03742035993,39501.80678241896,127718000.0,82.4206778416671,30.07892075975545,1.299028224210382,68.32098765432099,14.101508916323732,0
JPN,2004,1380.3906,4085.491955212396,8137.0684324637405,4.3,61.25492782929292,10.919454165101,4893116005656.559,38298.98017123033,40351.77637439504,127761000.0,84.3710541898905,29.966930543563485,1.230957484205259,68.34567901234568,14.01920438957476,0
JPN,2005,1389.6047,4066.442004335329,8301.018211985318,4.0,61.05158923411578,9.578783517129674,4831467035389.8,37812.89501999483,41075.82435808489,127773000.0,85.9573620483714,29.87170704482648,1.111629405786422,68.37037037037037,13.936899862825788,0
JPN,2006,1359.7126,4064.3604471769754,8327.232624712562,4.4,60.1950429504313,10.587070113725623,4601663122649.921,35991.54600286202,41613.14838214274,127854000.0,87.1460898958075,29.66557181248134,1.082496745895044,68.39506172839506,13.8639231824417,0
JPN,2007,1393.909,4020.805466159475,8539.980156405029,4.3,65.71593215945296,9.272989366416372,4579750920354.809,35779.02454164271,42182.175863662385,128001000.0,88.2701404492656,29.59729581033438,1.053364132326389,68.41975308641976,13.790946502057611,0
JPN,2008,1319.317,3867.135573105753,8270.484058627395,4.4,65.2338646223589,9.461420187539252,5106679115127.299,39876.30396857249,41645.572207897494,128063000.0,89.2921563808851,28.782976440243885,1.0541017665364842,68.44444444444444,13.71522633744856,0
JPN,2009,1250.6457,3709.023261885136,8138.753738861512,4.5,62.37147814348963,9.66559557477652,5289493117993.89,41308.99683705115,39279.49887101202,128047000.0,90.1131158718189,27.111212223581767,1.0823165064581777,68.46913580246914,13.647736625514405,0
JPN,2010,1313.1602,3900.212127681237,8774.279690794097,4.7,63.228283242375326,9.67870045350893,5759071769013.113,44968.15623497395,40881.79724231846,128070000.0,90.6228586840649,28.335970166791093,1.1082810813034858,68.49382716049382,13.588477366255145,0
JPN,2011,1363.1798,3620.180190682187,8322.459771733433,4.8,77.65112296730582,10.497083868272592,6233147172341.349,48760.078949421106,40967.34314008321,127833000.0,90.8631654434251,26.701436067101564,1.0802717625870717,68.48175582990397,13.495198902606308,0
JPN,2012,1401.3418,3536.7025345088496,8271.262800774119,4.7,85.71276470861237,10.076104493869762,6272362996105.034,49145.28043081928,41596.92380387963,127629000.0,91.0265277326652,26.56264142822804,1.1228539624480518,68.46968449931413,13.456790123456791,0
JPN,2013,1417.7406,3567.3378051762725,8290.745027266665,5.0,85.452645154746,10.858846587183416,5212328181166.185,40898.64789647444,42492.24395604978,127445000.0,91.1516595654317,26.650745055146384,1.0667178297017932,68.45761316872428,13.421124828532236,0
JPN,2014,1366.6674,3445.816329215508,8113.242088060592,5.6,84.78477259736698,12.360368231013378,4896994405353.292,38475.39524618382,42674.69763013207,127276000.0,91.2548945132333,27.313626734976705,0.996605700341743,68.44554183813443,13.36076817558299,0
JPN,2015,1324.4225,3400.5927105360824,8007.094485649791,6.2,82.09010632750686,14.17879571062595,4444930651964.18,34960.63938433849,43386.71007395128,127141000.0,91.3532644103625,28.583711424016737,1.0341200704864746,68.43347050754458,13.294924554183812,0
JPN,2016,1320.9354,3370.8877963853047,8066.015612704208,6.4,80.16041517022745,14.699368670003746,5003677627544.24,39375.47316207813,43736.13050766121,127076000.0,91.4541254852142,28.629947649057268,1.1249813084833216,68.42249657064473,13.204389574759944,0
JPN,2017,1305.6904,3391.0504145321884,8190.601077402892,6.9,77.26201371621265,16.19738316649994,4930837369151.422,38834.05293412266,44505.27926036843,126972000.0,91.5498419685883,28.88242600886321,1.1284405494392242,68.40877914951989,13.108367626886144,0
JPN,2018,1254.5984,3343.0541283397342,8058.015471843925,7.3,73.38026254739397,17.061643803515942,5040880939324.859,39751.13309827112,44848.48994217975,126811000.0,91.6377318609728,29.014007686612707,1.044248235946996,68.40877914951989,13.020576131687244,0
JPN,2019,1215.1408,3261.6202494291456,7853.039886917312,7.8,71.85322984279028,18.578805622074647,5117993853016.508,40415.956764954695,44730.91028449584,126633000.0,91.7164207898107,28.804084810690167,1.0389474446452729,68.40877914951989,12.935528120713306,0
JPN,2020,1151.0677,3046.8548066885896,7687.258931895043,8.5,72.44157287348861,20.29236919355077,5054068005376.275,40028.734172676246,42992.47963653277,126261000.0,91.7809926267889,29.056807610915303,1.066384259310733,68.40877914951989,12.844993141289438,1
JPN,2021,1172.1252,3196.039709608455,7960.0120918263665,8.8,68.64557909838642,21.10366784222048,5039148168861.225,40094.55997952878,44355.3487163354,125681593.0,91.8741049279527,29.219194085070505,1.010417700670966,68.40877914951989,12.781893004115227,1
JPN,2022,1142.3046,3129.6586171749914,7800.080605801292,8.8,68.31987296583696,21.10366784222048,4262463317796.528,34065.64389625263,44972.34383622006,125124989.0,91.9776532428406,27.71743745829661,0.9218813001109712,68.40877914951989,12.716049382716047,0
JPN,2023,1094.0243,3039.1412613175344,7655.016417483123,8.8,64.28287893657595,21.10366784222048,4213167237905.8257,33836.17562716171,45858.65951314387,124516650.0,92.0826903891473,28.602183599771923,0.9374527485059024,68.39578113646276,12.636830306624583,0
JPN,2024,1063.3358,3005.8990282437867,7530.060143961981,8.799999999999999,64.28287893657595,21.10366784222048,4027597523550.5825,32487.07780475674,46106.92292300441,123975371.0,92.1901718034531,28.602183599771923,0.9374527485059024,68.39578113646276,12.636830306624583,0
KAZ,2000,172.3085,2301.832950292995,3043.267308139298,2.5,85.32655287974437,14.67344712025563,18291990662.035625,1180.0444563226,12935.864368307984,15501103.0,56.0239607657944,37.77582966986135,8.11078388505165,1.1693617068563174,79.78416120309663,0
KAZ,2001,171.7802,2217.578620831091,3350.315077156184,2.4,85.7871502189704,14.212849781029602,22152689179.881508,1422.2733181095696,14612.029005049815,15575550.0,55.7813717131331,36.1418298622593,8.724831863770838,1.166593028855058,79.44793865985109,0
KAZ,2002,187.7578,2538.1420196136,3377.0256613200872,2.8,84.76226389222172,15.237736107778272,24636598527.44372,1573.5521993232485,15960.873845001312,15656677.0,55.5045911261585,35.81093210501252,7.995909092798879,1.1638243138126458,79.07134126014002,0
KAZ,2003,207.6315,2737.298729771816,3568.14911432886,2.3,86.4951617449034,13.465693796386184,30833692900.109074,1958.0205024651132,17344.752672995,15747380.0,55.2115277236592,35.075265906129204,7.862206026992383,1.1610556358113864,78.89817387117087,0
KAZ,2004,222.2894,3204.5881121628117,3655.357652879066,1.9,87.96474718052131,11.950108297856447,43151647002.60963,2722.474077554025,18886.58119081216,15850159.0,54.9200902244233,35.35184195019184,7.122957987519979,1.158286957810127,78.77560469681816,0
KAZ,2005,237.2564,3186.4618204989292,3805.771212723454,2.1,88.42100608722568,11.643845711674798,57123671733.89525,3577.358040017821,20565.529447086552,15968117.0,54.6481873472392,37.628018151676805,6.369523015558665,1.1555182798088677,78.63318146460718,0
KAZ,2006,263.5729,3763.634908293148,4050.679979701579,2.1,89.15946802126798,10.745635457805935,81003864630.01804,5030.13494711519,22574.34295776651,16103716.0,54.4137278108953,39.35645574851235,5.49583486199441,1.1527495647664554,78.48149794421603,0
KAZ,2007,274.7758,4065.373388732971,4273.918028021283,1.8,89.33261965064362,10.705240345700933,104849915058.37578,6449.439310965321,24351.346410254195,16257214.0,54.2346203341799,37.73089747586615,5.660291519070267,1.1499808867651962,78.31818350187058,0
KAZ,2008,308.1772,4253.35380920843,4474.348652560417,1.1,90.71296077284102,9.21234454168586,133441648851.9825,8123.547058917361,24895.664568324533,16426525.0,54.1287736358813,40.25024557527207,5.315803246552191,1.1472122087639365,78.10178908767641,0
KAZ,2009,283.7872,3819.514685513157,4306.297422972511,1.3,91.26032270359548,8.639308855291576,115308686941.38016,6938.011756630006,24901.352726008372,16619846.0,54.1167144748885,38.43148085093723,6.146884986500485,1.1444434937215249,78.07656406267363,0
KAZ,2010,304.0154,4105.701894210899,4583.409802688277,1.4,90.2935411272173,9.706483072381,148047348240.64334,8793.075899807822,26374.840767279456,16836810.0,54.2054127497102,40.60242211999835,4.510527529556141,1.1416748157202652,80.43923398896173,0
KAZ,2011,327.4902,4532.003089198964,4746.864555623514,1.4,90.8957568198092,9.12387683921188,192626464617.07117,11287.1464926039,27946.160343294392,17066002.0,54.3996086425518,37.26608809535663,4.988974155757604,1.1584379375486165,80.37504167129681,0
KAZ,2012,322.8188,4270.243403739992,5026.780721209035,1.3,91.76874925929516,8.191451996940216,207998568865.78925,12018.796652799265,28881.24175637276,17306106.0,54.69208192838,36.3028533254093,4.288330156298334,1.1752010223358151,80.3837833833389,0
KAZ,2013,340.3623,4645.780374214215,5186.79632195525,1.2,92.49551341126256,7.504806712906824,236634603409.08856,13478.459627611956,30177.48872217358,17556502.0,55.0779764821252,33.69881563820461,4.503545569627106,1.1919641071230138,80.37711597584916,0
KAZ,2014,298.219,3698.183192294252,4886.540600355237,1.3,91.21393348022244,8.7306263770853,221415613595.46927,12427.709457693862,30986.437916899453,17816285.0,55.5524361787178,33.20942583161247,4.329552461644731,1.2087272289513649,80.30499685150203,0
KAZ,2015,262.9736,3050.943854505402,4794.912058165349,1.7,89.63670795150301,10.32591802529331,184388404706.04175,10196.122625598213,30893.759485104136,18084169.0,56.1106048930882,30.854787393611293,4.710547418815792,1.2254903137385638,80.10508575026854,0
KAZ,2016,278.6123,3389.0973183389096,4797.479796989697,2.1,87.28945117379321,12.704064714392826,137278320084.17114,7475.566886894244,30758.322726059785,18363600.0,56.7476265001667,31.979790360678845,4.556004270706594,1.2363262584731636,80.0985665073897,0
KAZ,2017,293.3193,3404.2670746029135,4955.036558949312,2.0,88.65169192604364,11.331388813519904,166805788827.23325,8943.084167919838,31524.441633979397,18651931.0,57.4586448748837,32.325225301072805,4.516984540267412,1.2471607956439603,80.08804682001703,0
KAZ,2018,298.6795,3814.138733792923,5152.77064946851,1.9,89.55336232853797,10.245046652540797,179339977690.48486,9472.485273277582,32330.22745465675,18932727.0,58.2388038921695,33.496200401787554,4.395858102876359,1.257992073193318,80.02226173278513,0
KAZ,2019,288.1337,3753.1579332388856,5034.265499643277,1.9,89.20815516902609,10.576241848105768,181667184854.50052,9457.126146571356,33298.21236950345,19209555.0,59.0832474269546,33.028795913527006,4.466335958127513,1.26882246175501,79.2585472459903,0
KAZ,2020,296.3528,3388.3878909149353,5306.866805080783,1.8,89.00892776625484,10.931490666426187,171082365861.4229,8781.507977876476,32011.5491499004,19482117.0,59.9871193541692,33.09779715428576,5.391282693448097,1.2796532948105346,79.32333222209876,1
KAZ,2021,315.6438,3540.4002984444883,5321.5211023033635,2.0,89.06133231373504,10.997688524305254,197112255360.61234,9983.60103576902,32945.85157258231,19743603.0,61.030254280267,35.26692959669438,5.030001939963306,1.2904838315368377,79.36648516501833,1
KAZ,2022,322.9322,3506.5455500538646,5271.527884572142,2.0,88.17810342398197,10.997688524305254,225496328925.4941,11255.339643788113,33506.26148932374,20034609.0,61.444157327248,34.97939742375806,5.247144807300736,1.301314553468904,79.36648516501833,0
KAZ,2023,326.8629,3650.547593308485,5145.57131631004,2.0,87.26064181009816,10.997688524305254,261840101059.9235,12879.427525797384,34703.23492866036,20330104.0,61.7560919499181,32.42848433104008,3.825003113616634,1.3121451642775124,79.36648516501833,0
KAZ,2024,330.3933,3650.547593308485,5145.57131631004,1.9999999999999993,87.26064181009816,10.997688524305252,291480274648.8259,14154.632495807637,35973.96332870171,20592571.0,62.072531584162,32.11280781381104,3.8822915165122582,1.3121451642775124,79.36648516501833,0
KEN,2000,41.3838,460.2595578852452,109.06282011912062,76.8,52.95437546746447,59.098229867863374,12705350097.80436,414.6263651308463,3756.6362229687898,30642890.0,19.4553832211834,15.015856028556382,28.721780641290472,6.959957128298837,46.96695417647679,0
KEN,2001,42.3124,452.4284555229565,118.06129003386236,78.3,33.4664891256103,53.16422547714159,12986007425.878052,410.7004524748136,3778.2585475561496,31619170.0,20.4416297068833,15.309624091250818,27.849260111289613,6.899365709667219,47.157114242541375,0
KEN,2002,44.7083,445.35176608032754,117.7144529934102,78.8,21.875,70.32726883561644,13147736898.517572,402.9363856053818,3681.2569427490953,32629808.0,21.8586568137501,15.45356118036688,25.85396760394563,6.838774291035597,47.12021646695014,0
KEN,2003,46.0406,435.1030528432728,125.81635394487908,81.6,18.45166466105094,77.44544725230645,14904517649.847569,442.8984572534054,3674.0859275840858,33652223.0,23.563889811899,15.623150041262363,25.8044393708329,6.778182872403978,47.21861053519345,0
KEN,2004,50.411,449.6750200776702,130.95786633741872,80.3,19.42365269461078,76.14427395209582,16095337093.836596,463.66278130012114,3743.567857369295,34713455.0,25.4147539714454,16.205077338740622,24.92904108750566,6.717591453772358,47.42594089327758,0
KEN,2005,52.8981,453.6249182494348,131.01845421466533,79.2,26.37478108581436,71.3124343257443,18737895512.737766,523.4563124338626,3844.7355712057783,35796484.0,27.2686745625048,17.012626039661658,24.236274700241925,6.657000035140739,47.44351126260674,0
KEN,2006,51.6324,459.8585051985438,133.31885252138466,77.6,30.0561797752809,71.12855254461336,25825512284.28908,699.8023706338097,3970.733498876854,36904008.0,28.9830768551925,19.38410593536877,20.51968780494092,6.59640861650912,47.53487718311839,0
KEN,2007,71.4349,456.22375294181626,140.6023485587431,78.2,26.736485445864776,70.56044971507778,31958195182.240604,840.2014394767648,4116.450947208563,38036349.0,30.4153861196239,19.302168081515365,20.586664460299097,6.535817197877498,47.556572020943875,0
KEN,2008,76.1789,456.15344235827,141.32914333190558,78.2,32.406707961927786,67.14216649040641,35895153327.849686,915.5443547360396,4002.883640737916,39206351.0,31.4230276259143,18.58277172744253,22.196340157982615,6.47522577924588,47.59583722809854,0
KEN,2009,75.1535,470.5883887260108,140.83534240026532,75.6,44.492280285035626,59.71184679334917,42347217912.91757,1047.967832448497,4012.194283823971,40408891.0,31.8603086707305,18.38662466777505,16.254981466228603,6.414634360614261,47.98650964613277,0
KEN,2010,78.7376,469.5958212229522,146.39927380190764,74.0,36.1324577336873,62.7448651669694,45405615063.75513,1091.518731011939,4211.524629577841,41598567.0,31.8713287706458,18.574672770685147,17.56775988636964,6.354042941982641,48.11958182520997,0
KEN,2011,79.5436,472.71516269022874,152.92879694617633,74.7,36.27298627298627,67.81649831649833,46869473150.60999,1096.1449980767547,4307.106115568585,42758461.0,31.8673949025409,19.662900833486685,18.894711224995277,6.321035246160875,49.074089503461366,0
KEN,2012,77.9369,462.7498455826123,149.90326693652293,76.2,27.57929046007271,72.62341732480883,56396704671.57766,1285.005361715117,4387.937900754086,43888303.0,31.8558130142761,19.26155255788996,18.82972593294458,6.288027550339108,49.67034437923885,0
KEN,2013,77.881,471.4354744755678,159.40234545735882,74.3,25.01735709326545,73.46679009488545,61671440407.83867,1370.8788521465926,4443.371215681998,44986791.0,31.8324454433988,19.080259114397503,18.61655158546215,6.255019854517342,49.792869768422534,0
KEN,2014,79.97,497.4856641265116,165.7494315052906,71.8,28.100880530492446,77.16175671268616,68285796514.28962,1482.8156625349743,4558.551552663736,46051440.0,31.7931545274563,19.036032802367153,18.347839339355595,6.222012158695576,49.74715799276101,0
KEN,2015,82.1334,530.4589010472232,172.16508327315236,69.2,14.501386464003286,85.64064907055561,70120446896.8359,1489.1195977728398,4679.621828319382,47088526.0,31.7338026039958,18.89404569836049,19.469614778052783,6.167806623771955,49.561967903647734,0
KEN,2016,88.4378,533.4077785035432,173.26660225273173,68.3,14.32888195730578,83.5605809533093,74815144163.89308,1554.1261031442327,4770.310463880859,48139687.0,31.6502520105647,18.162159286516417,20.03451643283491,6.198336940044369,49.66148697474453,0
KEN,2017,85.5445,538.6069039182613,175.59740415855467,68.1,24.46418227457038,81.46698204286542,82036510877.25989,1667.4844723083545,4846.862108519316,49197766.0,31.5383650847102,17.503509207869115,20.893637406529177,6.228659541608236,48.92889013833978,0
KEN,2018,88.4354,546.4952966928885,178.14211043866757,68.7,13.681041353050563,79.39644027273532,92202979985.2863,1836.4527552899297,5017.667846746638,50207107.0,31.3940041639796,17.313146131064,20.31491041996799,6.258776541074821,49.55216649490558,0
KEN,2019,97.2202,543.8831871574531,175.81060514490733,68.1,11.362062997577016,81.58532364139842,100378436207.37134,1960.408088548926,5171.712642792572,51202827.0,31.1895566421135,16.9305452274709,20.861163811068607,6.2376294489612345,49.51748518038538,0
KEN,2020,108.5772,534.7539574797461,172.64381977065318,69.0,6.452717158750534,83.15806589644843,100657505750.545,1927.6645902784887,5057.401155374287,52217334.0,31.2063494632616,17.400287632278648,22.702726160445057,6.216624778804023,49.38921109365281,1
KEN,2021,102.1602,539.7786432343058,184.42603929569285,67.7,10.19715578539108,78.08217517776342,109703658904.99371,2061.3562208959406,5338.852433827813,53219166.0,31.2879334021971,17.15243577679519,21.47707509572517,6.216624778804023,49.40139750924594,1
KEN,2022,105.1551,541.12804988998,189.35546536773697,67.7,12.247738343771749,78.08217517776342,114448978152.6374,2109.562885131375,5491.693782802457,54252461.0,31.4307820066946,17.52744809684349,21.036192064993276,6.216624778804023,49.48304535750555,0
KEN,2023,100.5761,544.9405719665965,190.08293300838832,67.7,10.27316381957018,78.08217517776342,107500884685.01266,1942.5880275619108,5691.825134744166,55339003.0,31.6330340816429,17.12221482398439,21.45220609022051,6.216624778804023,49.52632238567832,0
KEN,2024,102.8362,539.2984274483288,195.2937277204606,67.69999999999999,10.27316381957018,78.0821751777634,120339557905.93176,2132.4345209764665,5845.201177178245,56432944.0,31.8937831721599,16.467666941272316,22.47284627585553,6.216624778804023,49.52632238567832,0
KGZ,2000,10.8985,473.3802071445026,1696.077178452715,35.2,14.10488245931284,91.63485366017012,1369688498.0677826,279.62173846436474,3638.4631429222695,4898362.0,35.3216067847574,29.199619937666103,34.18770856379585,6.156934306569343,55.86027111574556,0
KGZ,2001,10.0789,435.8812891366559,1445.8836098071758,36.0,14.09233921123875,90.94900124387208,1525116370.279392,308.41129550148037,3795.89059344129,4945073.0,35.3160273737858,26.832488986038832,34.541000358672775,6.182367049009385,56.183524504692386,0
KGZ,2002,11.1678,485.30085738635273,1365.939554820322,28.3,14.091595369904375,90.47978527092768,1605643104.730212,321.72677536680436,3760.53239965257,4990704.0,35.3118703235333,21.313703115960873,34.40479627634449,6.2077997914494265,56.183524504692386,0
KGZ,2003,11.8537,511.2496050753176,1644.357235370118,30.5,14.093145995292774,92.74659439412312,1919008090.4964125,380.50582881244065,3982.927220178016,5043308.0,35.3086519815317,20.243267669312782,33.62225263915948,6.233232533889469,56.51720542231491,0
KGZ,2004,11.7982,497.8754764144233,1417.9053748957092,27.7,14.120599696189156,93.08698236576184,2211534585.003399,433.2338732860004,4211.522483078572,5104713.0,35.3058886953128,21.689369554226943,29.90445009946932,6.25866527632951,56.15224191866528,0
KGZ,2005,11.8947,498.5394095788744,1374.296871368137,28.0,14.122624404002416,93.88489691760124,2460246766.4140053,476.54819364007665,4156.958492301157,5162640.0,35.3030968124082,19.96745266563065,28.483278360978087,6.284098018769551,56.02189781021898,0
KGZ,2006,11.9901,485.42484905971264,1377.4408230304732,27.8,14.122426495903053,94.00605935412794,2834168889.4201913,543.1135124722191,4240.170177975543,5218373.0,35.2997926803498,17.55446612085578,28.680291142099172,6.309530761209594,55.949426485922835,0
KGZ,2007,13.3461,560.621207010433,1456.233741459669,24.5,14.120026972353338,94.4308833445718,3802570552.561046,721.7715775443605,4558.712678941719,5268385.0,35.2954926466692,16.682299994996395,26.880210179587127,6.334963503649635,55.93639207507821,0
KGZ,2008,14.7395,593.9478177144014,1378.712846621815,22.0,14.123335312579524,91.26389006701162,5139958909.179356,966.3885693704937,4894.942780137603,5318729.0,35.2897130588983,20.428912096744593,23.485533153290113,6.360396246089676,55.92909280500521,0
KGZ,2009,14.6311,535.1743308475794,1322.165494078179,24.7,7.8137688351529375,91.1125146620951,4690061380.602529,870.1988945469169,4969.961327203736,5389643.0,35.2815523593591,23.635729332993417,18.76073747073519,6.385828988529719,55.356100104275285,0
KGZ,2010,14.3576,503.615577108919,1366.9140940311784,25.6,8.198347107438018,93.01322314049588,4794361863.013527,876.9544764403543,4876.479648864833,5467059.0,35.267768240398,26.26527379267439,17.44825617724429,6.41126173096976,55.32794577685088,0
KGZ,2011,16.4021,596.8017900990014,1639.7471093485058,26.0,6.7225227602586095,94.39965694682677,6197765984.284684,1117.401743501848,5092.851657516775,5546587.0,35.2466507961984,27.449088094616194,16.565316650180023,6.434337851929092,55.310218978102185,0
KGZ,2012,18.5915,731.3564163578975,1794.7387827056818,22.4,6.520305907172997,93.479694092827,6605142884.362147,1168.6224467544575,4993.394316835278,5652076.0,35.218916221918,22.257129725034165,16.654196378215957,6.457413972888425,55.22054223149113,0
KGZ,2013,18.5021,674.4523743771098,1868.222220298936,24.8,6.523445863964028,93.47441296124474,7335033800.590564,1269.6630346434772,5418.540619939346,5777150.0,35.1850529225105,24.843594671242023,14.637872549781196,6.4804900938477585,55.04014598540146,0
KGZ,2014,19.4006,691.5385436252795,1918.0988064711453,26.6,8.742794400219598,91.25446060938786,7468102412.682374,1264.5266882389074,5513.754469525203,5905848.0,35.1455493029297,23.88822892281891,14.718663119487688,6.503566214807091,55.0422314911366,0
KGZ,2015,19.871,659.12770366868,1805.783939036125,23.5,14.8119723714505,85.13200306983883,6678177511.663131,1105.6519384426072,5600.214334284603,6040036.0,35.1008937681291,25.07806231698156,14.060764330085712,6.526642335766423,55.03753910323253,0
KGZ,2016,19.631,624.3534800684724,1738.852189143331,22.2,13.331322575780424,86.69733071934851,6813095379.118702,1103.2748942841188,5715.010411790033,6175338.0,35.0515747230627,26.54642400077929,12.834473156492791,6.549739311783107,54.958811261730965,0
KGZ,2017,19.9968,609.7055984600256,1816.164914243528,24.7,8.438084187455683,91.55869270934056,7702938379.42036,1221.3904680708183,5861.222000405032,6306696.0,34.9980805726839,27.30809347157655,12.514578895885336,6.5728060479666315,54.95359749739311,0
KGZ,2018,22.1291,707.0811910518912,1855.3465902575065,23.4,7.768115942028986,92.22737520128824,8271106235.415524,1283.520303741702,5951.8287675860565,6444079.0,34.9408997219466,27.4785136821163,11.675286484238448,6.6678832116788325,54.07090719499479,0
KGZ,2019,21.2258,609.8819869755672,1911.9266439268788,28.3,8.296394310287795,91.69169698974528,9371275264.367346,1421.9992750410186,6087.60193826927,6590211.0,34.8805205758044,26.580314952924645,10.37390262489312,6.762982273201251,54.058394160583944,0
KGZ,2020,20.3994,562.2891526745623,1889.5143992592984,30.0,9.237860296027009,90.74993508179692,8270468614.240511,1229.517666029075,5537.79547319377,6726596.0,34.8174315392111,26.90424684760679,12.169655673088435,6.85808133472367,54.05526590198123,1
KGZ,2021,21.829,595.8332223599156,1975.4134443714,27.6,14.400845554234376,85.5934733782534,9249133946.265314,1349.9973065054237,5736.4788341515405,6851224.0,34.7521210171204,23.74830156773745,12.412233029824325,6.953180396246091,54.04640250260688,1
KGZ,2022,21.9535,643.2028412366865,1971.263988806088,27.6,14.061374441723096,85.5934733782534,12134931017.946526,1739.720183441745,6139.777888250061,6975220.0,34.7003053497743,24.19414219776426,10.99680566519774,7.048279457768509,55.252606882168934,0
KGZ,2023,21.7171,591.211507833659,2068.8052396211133,27.6,14.061374441723096,85.5934733782534,15180842369.489408,2138.22210211478,6575.775412904989,7099750.0,34.706439175362,23.583933779700537,9.492161082078082,7.143378519290929,54.00857142857143,0
KGZ,2024,22.369,591.211507833659,2068.8052396211133,27.599999999999994,14.061374441723096,85.59347337825339,17478259659.262497,2420.185422838315,7048.989521112644,7221868.0,34.7219977865937,24.74269577960287,8.607603629063865,7.143378519290929,54.00857142857143,0
KHM,2000,20.4515,273.11106008706554,31.936227686366344,81.6,99.77678571428572,8.959821428571429,3694168979.3201866,296.42668752633426,1922.0317909259152,12462336.0,18.6242216655572,21.64559865125589,35.52773573645662,61.07523226829821,27.0224337185588,0
KHM,2001,21.006,276.1642070890227,35.78627582892233,80.5,99.80353634577604,5.946954813359529,4145665969.928644,327.5009843144443,2032.080920223727,12658484.0,18.7186818716995,23.264625790773692,32.965377253488555,60.96659302062088,27.70224337185588,0
KHM,2002,20.8929,272.09527903291814,49.47398496846539,81.0,95.87912087912088,4.06043956043956,4501227626.6275215,350.14727663429426,2126.341504689866,12855241.0,18.803641734126,25.37930583821665,29.61100467609372,60.85795377294359,28.32540222071153,0
KHM,2003,22.8711,275.59857065719956,50.72420681745599,79.9,93.57798165137616,5.37221494102228,5046693484.317668,386.6911239317779,2309.839314827877,13050968.0,18.8881765274479,26.34287454410444,29.474379569752777,60.749314525266264,28.89191026512577,0
KHM,2004,22.3969,279.2723369105631,55.04075545211148,80.7,94.84662576687116,3.5509202453987734,5883297159.873515,444.1990675290812,2491.309300038381,13244731.0,18.9813615262763,27.68026858139672,26.628662754703942,60.64067527758894,29.62837072286427,0
KHM,2005,25.1485,286.390391082312,65.92653343554178,79.2,93.87966804979251,4.610995850622407,7066296463.359804,525.7973251209264,2781.890288952551,13439202.0,19.0922720052225,27.41924701604547,27.44578889174269,60.532036029911616,30.342170858826194,0
KHM,2006,26.5989,289.72636002753785,79.99103748448937,78.0,94.23240033927055,4.519932145886344,8350531016.657529,612.2526485507273,3041.104712201528,13639028.0,19.2299832388976,29.07002258482276,26.285742936201867,60.423396782234306,30.336505778382055,0
KHM,2007,27.8734,298.2137717420128,99.62598713892804,74.8,95.44235924932975,3.8351206434316354,10127916459.89827,731.6922951254261,3308.157472465436,13841770.0,19.4035705019128,28.140035077613135,25.46562834225731,60.31475753455699,30.336505778382055,0
KHM,2008,28.7927,296.38961605563713,113.42387176869158,74.1,97.19028340080972,3.614709851551957,12174303999.08125,866.2839997897495,3501.925702193196,14053479.0,19.6574509865325,26.049596688747343,28.0340869915092,60.20611828687967,30.336505778382055,0
KHM,2009,30.3086,311.4624062288999,126.98915233865269,68.0,94.62875197472354,4.527646129541864,12502901169.737713,875.7489361935693,3587.608895883625,14276810.0,20.1979728726519,25.56651629220461,28.089323941887933,60.09747903920236,30.187695445275324,0
KHM,2010,30.9733,323.2559707474881,157.02662059816868,64.8,94.48818897637796,4.038385826771654,13808673288.06956,952.2746163240076,3711.537505801573,14500726.0,21.1232251168762,26.008898513698103,27.874291655550827,59.98883979152504,30.486126217992293,0
KHM,2011,32.1391,325.0638009818711,175.98812817097868,64.0,92.83694627709708,6.539114043355325,16032622023.826536,1088.9815282308143,3921.979115633081,14722584.0,22.3824788531276,26.660692673202256,28.03585445980653,58.01466122818943,30.779491275776117,0
KHM,2012,32.0027,334.02596449885635,222.1466120801588,64.4,62.35612728503723,36.412999322951926,17826536699.801636,1192.8026304167313,4159.163541234465,14945085.0,23.9411047582349,27.61102976500863,26.795349937528297,56.04048266485384,31.150901880806707,0
KHM,2013,31.9833,337.7820363989769,238.16417019463412,65.0,42.17130387343153,56.65521003818876,19807135252.864857,1305.6600972685976,4419.398868018598,15170208.0,25.7644735090271,28.958119803789497,24.44715514041297,54.066304101518234,31.452442782687516,0
KHM,2014,33.4022,359.9541784580028,276.4865258769825,63.7,39.21135646687697,60.03973509933774,22041463967.90093,1431.5639646999336,4702.730618232066,15396772.0,27.8179557823331,29.91699164796132,22.193815240444493,52.09212553818264,31.68260876954452,0
KHM,2015,35.1735,379.7547466910754,343.46244581233447,60.6,54.861711322385474,48.57658241520847,24174170369.07381,1547.320104443935,4968.57276699143,15623251.0,30.0669222549819,31.463905171234146,20.140848855458216,50.11794697484704,31.996057104010877,0
KHM,2016,37.8724,412.7612122605062,407.5619939262476,58.0,52.804542326221615,45.98744625967326,26556545153.3573,1675.1955571110864,5283.729649437785,15852803.0,32.4767436038024,33.05620946080039,18.90798155559165,49.235950600498526,32.29098119193293,0
KHM,2017,39.8201,418.96847598765834,436.9960453848763,56.3,58.65412445730826,41.08157361874458,29355665909.790527,1826.353916887541,5632.031256293422,16073372.0,35.0127905056235,34.29808091691651,17.868177158358588,48.35395422615001,32.770359732608206,0
KHM,2018,40.6867,440.51227921791184,553.5646454009525,58.1,40.73162152655645,57.19585091420535,33145892168.89583,2036.6737756657817,6050.590882622052,16274522.0,37.6404336372742,36.871423752422615,16.497947908222766,47.47195785180149,33.188107863131656,0
KHM,2019,44.0007,487.9389207115493,650.7980193800199,53.0,50.83166999334664,47.28615759725147,36685356407.72062,2225.877054856862,6448.884559528051,16481304.0,39.5830241256026,39.045594652157185,15.438506517715696,46.58996147745299,33.71628030818037,0
KHM,2020,46.9569,513.1792462925619,706.287905502708,51.4,51.369486305136945,46.91436737385952,34818073901.485085,2081.739142429391,6128.782437833349,16725474.0,39.832658030922,37.45761227793609,17.039652291143486,45.70796510310446,34.301391910265124,1
KHM,2021,48.3369,497.04212828098,725.8029121074471,52.4,41.84383266385814,56.36874571624401,36790163687.442055,2167.403241984992,6225.532654747405,16974305.0,40.1091858128847,40.32050857300706,16.904414371009576,44.82596872875595,34.69997564015409,1
KHM,2022,47.1042,498.3117367256927,813.6393770763907,52.4,35.19075361774103,56.36874571624401,39994532959.60738,2325.0305004084116,6458.3681488083985,17201724.0,40.374616187368,40.86496262221583,16.544085988484795,43.94397235440743,34.8115777249037,0
KHM,2023,48.9818,554.9051829115851,932.3985243240884,52.4,35.19075361774103,56.36874571624401,42335646895.798386,2429.748534528382,6695.291947637226,17423880.0,40.6290788072508,40.5173741615592,17.07844724553506,43.06197598005891,34.86482948107863,0
KHM,2024,49.8348,554.9051829115851,932.3985243240884,52.39999999999998,35.19075361774103,56.368745716244,46352647037.24056,2627.8796975622413,7008.889345517265,17638801.0,40.8727033252729,41.7506561774631,16.57687260913498,43.06197598005891,34.86482948107863,0
KOR,2000,530.145,3952.362852537172,5885.452406287927,0.7,60.33101015166975,1.9753385331096625,597487173479.1095,12710.299579557866,26404.158857574548,47008111.0,79.579960745642,34.422906338986756,3.706347747614959,67.13663694795771,20.454074227659135,0
KOR,2001,537.2944,3923.080943430025,6290.457428013126,0.7,61.87475815813234,1.9602089513736616,567564806235.4406,11981.482821875825,27440.656491584657,47370164.0,79.8787704357425,33.08008168433614,3.426587751907917,66.85032044655779,20.10543725449659,0
KOR,2002,554.1731,4093.476401357182,6574.38840672766,0.7,61.89173409468146,1.6849106954536144,650014391470.2104,13642.942453710111,29395.276603679624,47644736.0,80.2766294544335,32.68828051853767,3.080412884299974,66.72383510693254,19.82642835003616,0
KOR,2003,560.1427,4137.64649746404,6994.982286307641,0.8,60.451164322993435,2.058733433900323,728516494684.2694,15211.548377042198,30142.46055858137,47892330.0,80.707793508044,32.99459769296677,2.845363252101748,66.625,19.64876033057851,0
KOR,2004,578.4585,4255.200215263285,7438.295818070596,0.8,63.01215291837406,1.6685292863197334,823251107638.8137,17121.63016332014,31579.528304886684,48082519.0,81.104386778171,34.603371162961174,2.835774404373469,66.5193141912828,19.55174550712663,0
KOR,2005,575.1152,4324.509297068909,7712.325115922505,0.9,60.629498307203235,1.4379088343073478,971740329983.8778,20167.047490250618,32886.047245074304,48184561.0,81.3901352283669,34.08246083228536,2.5059399070817157,66.40681466184823,19.42178626742385,0
KOR,2006,583.4006,4337.551034639723,8075.387959591969,0.9,61.88270958360547,1.4218289812567009,1095175538508.186,22609.705943144854,34429.622201313716,48438292.0,81.566462110512,33.5291229527825,2.387805174744602,66.2943848059455,19.17836498761354,0
KOR,2007,603.9762,4487.981326296671,8023.208947531818,1.0,63.2781861537552,1.4701535187119406,1220911904593.0552,25078.485395710468,36257.34016897016,48683638.0,81.712125801927,33.49347441120037,2.1791273706827594,66.17519603796947,18.984729673957904,0
KOR,2008,616.3361,4512.969321527793,8299.264568041053,1.1,62.67130408483451,1.623017598245846,1091580692542.3396,22252.31251080609,37064.15184841065,49054708.0,81.8350833138518,32.58017699318081,2.0417916313825524,66.03567378080214,18.73389009176204,0
KOR,2009,621.1425,4557.697568250016,8509.986293253394,1.2,64.3538400194327,1.7221308131940658,983065242417.3604,19937.30291377345,37176.19392709687,49307835.0,81.9245045084002,33.07182195887774,2.1380452806109744,65.89635277148156,18.49371522769421,0
KOR,2010,682.955,4920.341595428872,9223.0892968075,1.3,66.71837769114836,1.8896008217632547,1192830015737.682,24071.26205263616,39574.05007329468,49554112.0,81.9685075986486,34.408328707127616,2.0444228836758027,65.70987654320987,18.24074074074074,0
KOR,2011,716.3897,5114.962825588639,10183.404817921462,1.4,68.35869988877376,2.0466332671046006,1307103477219.1016,26175.23985533631,40719.22737716707,49936638.0,81.9615408086376,34.868894657620906,2.1076566525074703,65.61374627019241,18.068731350962032,0
KOR,2012,715.6023,5122.942133081963,10320.089981139983,1.6,69.70886771095229,2.0998995064984554,1335343586437.6738,26600.54774339028,41537.67286111168,50199853.0,81.9087898200378,34.70079667085384,2.082151875944432,65.43006885212208,18.3742678039256,0
KOR,2013,712.9624,5108.2363385520675,10314.047544133082,1.9,71.60293888224413,2.3936103826638635,1434669686501.8389,28449.359110497207,42709.97518578872,50428893.0,81.8269383502703,35.19871119054842,1.995081665211273,65.24952271467576,18.154291462238007,0
KOR,2014,702.5531,5136.985330194921,10272.636864625903,2.9,68.20053672169793,2.5244082346748904,1556252422020.4402,30667.09124674474,43806.92509856608,50746659.0,81.7315682816954,35.0245177739824,1.9517666566085936,65.1442060966848,17.944165041568304,0
KOR,2015,714.5938,5239.003453627777,10429.080716284974,2.7,67.13998450959787,2.598460414022814,1539212301135.547,30171.790654522236,44849.10676708895,51014947.0,81.639489860678,35.113231110723035,1.8985843095263264,65.03155626250705,17.815177792600952,0
KOR,2016,719.5214,5390.840426359053,10609.806906399324,2.6,67.30932486184895,3.5181576301200423,1579150518945.4392,30832.062807251597,46088.243078538326,51217803.0,81.5559241797057,35.22649371263898,1.739456481428038,64.87911456677163,17.446070838761297,0
KOR,2017,738.1912,5467.82224967457,10811.766719505433,2.8,69.75403368385116,3.9750706754711262,1710196756713.1694,33296.98454391951,47536.78985688512,51361911.0,81.471030429984,35.62988426580674,1.7149425413338069,64.78309916931597,17.195159470823505,0
KOR,2018,754.5223,5531.779573725051,11161.81743946086,3.2,72.51122118101037,4.537970186845712,1824251454306.8289,35363.95082286868,48834.447115773335,51585058.0,81.3823523035196,34.976707476851345,1.5993277443236076,64.67391304347827,16.94011484823626,0
KOR,2019,729.0696,5334.673858721257,10943.203861494974,3.2,69.25118664737741,5.271464269061084,1751045752054.627,33826.94433015971,49790.86798848215,51764822.0,81.2901063535619,33.64649210281534,1.5068943395558834,64.51844262295083,16.772540983606557,0
KOR,2020,695.1271,5195.910110878106,11104.663669754282,3.6,66.04530546098921,6.230047809529259,1744070276373.339,33645.77195450733,49374.09261480253,51836239.0,81.1759595622913,33.35632617776388,1.5779513535925895,64.41598360655738,16.608606557377048,1
KOR,2021,719.2806,5513.628305734768,11726.219930218038,3.6,67.26912855056386,6.588347685898306,1942313560965.9043,37518.46353056967,51718.251865663115,51769539.0,81.1616526507785,33.15260467680799,1.6651597819158437,64.31352459016394,16.424180327868854,1
KOR,2022,694.8783,5411.97477731382,11705.63050581054,3.6,63.186632932135666,6.588347685898306,1799363116866.521,34822.40484049711,53228.60356553654,51672569.0,81.1624941626873,32.51125805072465,1.4483461547481982,64.21106557377048,16.229508196721312,0
KOR,2023,670.1146,5336.924859661565,11426.06991148524,3.6,61.16721386639593,6.588347685898306,1844800934391.545,35674.09599563203,54029.3434990785,51712619.0,81.1645551720421,32.52346900639743,1.447738714455018,64.10860655737704,16.065573770491802,0
KOR,2024,668.2453,5438.790367837532,11350.16255221028,3.6,61.16721386639593,6.588347685898304,1875388209406.803,36238.63990831499,55070.938619412125,51751065.0,81.1682528469686,33.902543802403684,1.4582510545953795,64.10860655737704,16.065573770491802,0
KWT,2000,89.5959,9498.024359784602,14716.768582945082,0.0,100.0,0.0,37718743480.0751,19296.347169872908,60585.30267881636,1954709.0,99.0,,0.3552198300821932,0.2721661054994388,8.305274971941639,0
KWT,2001,91.2729,9864.906763817618,15201.275221961228,0.0,100.0,0.0,34889559869.832596,17374.231866422688,59099.6653133601,2008121.0,99.2347539628831,,0.4467289719626168,0.2800224466891133,8.473625140291807,0
KWT,2002,94.6177,9714.889598909986,15709.90701824392,0.0,100.0,0.0,38135788413.82759,18512.752303586156,59348.617274156495,2059974.0,99.5090276880805,,0.5168248490077654,0.2878787878787878,8.473625140291807,0
KWT,2003,105.1934,10164.179283719794,16272.481718163252,0.0,100.0,0.0,47874582231.58799,22690.655175143995,67984.31450625538,2109881.0,99.7655794280652,,0.4548895368397443,0.2957351290684624,8.473625140291807,0
KWT,2004,110.0542,10971.464403646516,17020.1917193555,0.0,100.0,0.0,59439090600.61079,27552.28273997867,73298.06218194768,2157320.0,99.94716743531,,0.4047566036981851,0.3035914702581369,8.417508417508419,0
KWT,2005,121.8014,12019.62544935832,17399.50321621897,0.0,100.0,0.0,80798630136.98631,36122.61427412268,78193.90121275854,2236788.0,100.0,,0.3013580184120848,0.3114478114478114,8.417508417508419,0
KWT,2006,125.3102,10452.803842214322,17971.162071997136,0.0,100.0,0.0,101557330723.42303,42946.637410406605,79521.34843384547,2364733.0,100.0,,0.2365157196423421,0.3193041526374859,8.417508417508419,0
KWT,2007,121.437,9524.114020607189,17279.486675436332,0.0,100.0,0.0,114634043361.69225,45709.41328763706,79474.76113463767,2507887.0,100.0,,0.2133171273702755,0.3271604938271605,8.473625140291807,0
KWT,2008,126.2487,10651.123814838533,17349.187473434056,0.0,100.0,0.0,147379737229.75284,55585.18893444415,77036.50838330554,2651421.0,100.0,,0.1600209996012095,0.335016835016835,8.473625140291807,0
KWT,2009,124.5391,10531.904089024549,16854.684197799023,0.0,100.0,0.0,105968691905.4155,37907.100132004154,67896.2680451995,2795484.0,100.0,,0.2623277654265121,0.3428731762065095,8.501683501683502,0
KWT,2010,126.712,11313.746164710608,17194.904347802454,0.0,100.0,0.0,115416245241.74216,39212.25222015503,62956.2152904125,2943372.0,100.0,66.06555828153967,0.4517289854751143,0.3507295173961841,8.529741863075197,0
KWT,2011,135.488,10506.465965956962,16159.274058402443,0.0,100.0,1.739463201655969e-05,154039231245.85568,49169.60638130948,64844.501901940814,3132814.0,100.0,72.7249733972566,0.4388358253241651,0.3507295173961841,8.557800224466892,0
KWT,2012,138.7913,10426.982707217956,16132.526687021613,0.0,100.0,1.636152423959816e-05,174047662680.04114,52155.22258339213,64908.262639237,3337109.0,100.0,74.81232074331444,0.3598743008488337,0.3507295173961841,8.529741863075197,0
KWT,2013,140.765,9778.60747500995,15181.689949724105,0.0,99.95900429634976,0.00029516906628185367,174168116534.84445,49651.04392750774,62458.808922124896,3507844.0,100.0,73.09869387778572,0.3551776089493713,0.3507295173961841,8.61952861952862,0
KWT,2014,139.4418,8692.304038889477,16199.675057203243,0.0,99.95701565858153,0.0050353085661651,162650450684.72452,44368.78134577507,60065.6544076232,3665876.0,100.0,70.54831675439526,0.4506361061098935,0.3507295173961841,8.535353535353535,0
KWT,2015,143.8243,9738.489548765549,16233.093949940723,0.0,99.95606841611996,0.007453725398313,114585555688.51128,29882.212649569756,57763.517457439535,3834574.0,100.0,55.93584565415589,0.5377290088696369,0.3507295173961841,8.383838383838384,0
KWT,2016,149.0398,9693.779264119868,15956.910124032993,0.0,99.9514874794892,0.0696440037097809,109406674124.65208,27323.689073551704,56936.62084272598,4004096.0,100.0,52.13478015417703,0.5185921311858686,0.3507295173961841,8.417508417508419,0
KWT,2017,146.7045,9535.251606302789,15957.882089490451,0.0,99.9464197395175,0.0704099576853327,120687539805.5052,29047.653613570285,52285.587117569565,4154812.0,100.0,55.61921589781957,0.5250921392494645,0.3507295173961841,8.496071829405162,0
KWT,2018,150.353,9781.8532163362,15618.07927114859,0.0,99.9203810911839,0.0744504271082142,138646316350.7266,32067.9623756889,51623.807862205234,4323515.0,100.0,60.12765371745758,0.4459068711695096,0.3507295173961841,8.417508417508419,0
KWT,2019,148.8155,8355.801894473243,15390.620568190106,0.1,99.82283438345031,0.0828282559177312,140856394860.52875,31707.87374435514,51380.64553546314,4442316.0,100.0,57.718656677003075,0.3704341383802915,0.3507295173961841,8.417508417508419,0
KWT,2020,144.0527,8874.991253019805,15481.106032883914,0.1,99.7137353523463,0.0806490448927176,111045470605.71529,25236.075584894115,49372.81879385524,4400267.0,100.0,48.461210173529395,0.4963266899896769,0.3507295173961841,8.417508417508419,1
KWT,2021,152.3926,8573.693910901142,16867.98376010264,0.1,99.76603409217512,0.2650128124187618,148350671489.14444,34018.63425929132,50651.95753370912,4360865.0,100.0,58.306793115303535,0.4730248189825343,0.3507295173961841,8.417508417508419,1
KWT,2022,159.6228,9132.605909308262,16570.569867852468,0.1,99.80369625586518,0.2650128124187618,183502046693.87753,39981.769103583334,51379.88331941186,4589643.0,100.0,65.76632895806056,0.402460238899801,0.3507295173961841,8.417508417508419,0
KWT,2023,167.8877,8952.274830657288,16496.202677699435,0.1,99.80369625586518,0.2650128124187618,165384407116.2329,34075.84901290902,47777.40122848435,4853420.0,100.0,60.29413646519849,0.468735596188185,0.3507295173961841,8.417508417508419,0
KWT,2024,173.3307,8952.274830657288,16496.202677699435,0.09999999999999998,99.80369625586518,0.26501281241876173,160227273053.3338,32717.718663125463,46137.46742548454,4897263.0,100.0,57.12686525203876,0.4929806785363007,0.3507295173961841,8.417508417508419,0
LBN,2000,18.1724,1136.8701445954557,2292.497239764029,4.9,95.5372399236104,4.474931907596086,17260364842.454395,3986.835139410256,11571.73260410848,4329340.0,86.0,19.965411222136815,6.237509607993851,13.50733137829912,58.1622678396872,0
LBN,2001,19.5937,1199.710235849918,2217.6696612703827,4.6,96.66432231487994,3.3464447806354007,17649751243.781094,4009.5592975110153,11817.930501284412,4401918.0,86.1451238111303,20.43071372195287,5.863118728154245,13.49921798631476,58.45552297165201,0
LBN,2002,19.7074,1175.2534652237614,2357.5648190300712,5.7,94.1344406955619,5.884027777777778,19152238805.97015,4290.852838032664,12053.834156382563,4463504.0,86.2942846645228,19.11540592962039,5.662926018287615,13.491104594330402,60.215053763440864,0
LBN,2003,19.9597,1157.2988164132048,2479.9425832414836,7.0,90.1518100428182,9.876454509957048,20082918739.63516,4437.715885075258,12272.344067749676,4525508.0,86.4475351790771,18.3121387283237,5.4863748967795205,13.48299120234604,61.29032258064516,0
LBN,2004,20.3716,1149.0600192591144,2177.2977895013546,6.1,90.60608718533462,9.432520468351086,21159827992.039803,4600.683714129933,12882.0757995163,4599279.0,86.6049279736931,14.575166375425692,3.820910296334385,13.474877810361685,62.39491691104594,0
LBN,2005,20.3809,1079.471930367284,2269.057708437966,6.4,91.083454095985,8.91893274230671,21497336498.839134,4602.198046379449,13024.664892495606,4671102.0,86.7665156672703,14.760038233600884,3.5796350582256338,13.466764418377322,63.831867057673506,0
LBN,2006,20.0335,985.7854712510082,2258.828204454682,6.4,93.87737097485665,6.126687251874724,22022709851.40962,4635.251411748604,13003.680803907992,4751136.0,86.9323508787087,15.00815137590299,4.469734858907345,13.458651026392962,66.37341153470186,0
LBN,2007,18.8883,823.8750048033285,2056.9275975523306,7.3,94.45810478532248,5.537166635142803,24827355014.925373,5125.25809960149,13941.561424476717,4844118.0,87.1024862269079,15.509877351238458,4.892766618290708,13.450537634408605,66.18768328445748,0
LBN,2008,22.3503,1061.3791229352084,2301.154394181616,5.1,97.00425668620994,2.9989559071560516,29118916105.472637,5912.045328208416,14955.141356325232,4925354.0,87.2769743307677,16.212003826201045,4.521886179926451,13.442424242424243,64.80938416422288,0
LBN,2009,25.7785,1336.5941699009152,2473.0148727426927,4.3,95.26964560862866,4.7312018489984595,35399582928.68988,7090.854938566208,16264.350618270611,4992287.0,87.4558678091878,15.439516788273094,3.950872086114832,13.434310850439882,64.80938416422288,0
LBN,2010,24.899,1272.704426314309,2994.0761170558,5.7,94.65580862705178,5.342728082453238,38443907042.12272,7625.810515511655,17390.75840129583,5041288.0,87.6392192810679,13.809376206629,3.861959367519459,13.42619745845552,62.56109481915934,0
LBN,2011,25.466,1257.0153362389788,2998.222141985314,6.2,95.05733733979272,5.387134359477526,39927125961.5257,7834.96257108993,17353.19608452942,5096020.0,87.8270813653079,14.506216070168009,3.804609707144669,13.484457478005863,63.63636363636363,0
LBN,2012,28.2302,1383.476740489031,2926.2328052069793,5.6,92.9159406357027,7.148170401970799,44016799515.75456,8406.984056081175,17323.30137642822,5235742.0,88.0195066808075,15.485519738150778,3.764530777048816,13.54271749755621,64.32062561094818,0
LBN,2013,28.0727,1238.3238338209703,3034.4205106490263,5.9,93.576611182245,5.668053777208707,46880103080.597015,8162.379293613964,16396.496930216344,5743436.0,88.2165478464663,16.34379622751047,3.9553991560217048,13.60097751710655,64.51612903225806,0
LBN,2014,30.182,1192.553005831761,2557.2751808337493,4.2,98.80376119735158,1.204028264619151,48095213746.600334,7577.641330236905,15205.873265401997,6346990.0,88.4182574811842,16.20941012724423,4.022805905178516,13.65923753665689,64.71163245356793,0
LBN,2015,32.4173,1284.150181535057,2631.916815669569,4.2,97.30758916599623,2.746902654867257,49929337836.81592,7714.109999880404,14980.020515614047,6472469.0,88.6246882038608,15.705184644745689,3.284663266709434,13.717497556207231,65.00488758553274,0
LBN,2016,33.6545,1356.1770231910627,2768.912520203826,4.0,97.81018136850784,2.2391281945589445,51147308774.12936,8089.012088155,15572.361173977366,6323060.0,88.835892633396,15.953903808486931,2.727149457639454,13.776148582600197,65.59139784946237,0
LBN,2017,35.3527,1475.8082102746678,3169.414661513527,4.0,97.7593673507814,2.385049896441348,53027680685.90382,8608.21084982387,16128.58381960507,6160128.0,89.0519233886895,14.926879779679112,2.79291148520091,13.834799608993157,65.81818181818181,0
LBN,2018,33.7251,1431.8255348994496,3171.5612607302764,4.7,97.92519407198309,2.181274994119031,54901519155.55556,9174.536662047589,16290.051647859174,5984119.0,89.272833088641,13.805602378118426,3.2318972830416333,13.893450635386117,65.64516129032259,0
LBN,2019,33.5632,1489.8721733652608,3358.3025834079144,5.1,94.83509357050212,5.136649990735593,51605959131.27413,8905.880054974366,15659.566104001173,5794594.0,89.4986743521503,12.49911818389464,3.1690998515024513,13.952101661779082,65.62072336265885,0
LBN,2020,28.6308,1251.1811645359885,2868.617728892301,6.3,93.3684383741978,6.408809171191926,31712128253.796097,5561.19166950397,12507.436636807848,5702398.0,89.729499798117,6.638166395448261,3.0782500056068893,14.010752688172042,65.89589442815249,1
LBN,2021,23.758,987.5971037504304,1750.0501038627715,6.8,91.07142857142856,5.072302018633541,23131941556.784348,4045.3739106623375,11599.77550837654,5718122.0,89.965362045441,2.758632073776703,1.4001656148754456,14.069403714565004,66.62949169110459,1
LBN,2022,17.7103,652.7413692923409,680.652360897549,6.8,54.8349873067159,5.072302018633541,20992421948.808086,3654.358455348785,11474.750584555835,5744489.0,90.206313713022,2.3907620997539305,1.189573262952201,14.128054740957966,66.12756598240469,0
LBN,2023,18.36,780.3301615046939,975.319446996818,6.8,54.8349873067159,5.072302018633541,20078620356.993057,3477.7248984268376,11330.26873874222,5773493.0,90.4524074197598,2.0863020184691,0.9664553673692244,14.18670576735093,65.9055522971652,0
LBN,2024,18.7863,780.3301615046939,975.319446996818,6.799999999999998,54.8349873067159,5.072302018633541,20078620356.993057,3477.7248984268376,11330.26873874222,5805962.0,90.703695784554,2.0863020184691,0.9664553673692244,14.18670576735093,65.9055522971652,0
LBY,2000,91.7315,2976.836507403967,2243.91194681416,2.0,100.0,0.0,38270954138.11281,7214.100403770844,17747.018885583213,5305021.0,86.9508513726842,,,0.1233276879184332,8.780704047648817,0
LBY,2001,88.2758,3074.78058753118,2272.1725118942995,2.9,100.0,0.0,34112093927.253975,6312.8003049896515,17115.988856426393,5403639.0,87.3194455877457,,,0.1233276879184332,8.780704047648817,0
LBY,2002,88.5147,3089.63282765671,2783.561862679067,2.9,100.0,0.0,20481889763.77953,3718.2943469675506,16629.436434600455,5508410.0,87.6256192750746,65.83038597570352,5.185299092726433,0.1233276879184332,8.780704047648817,0
LBY,2003,98.3098,3033.31081378459,2948.358525237045,2.9,100.0,0.0016892783613999,26265625000.0,4674.099432003214,18422.73360324046,5619398.0,87.8659880500458,70.89381320642475,4.092207019631172,0.1233276879184332,8.780704047648817,0
LBY,2004,96.9348,3051.0334553670905,3091.8510019622804,2.8,99.99506879037428,0.0054736426845505,33122307692.30769,5773.763332342814,18851.203910996315,5736693.0,88.0371675280346,76.64251376018952,3.3426229127476255,0.1233276879184332,8.743762574309194,0
LBY,2005,104.4783,3114.9856427494683,3392.6754259150084,2.7,99.99117854622442,0.008424488355681,47334691241.49238,8079.249573290012,20649.462458017235,5858798.0,88.135773324416,80.97429438739262,2.5100109797842793,0.1233276879184332,8.743762574309194,0
LBY,2006,102.7996,2733.3830072487076,3733.145870605569,2.9,99.987880746546,0.0109073281085885,60094231606.64205,10048.84804342891,21545.29863844188,5980211.0,88.1599560242948,86.66955500575769,1.517644838170668,0.1233276879184332,8.743762574309194,0
LBY,2007,96.2555,2363.5624748992855,3712.252513768802,3.1,99.98856445833653,0.0133414652740718,68032978390.600685,11144.94484134354,22422.01175947616,6104380.0,88.1560287475586,84.72750766866703,1.541416622526964,0.1233276879184332,8.743762574309194,0
LBY,2008,100.5722,2578.9594285843477,3066.989766543767,2.9,99.98604618712062,0.0149654643131235,86710767415.13712,13906.1407818125,21915.19762082735,6235430.0,88.1474456787109,85.9203928517569,1.3836525410948577,0.1233276879184332,8.743762574309194,0
LBY,2009,100.2433,2784.55454632999,3027.477717606931,2.6,99.9835380107332,0.016758305073585,60808562033.41912,9551.054038697546,20518.96424128384,6366686.0,88.1345825195312,73.79725446569132,2.158067630822191,0.1233276879184332,8.743762574309194,0
LBY,2010,106.0591,3131.506083172621,3206.450636896359,2.5,99.9815713495915,0.0180600774003317,75380825062.4216,11600.906864947192,21115.525984615404,6497839.0,88.1177139282227,75.74498699362037,1.7995300110166756,0.1233276879184332,8.724439342100776,0
LBY,2011,62.5753,2631.7279455216712,2796.221404233792,3.2,99.97307588753414,0.025693295895996,48169263294.10074,7593.839152570198,10741.920675190808,6343203.0,88.0970458984375,53.89890870239882,3.057668337106662,0.1233276879184332,8.724439342100776,0
LBY,2012,99.5456,3101.4768134285637,4499.032904548844,2.6,99.97665937272065,0.0227279358132749,92540938129.13144,14975.890279514448,20601.00266410003,6179328.0,88.0727920532227,73.73692991832483,1.8155936523598093,0.1233276879184332,8.72671266353706,0
LBY,2013,90.6339,2747.590737916036,4879.114199917902,2.4,99.97889905837047,0.0205470419117453,75351107029.06049,11951.713412601106,16557.500941664974,6304628.0,88.0451431274414,65.12375891483708,2.415485152895848,0.1233276879184332,8.72671266353706,0
LBY,2014,80.3999,3550.5742819661964,4766.11155125083,2.3,99.97879727544988,0.0206461530306644,57372355592.02202,8926.420745914742,12499.082996852314,6427252.0,88.0142059326172,46.769277554872765,3.5166786071914378,0.1233276879184332,8.723871011741705,0
LBY,2015,71.7188,2942.789507029971,4651.690440289298,2.9,99.97867292260936,0.0207672416091279,48717501321.30524,7458.489177563744,12195.34869904206,6531819.0,87.8159103393555,34.82896932787033,4.3862973349324035,0.1233276879184332,8.723871011741705,0
LBY,2016,68.1533,3350.14260585583,3840.24670218871,2.8,99.97453851050288,0.0247931253978357,49912073701.298,7525.8029930821585,11831.82576695593,6632126.0,87.8160056703177,26.07707626642381,4.6117798957291605,0.1233276879184332,8.723871011741705,0
LBY,2017,82.0616,3698.168835016538,3991.8264015539926,2.9,99.97596226074936,0.0234067485952946,67157452181.77383,9965.832367297568,15428.116441185352,6738770.0,87.8166729870528,38.98001611018167,3.874776455204507,0.1233276879184332,8.723871011741705,0
LBY,2018,88.5313,3345.5628292436695,4050.777808033371,2.9,99.976588335138,0.0227971086593895,76686029772.14833,11196.585481084374,16385.16447612699,6849055.0,87.818484275334,49.67675800748802,3.6601292203691655,0.1233276879184332,8.723871011741705,0
LBY,2019,91.6378,3691.9435208740056,4088.6009316888585,3.0,99.97689730853644,0.0224962458126371,69254496471.6938,9963.194890844828,14337.196298758206,6951033.0,87.8220115209342,49.97761793134784,2.042016192325168,0.1233276879184332,8.723871011741705,0
LBY,2020,64.448,1411.0433394018023,3521.021307664761,3.2,99.96949049120308,0.0264076748364351,46854285440.64199,6650.338105853479,9978.664001107429,7045399.0,87.8278267096263,15.950203642511337,4.3267701529239995,0.1233276879184332,8.723871011741705,1
LBY,2021,92.6155,2102.6358952713144,4001.7238540049825,3.1,99.97125197642664,0.0223947103636624,35217995647.2862,4935.827873498015,12641.509771407456,7135175.0,87.8365018271835,74.91210083716483,1.9292341608538957,0.1233276879184332,8.723871011741705,1
LBY,2022,89.9447,1543.814719517055,3979.066433825387,3.1,99.97151484076797,0.0223947103636624,43246297921.84992,5986.636948512581,11450.059855292844,7223805.0,87.8486088593786,76.83807986471425,1.6864376993735348,0.1233276879184332,8.723871011741705,0
LBY,2023,97.9516,2662.1673661639556,3796.09833965697,3.1,99.97151484076797,0.0223947103636624,44027664915.18701,6026.515187088119,12476.597494408254,7305659.0,87.8647197919848,78.89952807928267,1.7692779613025011,0.1233276879184332,8.723871011741705,0
LBY,2024,98.1709,2662.1673661639556,3796.09833965697,3.0999999999999996,99.97151484076797,0.02239471036366239,48487151215.34504,6569.164086786484,12583.83387268161,7381023.0,87.8854066107749,73.49714041826718,2.3919760990183523,0.1233276879184332,8.723871011741705,0
LKA,2000,22.4543,431.6261215309638,286.94264785658095,64.2,54.197601370645344,45.81282124500285,16595882818.685669,860.1998843047694,6428.6134189046315,19293054.0,14.6196895000898,27.31807679646575,19.927315041872212,34.54664327858396,37.474087067453354,0
LKA,2001,22.1422,410.7671417317399,280.6070622573195,62.9,53.98908715528683,46.04394632060168,15749753804.834375,803.5440266273846,6230.0305186485275,19600362.0,14.5739539539707,26.820594416078464,20.066605203361096,34.446499760803704,37.49003348748206,0
LKA,2002,22.7843,413.9926786765834,291.73343178284773,62.1,61.81741216311556,38.18061238888105,16536535647.083422,834.9360149053377,6409.862788934459,19805752.0,14.6107836754127,28.01061345167316,14.279322536088271,34.34635624302344,37.569765587625575,0
LKA,2003,24.0385,435.2386213816326,314.3619977644812,61.3,57.1021254536029,43.08385173665111,18881765437.215084,946.3822551280718,6741.012488494236,19951521.0,14.7256630416211,28.42457041769732,13.230514884211958,34.24621272524318,38.04656354648381,0
LKA,2004,24.1301,438.06991848243337,342.001945976138,61.6,63.861566484517304,36.13855494839102,20662525941.29855,1028.6206813255512,7059.910980685681,20087605.0,14.9130061059922,28.618101519914713,12.543804143882772,34.14606920746293,36.49178759368522,0
LKA,2005,25.9919,445.3008948593611,386.8122927561632,60.1,62.773487773487766,37.22790647790648,24405791044.77612,1207.219947641648,7452.742341245181,20216524.0,15.167273918248,30.188088464445677,11.819476822644654,34.04592568968267,39.74645192154361,0
LKA,2006,24.84,446.3506855040251,390.07663514656815,62.2,51.0,49.00031578947369,28267410542.516354,1388.8973911993205,7970.664910210454,20352411.0,15.4829275281105,30.64229518014891,11.336280234663182,33.94578217190241,38.75298995375538,0
LKA,2007,25.6207,451.98041092053137,406.97726905076945,60.2,59.93334006665994,40.06494293505706,32350238760.423862,1578.6345112539152,8454.2067533326,20492545.0,15.8544279853018,29.919819777527408,11.683164332850476,33.84563865412215,37.99075107638335,0
LKA,2008,25.8254,437.2262113996806,413.05171682830183,61.6,58.4607696151924,41.583408295852074,40713826215.009254,1973.5847690128735,8897.82686006864,20629378.0,16.2762363395441,29.371194749474117,13.379200767591042,33.745495136341894,41.42242066656035,0
LKA,2009,24.9481,441.04670092469206,412.16133695405784,63.5,60.70498698177449,39.298317644702585,42066224093.00646,2026.6593995070184,9156.319064831654,20756435.0,16.7428136405592,29.67143873184107,12.691971303497017,33.645351618561634,41.6137777069048,0
LKA,2010,26.5488,467.33702868565103,446.0922600598139,61.9,46.88454772706231,53.037959448199246,58636049434.1871,2808.3624450370944,9832.18622338643,20879089.0,17.2486209380693,27.7831982984661,9.048337007623363,33.54520810078137,41.77962047520331,0
LKA,2011,28.6809,472.04954506209566,487.5518395693132,56.4,59.152513295591014,40.77783496311545,67753285896.625435,3224.9574515049626,10618.492600040505,21009048.0,17.7881192817964,29.0731497643121,9.533159350324096,33.62557805772604,43.53372667836071,0
LKA,2012,30.7524,481.9699633652973,505.8702967265387,52.9,70.75875976808672,29.271237711116715,70447217163.77837,3327.7761369128284,11447.693773813531,21169458.0,18.2617686748284,30.969853809637115,7.910288868526324,33.7059480146707,43.69319087864774,0
LKA,2013,28.0206,456.6116268720588,525.7226135535584,56.9,40.12309739665641,59.78000499043499,76976203829.47653,3739.4318110020176,12249.72233480957,20585000.0,18.4323136480916,30.79568072732644,7.924604116521052,33.786317971615375,43.69319087864774,0
LKA,2014,30.0908,485.8889733919289,531.0905765713736,54.2,60.797688789021755,52.77441617847685,82531125190.52245,3972.0437573646377,12909.966306888484,20778000.0,18.6153877203724,30.517895429429736,8.080707923318625,33.86668792856003,43.69319087864774,0
LKA,2015,33.2653,501.5182945022604,584.5016690510253,51.3,51.52480655439235,48.474965862539825,85090301052.0465,4057.715834623104,13329.779343894736,20970000.0,18.796256612131,29.535417873503896,8.216938879416418,34.39516585074241,44.26994975199134,0
LKA,2016,36.1268,542.5773796852279,626.4793248149371,45.1,67.36908429011481,32.62321478577429,88000211171.59557,4149.191907755932,13845.614678236783,21209000.0,18.9747679368162,30.48271772921346,7.261718477791312,34.344109996283905,44.43151891167014,0
LKA,2017,34.7244,514.23622858293,666.9929613573859,45.8,69.6485200845666,30.01043868921776,94369350285.58136,4398.888280687147,14572.485821456534,21453000.0,19.1507693078088,31.12827864644329,7.430678779599405,34.29305414182541,44.59631945454252,0
LKA,2018,34.5011,508.5433645171158,652.0996769727734,47.9,54.83331188055091,45.04936285236195,94450015982.84044,4358.560959060474,14759.82489457649,21670000.0,19.3241083384127,30.05681952541413,7.592063951152457,34.25804991594465,45.44807965860597,0
LKA,2019,36.3046,523.4672124013392,679.2643214236573,46.1,65.53365057783822,34.388665719053215,88998706296.57828,4081.947727220029,14637.444291320046,21803000.0,19.4946326418437,29.191009871038332,7.2562467000326,34.20671024903309,45.44729470728513,0
LKA,2020,35.8828,511.1099508250193,682.6041334002464,49.3,64.7030244139439,35.19810518644479,84335574581.50722,3847.6013769563942,13886.651372865104,21919000.0,19.6621898312161,28.23583287512595,8.251323260581856,34.15809893307469,45.45748464274168,1
LKA,2021,36.0653,527.1566965171105,713.6667268460011,48.8,51.09032480201997,49.23803511993573,88556698937.70328,3996.962400149092,14316.135222568291,22156000.0,19.8266275195269,29.954009766337585,8.78994016463402,34.10701584222438,45.45748464274168,1
LKA,2022,34.1259,463.7267220978721,657.4545782426401,48.8,49.71042471042471,49.23803511993573,74143020262.80765,3342.636502538553,13249.065064601964,22181000.0,19.9877933196367,29.80583157906254,8.44795287007937,34.055932751374066,45.45748464274168,0
LKA,2023,35.1854,466.71899361141266,644.4615873303989,48.8,49.71042471042471,49.23803511993573,83716142582.19453,3798.8901657301144,13024.940431985526,22037000.0,20.1455348442463,25.782676947115597,8.12391264498649,34.00484966052377,48.60814742967992,0
LKA,2024,37.1665,466.71899361141266,644.4615873303989,48.79999999999999,49.71042471042471,49.23803511993572,98963185509.64996,4515.56787322732,13752.83674038602,21916000.0,20.2996997058686,25.528805128946345,8.299685833228496,34.00484966052377,48.60814742967992,0
LTU,2000,20.4199,2040.58088590544,2516.905098275886,17.2,19.877461706783368,5.636761487964989,11550695727.23349,3300.636349285588,15771.426959532766,3499536.0,66.9768374826555,26.500848448688153,5.573516115293964,32.22718570516911,54.530950861518825,0
LTU,2001,21.1,2388.2814224183926,2695.9062676291296,17.6,17.669810680599852,4.770306032435367,12260761329.305136,3532.527873632422,16933.0225490496,3470818.0,66.9286097501613,27.21467165940632,4.86500650657571,32.46649649010849,46.202935545628584,0
LTU,2002,21.6074,2578.770975360151,2848.9134832403784,17.9,14.987867501833982,4.429772586197167,14282292664.600355,4148.130914850149,18216.545258127164,3443067.0,66.8887100219727,26.39882122983171,4.7676047589833646,32.70580727504786,46.02744097000638,0
LTU,2003,21.6844,2714.2950858963204,3087.655147716994,18.1,14.598727422003286,5.0903119868637114,18809197969.543148,5507.474341876524,20302.984879840275,3415213.0,66.7596664428711,27.96306231713685,4.416392982900566,32.94511805998724,40.539246968730055,0
LTU,2004,22.5591,2784.8940356978865,3196.8493444770993,18.1,15.83480336204213,4.9289197883158655,22743164431.197216,6734.574870619461,21867.286146479066,3377075.0,66.6022567749023,29.527855822780968,4.151676237752007,33.184428844926614,41.54913848117422,0
LTU,2005,23.5785,2668.049724478171,3187.031079948762,17.5,23.119588744588743,5.60741341991342,26105207115.31285,7857.031487864918,23944.7019948719,3322528.0,66.5784912109375,29.723606850593946,4.3272707449965635,33.423739629865985,45.26164645820038,0
LTU,2006,23.8651,2669.903958399977,3353.3043274292954,17.5,22.384233295946164,6.729690754686748,30116192746.894215,9210.10118229413,26129.33925669385,3269909.0,66.6381530761719,30.170547885101723,3.8728905163979026,33.66305041480536,44.52297383535418,0
LTU,2007,25.9549,2927.728514075166,3564.206785269307,17.1,20.16848718497894,7.9817234240022845,39729151614.66885,12295.121277936596,29370.773973717613,3231294.0,66.7184982299805,29.64501628156499,3.472676095223872,33.90236119974473,43.01052967453734,0
LTU,2008,26.4212,2978.8832571651983,3733.6264953969862,18.3,18.63724574139294,8.539423560698626,47831254207.52232,14955.534546292096,30445.780946493614,3198231.0,66.7527770996094,29.200908628729668,3.281583238013926,34.144395692062226,42.63422417231751,0
LTU,2009,23.3173,2771.8186990832796,3622.290316910092,20.1,18.46594608673004,9.109845031905197,37494380038.92132,11854.371105309569,26217.544929389107,3162916.0,66.7816619873047,25.020749101607553,2.5292827686121213,34.38372556840846,42.90386916633426,0
LTU,2010,24.2246,2276.5177609012517,3470.78503022973,21.5,66.67246477648287,28.98051835101757,36638128534.06432,11829.12260945704,26887.491305770083,3097282.0,66.7712860107422,26.21165181444935,3.0687151855405945,34.623055444754684,44.23294774631033,0
LTU,2011,25.1128,2412.9776014545287,3529.9187778535493,22.7,59.66403981750311,35.011820821236,43186501862.790695,14261.843378732545,29240.748785139185,3028115.0,66.7518340055756,28.353431711528422,3.5189712936826325,34.677856846539235,44.7697609854166,0
LTU,2012,25.4341,2468.1645839611942,3606.055121558415,23.9,61.84810628594091,33.65060479873092,42709372066.862656,14288.185349313851,30920.330402208034,2989139.0,66.8536758422852,28.200199931222315,4.000074487602162,34.732105817404346,45.3489485273,0
LTU,2013,23.9046,2352.9133734869056,3659.2655128746305,26.3,50.92398152036959,43.553128937421256,46303660422.043365,15636.525258604766,32474.641353355382,2961250.0,67.0092086791992,27.624268915086866,3.534358105532235,34.78579976067012,46.1332269644994,0
LTU,2014,23.9487,2376.27537817697,3814.7888520328343,27.7,43.4614509893109,50.03411416875142,48306546656.92814,16446.164718166307,33975.08437569633,2937253.0,67.1514937628023,27.726441177948036,3.440160840957196,34.85395051875499,47.12529928172386,0
LTU,2015,24.7285,2420.6055505346826,3898.1707658490286,29.0,45.69227650516927,47.699168862761,41540954817.20389,14269.803987828654,35251.29869317751,2911109.0,67.2282485961914,26.963697861103824,3.4367186480471497,34.90822027134876,47.979249800478854,0
LTU,2016,24.4684,2504.983838297054,4043.3388650917086,31.5,28.293483356774495,62.9395218002813,42970749245.03357,14934.27028404284,36618.146841783775,2877325.0,67.1894226074219,25.997460220702894,3.120618960566807,34.960569585900835,47.15526324191437,0
LTU,2017,24.9035,2653.3998432927287,4203.840164016606,33.8,17.578218294721758,74.44112729878194,47756764508.44596,16800.151024609866,38774.489201182216,2842639.0,67.1012954711914,25.720457681502047,3.5493363371263245,35.056911607413674,46.859085902204626,0
LTU,2018,24.4549,2711.161867897499,4330.661180476731,33.7,13.130162346909714,77.84676730276274,54261795148.53722,19247.231536796684,41019.79016328776,2819200.0,67.1464742010457,25.578878720136643,2.8868572664767465,35.09500239501836,47.05412741497685,0
LTU,2019,24.6564,2707.607646865041,4421.418176372217,33.5,14.857718458826492,77.34575673633846,55122066225.79599,19608.794394555272,43062.32284253145,2811089.0,67.245735168457,25.2564149405008,3.1240474440371564,35.13254551261578,47.50878313637815,0
LTU,2020,24.4498,2674.068403564318,4438.918875065872,31.7,33.007069059271345,60.80659778865325,57412038533.27175,20428.647815739412,43091.797372352565,2810369.0,67.4254608154297,24.787690073852563,3.5324199391432622,35.148514851485146,46.99457042478441,1
LTU,2021,24.2878,2774.319794581342,4698.794322705617,33.2,25.9157148483655,65.61441512406459,67037321008.96792,23870.459485172207,45873.52732394857,2808380.0,68.1912117004395,24.858750921979738,3.39582123831296,35.180749081616355,46.92221689825906,1
LTU,2022,22.2997,2453.939932602592,4416.1702815930985,33.2,18.6075684716705,65.61441512406459,71033884499.78238,25085.78406349905,46651.21458102469,2831639.0,68.2866452426813,25.639869588622204,3.9279382912553977,35.20364353715417,46.503418311928954,0
LTU,2023,21.5756,2437.0460115879387,4202.905364110761,33.2,13.348946135831383,65.61441512406459,79789877416.16808,27786.005782927572,46159.70817330831,2871585.0,68.575454583199,24.237094292420124,2.715390999681744,35.23015015974441,45.89456869009585,0
LTU,2024,21.5357,2602.9960317993905,4387.043075493426,33.2,13.348946135831383,65.61441512406456,84869215513.36482,29384.018959866335,47165.366564305084,2888278.0,68.8285833315315,23.394637462384953,2.573252946593487,35.23015015974441,45.89456869009585,0
LUX,2000,9.782,7682.155552082764,15663.534265413706,6.8,18.353344768439108,78.70668953687822,21230182989.303577,48659.59887532334,114141.5852956224,436300.0,84.4182155177842,16.654678949085024,0.5968669574781236,33.67696526650249,49.71916440729318,0
LUX,2001,10.3259,7986.4138947060765,15620.859520978427,3.4,41.08574953732264,56.800740283775454,21387533703.232704,48440.142015135505,116258.42681292584,441525.0,84.8173254067976,16.31385305015446,0.5602873614697288,33.75465146088889,49.71916440729318,0
LUX,2002,11.009,8205.474696443436,15984.759343306998,1.3,70.93023255813954,28.136019469983776,23649833332.16553,53005.73392091787,118757.53052623638,446175.0,85.203425653095,16.108051890892895,0.6906615120474138,33.83233765527528,49.71916440729318,0
LUX,2003,11.4197,8553.034379862342,16261.09868697828,1.3,72.30046948356808,26.86219276442971,29667268248.130527,65689.32145369114,120396.25784317868,451630.0,85.5906295073034,16.231362397490827,0.4642378756140503,33.91002384966168,49.71916440729318,0
LUX,2004,12.8473,9381.203820713214,16300.112422095854,1.4,76.25847047434657,22.88092933204259,35064843792.89932,76544.91708684732,123720.26149948842,458095.0,85.9799097226846,15.43934602054312,0.5354320049598809,33.98771004404807,49.71916440729318,0
LUX,2005,13.0766,9429.924652621345,15635.547491390022,1.9,75.19980624848631,24.062484863162993,37672280120.47936,80988.13762308584,124866.85881041232,465158.0,86.3735649102561,14.466127357940062,0.3565009408874598,34.06539623843447,50.10759537922516,0
LUX,2006,12.8815,9172.055983321492,16452.372539602275,2.1,74.9134548811447,24.268405261943222,42910146296.06464,90788.80048761448,130284.96750238047,472637.0,86.7738936810355,13.520579124328878,0.3117567219004393,34.14308243282086,50.10759537922516,0
LUX,2007,12.2979,8779.506079748997,16348.155077261545,3.6,72.33191702074481,26.64783804048988,51587401415.787224,107475.32029797773,138677.96549187592,479993.0,87.1831946460401,14.475968443997106,0.363222868939437,34.220768627207256,50.88445732308912,0
LUX,2008,12.1822,8625.433335571146,15933.694873631432,4.0,67.50070283947146,31.355355636772565,58844277701.52576,120422.1379341569,135812.22230327022,488650.0,87.6037664162874,12.8051473899025,0.3077789485257761,34.29845482159365,50.88445732308912,0
LUX,2009,11.5846,7958.762929550306,14423.955820106352,3.7,73.28519855595668,25.649561629706035,54467289897.55817,109419.7469531064,129002.24018751668,497783.0,88.0379076027949,11.00660491914328,0.2333348689421863,34.376141015980046,50.76792803150953,0
LUX,2010,12.2047,8335.83500727028,16808.26427696453,3.7,63.51557394903071,35.46852537573513,56213985987.41678,110885.99137872108,131432.0596163156,506953.0,88.48791681658,10.997972653402028,0.2684120580486414,34.45382721036644,50.89999456196639,0
LUX,2011,12.0611,8062.979119290051,15497.340584589088,3.8,62.970936490850384,35.34122712594187,61696281326.245255,119025.05720346652,129885.36976070623,518347.0,88.9562814837254,10.70843827962371,0.2511152895849797,34.45382721036644,50.98933368551075,0
LUX,2012,11.8226,7723.784323311956,14639.90688318586,4.2,62.5524109014675,35.879979035639415,59776383527.36017,112584.6762709582,128895.40514504757,530946.0,89.4405768017292,10.426718790373725,0.2879514995388194,34.45382721036644,51.04759833130055,0
LUX,2013,11.2916,7320.721679206622,14134.27561837456,5.7,49.15195569401177,48.77570093457944,65203276466.976265,120000.14072985917,129945.4537836208,543360.0,89.9413746679705,10.442941976644263,0.2619071969564649,34.45382721036644,50.83784560645728,0
LUX,2014,10.798,6878.681451804594,13851.764904668004,6.8,48.95411605937922,49.19770580296896,68804811897.64447,123678.70214327476,130247.66168706918,556319.0,90.4577807676859,10.81088063363202,0.2895504385850587,34.45382721036644,50.88057301336979,0
LUX,2015,10.2964,6548.759621016777,14410.011165651926,9.1,30.260303687635577,67.3232104121475,60071584216.13747,105462.01258442264,130097.2561798004,569604.0,90.9893679353068,11.539623433830966,0.2237326287407348,34.45382721036644,50.98933368551075,0
LUX,2016,10.0361,6342.683379619133,14327.834038356466,13.5,11.697769685935366,85.11379153390988,62216885435.94879,106899.29354955172,133661.64972913163,582014.0,91.5357090052649,12.095932562563794,0.2141970081590422,34.45382721036644,50.748894913884854,0
LUX,2017,10.1941,6313.353712269525,13847.897829411608,15.3,9.843400447427292,86.65324384787472,65712180342.98364,110193.2137972278,132169.8340453677,596336.0,92.0963768119916,10.818336859164877,0.2345725501155396,34.45382721036644,50.94582941665436,0
LUX,2018,10.5294,6414.364782708331,13497.820544452668,16.0,8.867667121418826,87.64165529786267,71085623495.11446,116926.75959390483,131733.88464929975,607950.0,92.6709441899184,10.972078433298368,0.2337383940485266,34.45382721036644,51.10159023639908,0
LUX,2019,10.6599,6376.866966431232,12309.657565068444,16.4,10.0104821802935,85.90670859538784,69872035113.64694,112696.649059674,132724.7527438881,620001.0,93.2589839734767,11.600463862630525,0.2148280630482754,34.45382721036644,51.1106795211423,0
LUX,2020,8.9246,5435.815706479437,11980.920625806011,20.8,11.43509400179051,88.57475380483439,73670782100.39087,116860.02817235976,129865.629988164,630419.0,93.8600689970981,11.342775335914418,0.20041631187567,34.45382721036644,51.321869440581715,1
LUX,2021,9.3179,5631.087256708641,12151.909809019098,20.5,10.998190045248869,89.0447963800905,86386759695.16528,134965.81544215154,136772.44375329223,640064.0,94.5861743396533,10.592003102321389,0.1948616870989216,34.45382721036644,51.584332248316144,1
LUX,2022,8.1924,4862.947408333524,11676.565564696532,20.5,4.340124003542958,89.0447963800905,80801680397.01393,123719.6589159963,132570.82646341893,653103.0,94.7605400940185,9.113800456255111,0.2421674782987545,34.45382721036644,51.47114346309517,0
LUX,2023,7.8525,4592.379793250304,11447.56388517924,20.5,3.3583563808771233,89.0447963800905,88788881539.39372,133230.6191788991,130048.92038752996,666430.0,94.8015300320787,9.286220976388492,0.1872521706324033,34.45382721036644,51.6606200912036,0
LUX,2024,8.0537,4552.138645658128,11661.536280006854,20.499999999999996,3.3583563808771233,89.04479638009047,93279851863.40623,137781.68165912307,128475.2798027382,677012.0,94.8438702866393,9.65986766346083,0.2094887600736502,34.45382721036644,51.6606200912036,0
LVA,2000,11.0992,1618.6398418699712,2082.321387087918,35.8,31.745647969052225,68.2683752417795,7761252607.184241,3278.178964408034,14554.213172403686,2367550.0,68.0520561441955,24.221386180062854,4.549578595635299,52.08350073119385,25.519469040770083,0
LVA,2001,11.7019,1759.370123589375,2213.3606027802857,35.4,33.66822429906542,66.34439252336448,8190888739.646296,3504.6182946239664,15695.906718153012,2337170.0,68.0163660524785,23.251454684096455,4.480987299357452,52.294213122920915,25.40697767849969,0
LVA,2002,11.7593,1763.470876426259,2307.186518065963,34.4,37.484276729559745,62.51169811320755,9249030241.018644,4003.609357835385,17096.5594440255,2310173.0,67.9813450702046,23.358089604664624,4.627649839031586,52.50492551464798,25.631960403040484,0
LVA,2003,12.0617,1890.1767485357757,2493.9301690811226,34.3,41.18238993710692,58.8337106918239,11244337719.837658,4914.57992829302,18717.66755255377,2287955.0,67.9493840506358,22.27661613749267,4.102410527399187,52.71563790637504,25.423047873109745,0
LVA,2004,12.1396,1961.3330733010064,2607.459960178903,36.1,31.840477713798247,68.17082533589252,13827070378.561209,6109.732651868175,20574.118201251044,2263122.0,67.9206702831277,22.340109752034763,4.365045801204249,52.92635029810212,26.38725954971315,0
LVA,2005,12.2862,2022.797769252939,2777.3819802492317,36.3,30.411740725642073,69.57072971871177,16306935905.413816,7283.787381276217,23213.353935588064,2238799.0,67.8953910570353,21.040039082250935,3.86773701723693,53.13706268982917,27.865717453838368,0
LVA,2006,12.8783,2114.393491471621,2966.609973056636,34.0,43.038233490083826,56.97260273972603,20434922247.303738,9211.7374468148,26431.814022276652,2218357.0,67.873733661714,21.87415904956714,3.4231519280958653,53.34777508155624,29.81021100165523,0
LVA,2007,13.309,2179.7764789281127,3169.0772953995433,33.1,40.72521483965625,59.28170194927688,29420499247.70893,13370.978945250785,29423.73712350628,2200325.0,67.8558853865191,22.752064720574474,3.453976035605391,53.5584874732833,29.553087887894325,0
LVA,2008,12.9104,2106.6010583897005,3213.1214400074955,33.7,39.09745923397801,60.90519529768677,34135200994.00672,15677.608086450567,28726.972286952157,2177322.0,67.8420335208058,22.844745207144037,3.091287125312464,53.76919986501037,29.32810516335353,0
LVA,2009,12.1567,2056.1542405111245,3026.611488516666,38.4,36.1465254085114,63.85688633506913,25691530442.035027,11996.032272977303,24520.679147548857,2141669.0,67.8323653539295,21.522292968473344,3.2868412135228335,53.97991225673743,29.456666720233983,0
LVA,2010,13.2286,2149.363127813745,3230.427807614103,33.1,45.14863437452845,54.85996680247472,23468324572.33428,11188.4191700977,24119.73078489392,2097555.0,67.8270681752453,20.86120259779544,4.115884972832405,54.19062464846449,29.0067012711524,0
LVA,2011,12.6509,2066.7147605043333,3264.053320153478,35.5,49.51583784670934,50.498276710979816,26575547900.824738,12902.57405333702,25308.732207462603,2059709.0,67.8266897008267,21.418901034980955,3.777800793628375,54.25271988043775,29.18347341186302,0
LVA,2012,12.5754,2171.0787082393367,3587.932865986111,40.4,33.37116912599319,66.63272255553754,27116149948.668335,13329.349993127104,27496.545458363544,2034319.0,67.8331638942219,21.415590339156054,3.532853880289757,54.31481511241102,29.585228277114435,0
LVA,2013,12.3292,2156.58828450936,3473.038242672461,39.6,43.08262200032211,56.91963279110968,29152128167.84381,14484.47152821325,28375.184288726286,2012647.0,67.847334482933,20.821095897635804,3.212086904136796,54.37691034438428,30.163755283076476,0
LVA,2014,12.2099,2177.0296826944423,3506.4014019586893,40.2,45.47577349678926,54.53298307063631,30277203767.405777,15185.81458123595,29243.74125026286,1993782.0,67.8686035364944,19.61860432667025,3.616396389636825,54.43900557635754,30.083404310026197,0
LVA,2015,12.4808,2155.8522069548985,3491.2291968706368,38.1,49.82830290981384,50.18507138984276,26344565876.89022,13321.975314061565,30599.613313414728,1977527.0,67.8965395668259,19.783456744898757,3.554450184450871,54.50110080833079,30.284281742651903,0
LVA,2016,12.4655,2172.4388466161136,3563.086586270124,38.5,45.82814445828144,54.18415317559153,27117105059.507458,13838.526682327232,31668.51484426617,1959537.0,67.9307110858472,19.16543657498718,3.3253253895576056,54.563292461471704,31.031545792019543,0
LVA,2017,12.3325,2265.2169391589227,3600.467087622178,42.6,27.45983269154163,72.52290532465808,29391059767.425938,15132.495833398172,33036.39159434369,1942248.0,67.9706866054779,19.776729391499323,3.62476211824764,54.62548411461263,31.063686181239653,0
LVA,2018,12.9111,2403.499817809274,3728.2570229776866,41.0,47.962522308149914,52.03152885187389,33247935477.357624,17252.171042862567,34729.70627630565,1927174.0,68.0160346376376,19.34535680058741,3.661047780195126,54.687675767753554,31.14403715428994,0
LVA,2019,12.7841,2343.5158188488062,3725.0068188159607,41.5,50.403852127990056,49.58232370301336,33099503950.847004,17294.975160096918,35208.193459085865,1913822.0,68.066323694246,19.598852788620665,3.8534344419983615,54.74986742089446,31.497581435711187,0
LVA,2020,12.1885,2251.382501190882,3669.132925955919,43.8,36.25366876310272,63.7583857442348,33379927434.61488,17564.232154935427,34225.897604405814,1900449.0,68.1211222872228,20.334183765997796,4.079181942175598,54.80941668005785,31.64068777117146,1
LVA,2021,12.4485,2375.518507028379,3838.1737233946583,44.0,36.40112897707834,63.596134108792334,38183326784.933495,20261.888778891633,36912.013060216064,1884490.0,68.1808791463693,21.091830668274618,4.206722515353609,54.871605335047406,31.65675719106541,1
LVA,2022,11.8236,2256.1190453886675,3714.5169451889265,44.0,24.11530815109344,63.596134108792334,38003198508.91065,20221.103686109032,37718.70979583672,1879383.0,68.2570218109034,20.581400181884987,5.114110384568705,54.93379399003696,31.65675719106541,0
LVA,2023,11.698,2240.3364970837497,3616.7987641409777,44.0,22.27963049945201,63.596134108792334,42779550936.83801,22710.263754419742,37277.721722131726,1883710.0,68.3586316343061,20.134866297506527,3.93344279418518,54.99598264502652,31.672826610959344,0
LVA,2024,11.6424,2270.984287335879,3767.70246778885,43.99999999999999,22.27963049945201,63.59613410879233,43684254432.36093,23409.084515477494,37611.66993594042,1866124.0,68.4839492628509,18.490991422920633,4.042190788342729,54.99598264502652,31.672826610959344,0
MAR,2000,56.668,387.6743264127436,496.4213509028729,15.5,93.92054730622716,6.084428204928866,43017455401.844536,1499.107421875,5100.11572265625,28423435.0,53.58724711125,24.352630203585647,10.728631792955296,12.338203002464711,68.68025991485548,0
MAR,2001,60.5077,405.38573355372824,530.5982794928259,15.3,92.8419513491958,7.156054765386149,43831480207.64445,1506.24523925781,5417.57861328125,28814643.0,53.8972613497219,22.86969299408666,11.876177623858652,12.375852565538874,68.04839793860631,0
MAR,2002,62.076,406.63483834600504,540.7193375523689,15.1,93.14735805710536,6.8601247128322935,47077192187.64177,1596.02062988281,5544.07177734375,29198142.0,54.222745830177,22.636122443438676,11.84327816637252,12.41350212861304,67.85346179699754,0
MAR,2003,62.6199,399.73636835338795,585.8022012135706,16.1,89.99276149113282,9.976957413439498,58029363354.27568,1941.87255859375,5810.05322265625,29571415.0,54.5782811140771,23.32480131448184,12.49186018205516,12.451151691687205,69.18216446336545,0
MAR,2004,68.5013,463.89486071226946,559.0087783474773,22.4,89.72486413043478,10.247509057971014,66114145451.00669,2183.55541992188,5996.39013671875,29953018.0,54.9787569660869,24.002987611665564,11.869333718001036,12.488801254761372,67.3112256329823,0
MAR,2005,70.5998,484.7979088325755,589.6934937788028,20.0,91.76713918175857,8.223780457044846,68852658068.66728,2242.98828125,6103.42236328125,30358144.0,55.4397798676399,23.681206882661375,10.698880448357803,12.526450817835538,67.1947120770782,0
MAR,2006,72.0216,486.5827300666032,641.931875341269,18.2,91.30053152582045,8.687082459647925,75883823300.85452,2438.12646484375,6488.673828125,30771178.0,55.9627589629824,22.753081410090235,12.304168098197046,12.564100380909702,67.09836432892673,0
MAR,2007,72.952,495.4718135881178,663.749418497792,16.6,92.08650774145984,7.920029491275497,86947913286.72797,2755.5859375,6620.59033203125,31186468.0,56.5303841299064,22.42293927852895,9.875246648699497,12.601749943983869,67.1297333632086,0
MAR,2008,76.8794,507.9323233403277,695.3257826085154,14.4,92.05911704604856,7.950910041343914,101822906949.06345,3183.20043945313,6901.95068359375,31606767.0,57.1254169272616,24.315582255472584,10.864961794311974,12.639399507058032,67.17678691463142,0
MAR,2009,76.9193,504.8585976271197,709.2553293585313,14.2,84.60262612301314,15.479520847730935,101154952240.8807,3119.58862304688,7063.72705078125,32030778.0,57.7306189138977,22.259574863969988,11.965047552956202,12.6770490701322,67.22518485323774,0
MAR,2010,80.7371,526.0985283035775,732.9900598194796,13.9,81.88574082675338,18.20402820588608,100865329473.43983,3067.9853515625,7210.63671875,32467016.0,58.3287516486646,23.711912690035472,11.962081270923148,12.714698633206362,67.1931436253641,0
MAR,2011,86.1303,559.3532790631474,783.6515317482782,11.8,88.83849339380792,11.332912640504832,110080631332.37537,3301.98876953125,7503.79296875,32912588.0,58.902576690412,24.506519188548268,12.081902609845413,12.719233699305402,67.45193815818956,0
MAR,2012,88.9103,559.6565392141972,835.4609100261035,10.9,90.80555354689422,9.47957191409357,106937392311.12907,3164.17724609375,7628.64404296875,33355241.0,59.4348555979895,24.265977350763183,11.32975115227926,12.723768765404436,68.12233923369931,0
MAR,2013,89.8341,554.3220766714512,850.2238885417363,11.6,80.00495715600879,15.6662417675802,115739287305.0801,3379.7431640625,7839.0322265625,33787571.0,59.9083499302469,24.15312888450839,12.358366193250609,12.728303831503474,68.53013667936365,0
MAR,2014,91.3786,555.5910403027208,882.8298267084308,11.1,82.10250476449768,13.748196297304654,119130841411.6636,3435.40698242188,7951.79833984375,34204780.0,60.3030486171654,25.813267509041857,10.35314652495272,12.73283889760251,67.40421241317499,0
MAR,2015,93.6738,563.6031066383621,886.3085170801271,11.2,80.435687970527,15.5367932083934,110413823841.59187,3146.24780273438,8198.80859375,34607588.0,60.6417124737154,25.622681726228738,11.796193184611344,12.737373963701543,67.3246695048174,0
MAR,2016,94.0558,558.0620239004734,903.4516495616068,11.1,80.19663358327371,15.913661678230298,111572947004.91748,3140.85546875,8141.9404296875,35023457.0,60.9657656537179,25.68510457857398,10.32196511031767,12.771207707819856,69.17992381805959,0
MAR,2017,98.0056,577.5820989171112,931.6039838412892,10.4,80.96773221656474,15.364255370431742,118540573367.84428,3296.52661132813,8450.0087890625,35446392.0,61.2761057031842,25.405454806575012,11.160288799237527,12.79764732242886,69.5643024871163,0
MAR,2018,100.0291,577.1785729180357,923.0251541863004,10.9,77.3456910750677,19.18810195136931,127341147581.81831,3501.69799804688,8611.75,35839760.0,61.5695822753314,25.24135380681823,11.305540240136477,12.820053775487342,68.39750660990364,0
MAR,2019,107.7472,614.5027335656354,940.186570352384,10.7,77.76230492196878,19.24909963985594,128920266409.4575,3508.09765625,8768.17578125,36210898.0,61.8430450233765,25.249952413061084,10.842401737003923,12.843580551198746,66.34978041676003,0
MAR,2020,104.2614,575.699296767116,916.1876621737993,11.1,78.27042141002596,18.685615138805673,121353645057.14368,3268.0302734375,8054.56298828125,36584208.0,62.0933436005366,26.043643387243304,10.663640142059236,12.866883262379568,67.02052296661438,1
MAR,2021,110.822,616.051393306028,950.4676054911072,10.9,77.81537087944362,19.319165433143016,142022058447.23093,3785.93627929688,8623.265625,36954442.0,62.3173276600289,25.953909051100492,11.977943900927729,12.890335424602286,67.03503652251848,1
MAR,2022,110.7609,602.9944777509074,978.2725867436698,10.9,79.434483404335,19.319165433143016,131245312804.48315,3463.1376953125,8690.4482421875,37329064.0,62.5118468550703,26.0855513037114,9.796188937856336,12.913687878108895,65.80912189110464,0
MAR,2023,108.3581,600.6439128694103,997.2554196545682,10.9,76.03349271350461,19.319165433143016,146036093666.76212,3813.72607421875,8915.3515625,37712505.0,62.673750838878,25.32297401678512,11.131174384006089,12.937106878781089,66.74493815818956,0
MAR,2024,108.7364,600.6439128694103,997.2554196545682,10.9,76.03349271350461,19.319165433143013,160610994054.7341,4153.1943359375,9162.7470703125,38081173.0,62.7998124018197,25.637979482702583,10.567328762104683,12.937106878781089,66.74493815818956,0
MDA,2000,9.9128,985.9289520091922,2038.5219792468752,5.7,93.27506243310738,6.724937566892615,1288429391.7995076,440.5386839803723,5727.0792252535175,2924668.0,40.4185981750488,19.14766936765671,25.40932153059404,10.474452554744524,77.37226277372264,0
MDA,2001,10.1045,1046.1015409521526,2245.612351724646,5.6,93.70722750792856,6.292772492071441,1480673594.0560205,507.4040762528191,6090.03474356112,2918135.0,39.6744270324707,21.96913728350756,22.420040678095635,10.565997566909974,77.22019464720195,0
MDA,2002,10.3344,1063.474340415967,2330.1624484566623,5.8,93.49214569307786,6.507854306922148,1661818168.4226036,570.7998661882931,6580.278414368378,2911385.0,39.620719909668,20.38476213141615,21.02182945113416,10.657542579075423,77.06812652068126,0
MDA,2003,10.9205,1157.5708249687343,2615.7361640508157,5.9,93.6861497236644,6.313850276335622,1980907434.768264,682.319095965299,7034.357849116869,2903198.0,39.5945358276367,20.672880987725843,18.328201600347587,10.75235777304533,76.90903559476726,0
MDA,2004,10.9244,1166.2119108416955,2440.243050555883,4.8,93.52900789564023,6.470992104359767,2598249555.89984,897.1784947494684,7573.617845475095,2896023.0,39.4460945129395,20.717532467532468,17.58673826173826,10.840632603406329,76.70316301703163,0
MDA,2005,11.2552,1219.6333439696675,2548.299835409322,4.3,93.70617696160268,6.2938230383973295,2988342907.0309634,1034.391977469929,8161.473447247648,2888985.0,39.3704032897949,19.1675900350579,16.399795495591203,10.928853754940713,75.98054119793251,0
MDA,2006,11.0688,1197.8578102463862,2695.622685022078,5.0,93.81155613919894,6.18844386080105,3408255450.5509,1183.02481442894,8577.028580372862,2880967.0,39.2182388305664,18.777903651070293,14.498876078115922,11.02037093341441,75.49407114624506,0
MDA,2007,10.9333,1173.3891472348353,2484.431856254342,4.4,93.6166610226888,6.383338977311209,4401173151.937674,1531.2161859074763,8854.833976167243,2874299.0,39.4315032958984,19.44239191465469,9.982970241437394,11.111888111888112,75.55487990270599,0
MDA,2008,10.615,1168.1651250421758,2524.022834372025,4.9,93.5403520425108,6.4596479574892065,6054824248.242213,2110.5530535385687,9563.698142909388,2868833.0,39.3710708618164,19.121734846317665,8.8109341724675,11.203405290361813,75.43326238978413,0
MDA,2009,10.4286,1111.4219731536434,2166.3310895210934,4.8,94.22394320748629,5.776056792513714,5439434271.7880745,1898.4397571098816,9001.234320816216,2865213.0,39.3255348205566,17.162874087145376,8.497462750292268,11.294922468835512,75.15962298570994,0
MDA,2010,11.5058,1302.533786032856,1918.3511193933384,20.0,93.34423548650858,6.655764513491415,6974982369.601547,2436.7993510242086,9649.950993027102,2862354.0,39.2804946899414,20.433891721231696,11.161257232587891,11.400304414003044,75.03805175038052,0
MDA,2011,11.7127,1322.4070420949497,2036.91475405137,20.4,93.93258426966293,6.157303370786517,8414352020.494416,2941.362240660208,10217.308776125532,2860699.0,39.3469161987305,20.910720417100684,11.384252599644483,11.47275494672755,74.94672754946727,0
MDA,2012,11.3366,1316.76859981901,2107.103950461556,22.1,95.38010687812448,4.683502844337183,8709138634.82921,3044.8084324814986,10158.385467688291,2860324.0,39.3614196777344,21.314510905019382,10.448172720715174,11.54169202678028,74.86305538648813,0
MDA,2013,10.7709,1184.7501787106437,1880.010826848065,23.8,92.99334811529934,7.015521064301552,9496717875.519316,3321.0439779571934,11080.063458534052,2859558.0,39.4275512695312,21.60325753809575,11.550361937387988,11.60705596107056,74.84793187347933,0
MDA,2014,11.3315,1277.1393637987378,1912.3001313940897,24.3,93.77439137706746,6.240104069875488,9402090137.742302,3289.9575856877727,11641.120843657687,2857815.0,39.6298484802246,21.126377200934584,14.070956958448685,11.679440389294404,70.40754257907543,0
MDA,2015,11.6174,1307.9946201108437,1945.0080360284885,24.7,95.27350851098991,4.737068253181293,7797667196.730872,2749.5513705433796,11691.0797484184,2835978.0,39.6954040527344,21.10766572650261,12.821255752203353,11.751824817518248,70.49878345498783,0
MDA,2016,11.8997,1356.3126926632303,1882.500840115497,25.3,95.76285665470698,4.252349222620879,7980917075.774796,2847.087947704789,12377.366678394035,2803186.0,39.7373237609863,21.194464608514448,12.479743850948696,11.754866180048662,70.49574209245742,0
MDA,2017,11.9269,1397.599097861849,2005.6700284445096,26.1,93.61402095084608,6.387993553585818,9514404016.209494,3453.267277202941,13118.821936960536,2755189.0,39.9736557006836,21.018876769509134,12.199591077285412,11.751292186074796,70.45606567345698,0
MDA,2018,12.6204,1495.5731436729088,2126.5490618915537,25.3,93.8404452690167,6.153988868274583,11252353420.879784,4156.449819566462,13895.504365569192,2707203.0,40.3258094787598,22.14797636000058,10.146878457136516,11.752971692519148,68.63553016089256,0
MDA,2019,12.6926,1500.039484720624,2166.4844998018184,22.0,93.36609336609337,6.635661635661635,11736797054.696486,4405.334181621547,14621.240136228584,2664224.0,40.772289276123,21.923348925291567,10.16081262864411,11.752757260710515,68.77111467224555,0
MDA,2020,12.3849,1461.474432688888,2198.373514779157,22.3,94.1747572815534,5.7783171521035595,11530746234.44918,4375.778893052403,13559.260021748289,2635130.0,41.3368530273438,23.13452300284191,9.366692013801776,11.75322187285234,75.14459655887559,1
MDA,2021,13.2142,1611.5279233961437,2401.1782068711527,21.4,93.44951923076924,6.503906249999999,13691869264.079351,5274.605821953523,15682.070328465348,2595809.0,41.8115425109863,20.631260680181725,10.5865870134286,11.751292186074796,75.06840985101854,1
MDA,2022,11.6492,1422.6357530391383,2255.3500795284763,21.4,90.41095890410958,6.503906249999999,14525337523.727076,5744.296184344349,15358.015354886666,2528654.0,42.4048843383789,19.09082181107453,8.114280000584213,11.754866180048662,74.96958637469587,0
MDA,2023,11.6506,1296.800890459414,2411.522904992019,21.4,89.36964980544747,6.503906249999999,16711906746.213291,6799.585946445756,15990.479331115204,2457783.0,43.0011825561523,17.687867818776965,7.084548484906006,11.737017916793198,74.09656847859095,0
MDA,2024,11.6583,1296.800890459414,2411.522904992019,21.399999999999995,89.36964980544747,6.5039062499999964,18200340853.651684,7576.195894133255,16376.61137042646,2402306.0,43.516471862793,16.780476061020874,7.106537482306309,11.737017916793198,74.09656847859095,0
MDG,2000,25.3158,255.70998650643807,45.89395058396117,82.2,30.214917825537295,68.50442477876106,4629247203.84524,280.28290555964884,1701.4432025358235,16516338.0,25.0095755608264,,30.878717294073745,22.40717749423943,69.64267290298174,0
MDG,2001,23.4943,254.16783233424425,47.26136810564518,84.1,31.90984578884935,67.16370106761566,5438332601.907981,319.28327823565746,1748.5035092917774,17032939.0,25.3079943968146,,29.851313411587565,22.326582866182893,70.23248615744403,0
MDG,2002,21.6429,235.90470237440837,42.73525458502273,87.2,30.925221799746517,68.14068441064639,5351701663.408074,304.9417773984449,1486.4342974177114,17549913.0,25.6037489918904,,34.14251398255928,22.245988238126355,70.23248615744403,0
MDG,2003,22.8282,247.05392490821308,47.64314718345998,84.8,31.567328918322296,67.7935982339956,6372498889.665848,352.62009584992484,1584.7492523236403,18071854.0,25.8967668078478,,32.02979096363332,22.165393610069817,70.23248615744403,0
MDG,2004,23.5132,250.2459933043207,50.627175033729955,84.3,35.121457489878544,64.69433198380567,5064732626.293891,272.2007485885601,1620.1195379329306,18606608.0,26.1869753064804,,31.42050528084363,22.084798982013275,70.23248615744403,0
MDG,2005,26.1849,250.7808071931935,49.47883597593638,84.9,34.2713567839196,65.33467336683417,5859269752.61332,305.81207492438796,1648.1763155400888,19159707.0,26.4743019495822,,30.762733934128732,22.004204353956737,70.31846476596623,0
MDG,2006,26.4784,250.8347424737208,48.90803561052357,85.9,36.23762376237624,63.410891089108915,6395712490.943041,324.14687488260375,1686.8633546001647,19730909.0,26.7586741989468,,30.18227172360589,21.923609725900196,70.31846476596623,0
MDG,2007,27.1166,254.44151721954384,49.31446252920295,86.2,31.469194312796205,68.4350710900474,8524620889.577468,419.54800143186503,1731.6175179497557,20318583.0,27.0400195163682,18.9068307503233,28.06701329102091,21.843015097843654,70.31846476596623,0
MDG,2008,27.7386,259.1972659393137,50.46874761038127,86.4,36.52802893309223,63.58679927667269,10725137723.654873,512.579800058444,1794.4023588732916,20923840.0,27.31826536364,20.4685954426536,27.052572048878933,21.762420469787116,70.32190391030711,0
MDG,2009,28.3673,253.627612930936,48.358771965649495,87.2,32.789855072463766,67.60597826086958,9616879409.437893,446.31523837059217,1673.1555146672329,21547280.0,27.5933392025561,18.833209631919843,30.46514813149232,21.68182584173058,70.32190391030711,0
MDG,2010,29.0163,255.4867930836511,51.074364816118766,86.7,39.85024958402662,61.06489184692179,9982711338.07029,450.00939164572554,1635.2451147305876,22183340.0,27.8651684949103,18.007520556858392,29.078096348359683,21.601231213674037,70.32190391030711,0
MDG,2011,29.0707,259.29331484699617,57.66289988300916,84.5,49.38980617372577,51.32591529073941,11551819617.874023,506.16369155930926,1614.5513777378487,22822300.0,28.1336807024963,17.8532728101343,29.05020576064524,21.569044079100024,70.29108191029486,0
MDG,2012,30.3939,265.24205945640267,71.56119069979002,83.3,56.324446965399886,44.30402722631877,11578975061.947945,493.5111629042107,1617.7908288248098,23462438.0,28.3988032871081,17.27608432427009,28.000612357414244,21.546324736376217,70.29108191029486,0
MDG,2013,29.6033,268.49407387768366,75.73843941484797,81.4,56.97916666666667,39.45729166666666,12423555455.38532,515.3015893618319,1610.6023078965982,24109290.0,28.6604637105393,17.90961382371394,26.49303397949409,21.523420419388103,70.29047782743211,0
MDG,2014,31.1025,271.2816857847556,78.21728236091658,82.2,55.55555555555556,41.61209439528024,12522957399.228104,505.6849225034353,1620.3578890660044,24764348.0,28.9185894345838,19.249782868765703,25.845382929617216,21.50070127191475,70.29047782743211,0
MDG,2015,31.461,275.43358659501223,79.16874158512574,83.9,55.0354609929078,46.412098298676746,11323020701.301683,445.3200694805675,1627.5806134224022,25426702.0,29.1731079210354,18.950884731326983,25.74335433376563,21.47798212444139,70.29047782743211,0
MDG,2016,31.4254,293.32892382864264,66.47521803871517,83.8,63.76969038565997,50.875203472599026,11848613858.441998,453.97071452246337,1648.912269792958,26099952.0,29.4239466316878,19.409944466885833,25.13345435997234,21.45527672739773,70.29047782743211,0
MDG,2017,31.8255,299.4635178362816,81.45324231126375,81.9,64.42307692307693,36.60471204188482,13176313593.550934,491.8668487189288,1669.7276426727783,26788375.0,29.671033028335,20.11235766459216,24.55013776930981,21.43255414231695,70.29047782743211,0
MDG,2018,30.386,292.8313301285012,82.2333546196851,84.2,57.136806437950014,44.69006342494715,13760033282.292513,500.4571855291595,1678.786232694912,27494926.0,29.9181125346909,21.481957471421577,23.973383300586143,21.40983155723616,70.29047782743211,0
MDG,2019,32.2479,313.7733094206238,82.85035263137043,82.5,61.59155501421031,39.55528554070474,14104664678.506332,499.8188376225341,1707.8315383003903,28219554.0,30.3046972370204,22.445497353093955,22.95625201006569,21.38712616019251,70.29047782743211,0
MDG,2020,31.8694,300.2852230481217,70.21590025073259,84.7,59.228265922826594,42.26840633737186,13051441203.947355,450.77161520150946,1545.7271437920392,28953556.0,30.7019474167548,19.46618710587678,24.692944398132656,21.364403575111723,70.29047782743211,1
MDG,2021,33.5969,305.9762558581393,80.0913863600058,83.6,67.10369487485102,34.11031461569096,14354731964.32578,483.46946335119475,1577.432460565288,29691083.0,31.1137123216036,22.25009462222657,22.522091361615665,21.34169250601581,70.29047782743211,1
MDG,2022,34.4577,307.48055679789877,81.31480687437677,83.1,65.5185610409491,34.11031461569096,15325603272.609709,503.5145334729596,1602.713683523368,30437261.0,31.5397813465886,23.356816154365383,21.54423578783929,21.318973702303197,70.29047782743211,0
MDG,2023,35.7054,304.4288842700173,80.07454305260057,83.1,65.5185610409491,34.11031461569096,15869945477.850529,508.7184277055908,1629.4609724864197,31195932.0,31.9799438860946,22.939008810873645,22.404738894343712,21.29626005500172,70.29047782743211,0
MDG,2024,35.79,304.4288842700173,80.07454305260057,83.1,65.5185610409491,34.11031461569095,17420501490.12312,544.9875010033838,1657.0497062296852,31964956.0,32.4339893339844,22.78961892144191,22.457877370589152,21.29626005500172,70.29047782743211,0
MEX,2000,566.2514,1541.3229745717117,1805.4753194182376,12.2,76.19885742068799,19.79515740853288,742061329749.1274,7524.027138009098,20470.49376461484,98625552.0,74.9203113970256,34.38680032178638,3.159265130977623,35.17649630906144,54.697908896833766,0
MEX,2001,562.6429,1563.1270816575482,1837.7987598070188,11.3,78.81656915341047,17.09735125334131,796064590549.1364,7952.76479510706,20078.218390873888,100099099.0,75.2907557567987,33.308403758311115,3.2254903518803557,35.102521155379506,54.81108053190668,0
MEX,2002,568.8383,1556.5545155653806,1846.4356543127556,10.7,80.47758923293358,15.046237529843598,810666116401.9148,7983.033983817592,19744.793365341557,101548624.0,75.6840752828994,32.86450048918299,3.110361723253342,35.02854600169758,54.81108053190668,0
MEX,2003,593.0632,1644.2344095596347,2003.0100453478087,10.2,83.42837306375071,12.119893995775072,765549967703.2732,7434.0746485155005,19701.463387656895,102978515.0,76.046170340551,31.50066168624821,3.2073554072026536,34.954570848015635,54.81108053190668,0
MEX,2004,602.6555,1651.9943297172424,1929.3038609613025,10.2,81.68177016032291,14.442451690567085,819459227375.0225,7849.667596495654,20127.224284777207,104394131.0,76.3274397419019,33.00628682584428,3.1859469830490807,34.8805956943337,54.82136886236786,0
MEX,2005,624.6792,1718.636693706376,2000.519716646311,10.3,80.49392266955911,15.195451572768455,917571853529.1044,8671.758918851627,20277.25528185029,105811504.0,76.4748624380269,33.053137631420945,2.9456722751517885,34.806620540651764,54.82136886236786,0
MEX,2006,646.2762,1723.7176380235617,2027.2034337735363,9.8,80.45120073234781,15.332108874674653,1020265057882.007,9512.635753466991,20965.825607404626,107253666.0,76.4982455683657,34.3856666700872,2.942955163586395,34.73264538696983,54.82136886236786,0
MEX,2007,656.9822,1693.778807265407,2055.567139167723,9.5,81.98144538980891,14.08873567031451,1102355554971.9478,10134.332713811857,21102.268831462945,108774360.0,76.5047326234761,34.024501947383925,3.0418656709759957,34.65867023328789,54.88824301036549,0
MEX,2008,663.538,1678.2328732125727,2054.862632500062,9.8,78.81692002643754,17.537439568681908,1161553459715.1033,10523.768540324383,20992.560261822928,110374288.0,76.5090428271033,34.8480623925215,3.028758980827861,34.58469507960596,53.16751974073407,0
MEX,2009,649.9757,1616.7936998520468,2003.5585624360615,9.2,83.11428816857327,12.947074355842886,943437415024.6328,8423.569332147112,19385.543723008777,111999721.0,76.5143930040295,31.999313889474273,3.1005984191884233,34.51071992592402,52.82131742071555,0
MEX,2010,665.5725,1581.8262250440366,2027.1616282825016,9.4,81.2460758446234,16.60202441051474,1105424238731.0928,9728.800783770816,20058.38548597555,113623895.0,76.5244441414713,32.53948704830603,3.092008386708046,34.436744772242086,52.371202963039174,0
MEX,2011,677.1026,1632.5383358219826,2225.2881168903023,9.1,81.74692567110048,14.888217632428184,1229013703416.7583,10664.49440323125,20457.600166462376,115243504.0,76.5667802279537,33.82310221492174,2.9756948396817817,34.37373903649785,52.121710949355695,0
MEX,2012,692.8752,1652.1632203758338,2261.9590261134636,9.0,83.27100157212745,13.785438779794744,1255110424817.7866,10744.133524268636,20898.93571952917,116818208.0,76.6585199140734,34.09634247238943,3.0487293714888803,34.31073330075362,51.70503356567813,0
MEX,2013,684.5599,1633.00512016612,2152.8418784516502,9.2,82.68426805684015,13.297415286302869,1327436290282.6748,11216.800850542808,20805.348041191195,118343573.0,76.7955768077952,32.16827512588164,3.024542775781351,34.247727565009384,51.17724221301988,0
MEX,2014,673.0473,1582.666661151785,2167.59696000462,9.8,79.22154596261962,17.53216139571137,1364507717614.1345,11391.3773497683,21069.76616491286,119784261.0,76.9741367091766,31.917554133163584,3.0271365185357304,34.18472182926516,50.79760281900254,0
MEX,2015,682.1479,1539.1382667082678,2225.422220007935,9.2,80.97777291494367,15.26460754247024,1213294467716.8804,10021.238611882723,21408.92832014933,121072306.0,77.1903854182753,30.84025360921328,3.0851863436742972,34.121716093520924,50.76262249543455,0
MEX,2016,691.4909,1525.383744509801,2292.0319301829227,9.2,81.50727319326629,15.295700470710315,1112233497452.6975,9097.923976747688,21578.2633554092,122251351.0,77.4405087351486,30.61679139814524,3.246289078379699,34.05599423853494,50.58669204454848,0
MEX,2017,695.7528,1478.4389651068636,2269.1075418222863,10.1,80.21670334017355,15.960995253047198,1190721475906.0,9649.278167724024,21777.522511198225,123400057.0,77.7206924598541,31.95868467318048,3.2975117757527546,33.99026723938373,49.87062424445073,0
MEX,2018,675.0515,1493.4788215624642,2499.620485737958,10.3,78.73451935471049,15.907939491331971,1256300182879.7263,10084.793756202112,21997.773016747225,124573711.0,78.0271223924494,32.04386545337279,3.2969594527260027,33.92474086267651,49.64942513953548,0
MEX,2019,692.1334,1469.6535032052757,2392.190414187221,10.3,77.98013780610098,16.877136126901597,1304106203902.452,10369.555358527135,21704.1859494071,125762982.0,78.355984332992,31.83829613954846,3.3150244018484467,33.85889554772499,49.4385143650814,0
MEX,2020,640.1272,1366.4272255875665,2354.2683528222537,12.3,73.38021200987046,20.752885421757256,1121064767308.423,8841.270750398684,19728.48178231582,126799054.0,78.677960602824,30.99998039076087,3.7111488823617194,33.793050232773474,51.51494410864477,1
MEX,2021,656.289,1417.7055907890806,2407.8766892881204,13.0,69.9996129328081,23.37622979595448,1316569466685.9507,10314.050672211482,20782.58774175454,127648148.0,78.9324007418057,31.96952898536518,3.7826652875829416,33.727204917821965,51.50640782941947,1
MEX,2022,660.2856,1441.98382794786,2513.8104692696315,13.0,68.62260654725138,23.37622979595448,1466934724293.064,11405.79404737593,21391.857369242654,128613117.0,79.199683215791,33.163830524573314,3.898065709707859,33.6618740193935,50.87012268834074,0
MEX,2023,685.6512,1467.1093190284712,2597.3996144081016,13.0,76.93673684265666,23.37622979595448,1798317581486.8833,13860.95978093256,21917.24858366,129739759.0,79.4734935748046,32.605932352106265,3.83754974792513,33.59591764191466,50.69338799866251,0
MEX,2024,686.7794,1558.757908670128,2658.0492384564945,12.999999999999998,76.93673684265666,23.376229795954476,1856365616165.938,14185.781224852855,22039.628701901565,130861007.0,79.7538805976118,31.777743268942793,3.7245106584483474,33.59591764191466,50.69338799866251,0
MKD,2000,11.4001,1316.5255129674242,2907.691168850396,19.4,82.82190574071355,17.178094259286446,3772859034.205079,1861.8989978064396,11988.294597882446,2026350.0,58.4918382392587,21.406336719673753,10.09628146038947,37.654345261502165,48.56468737711365,0
MKD,2001,11.5125,1266.2500984418114,2811.956663826207,15.2,90.16032694121346,9.839673058786545,3709636030.665784,1823.0226768263633,11571.859219894352,2034882.0,58.0943199277127,20.58654558565412,9.745119714096669,37.66567046795124,48.8399528116398,0
MKD,2002,10.9619,1251.0532451558122,2794.832282837423,14.6,87.5718272861599,12.428172713840093,4018365747.009719,1989.1353726515904,11830.311673290287,2020157.0,57.8726144171205,19.37806722071614,10.170120774534864,37.67699567440032,52.457727093983486,0
MKD,2003,11.7283,1379.1653850275595,3156.1383776835705,17.3,79.60819234194123,20.391807658058777,4946296599.08467,2445.3628640001334,12077.899092249396,2022725.0,57.8501791693323,22.488406886644285,11.538776452023493,37.68832088084939,51.1600471883602,0
MKD,2004,11.8925,1362.1844966439753,3207.045381725694,18.2,77.77111144442777,22.228738563071847,5682784471.697219,2818.5814561241964,12683.433509040728,2016186.0,57.8527941292946,21.03844208756847,11.553994857293455,37.69964608729847,49.626425481714506,0
MKD,2005,12.3537,1453.5043606257825,3465.2650685922017,19.0,78.50763468740996,21.489196197061368,6258602872.678975,3120.9840139423313,13354.516528262531,2005330.0,57.8614206464767,20.362007087117075,9.73619454882038,37.71097129374754,48.289421942587495,0
MKD,2006,12.0565,1486.595748996263,3569.195406679179,19.8,76.44875820725093,23.54538966600057,6861226971.556173,3440.441105796795,14118.288335990208,1994287.0,57.8796574341199,21.66258511527894,8.989368056385139,37.72229650019662,48.13212740857255,0
MKD,2007,12.8175,1550.3947148141317,3772.1899832218232,15.7,84.45675592489998,15.543705755617111,8336474973.729493,4204.113287604519,15118.306367246108,1982933.0,57.9111032054655,20.58092354561277,8.932416885453847,38.032738803012286,42.64764169639319,0
MKD,2008,12.6619,1540.6977966347888,3854.9464796476577,15.6,86.6899065124386,13.311519569006498,9909552434.511362,5026.4202989872965,16038.107862745836,1971493.0,57.9593566737547,19.533129263178193,11.443515148593605,38.044153785176384,42.13238208481966,0
MKD,2009,11.5709,1437.8318563589464,3613.980524632144,18.4,81.40011716461628,18.60500878734622,9401736825.42688,4799.78722768888,16084.29467428026,1958782.0,58.0280165522288,18.972702847412823,10.37016849081814,38.070658207771615,40.1665344964314,0
MKD,2010,11.7353,1475.2427745996913,3802.603712278387,22.3,66.51515151515152,33.49132231404959,9407170321.377522,4833.365867599679,16731.159567600844,1946298.0,58.1206815541291,21.04226885221909,10.120604807727489,38.08207771609833,44.3695479777954,0
MKD,2011,12.9204,1619.7624762799023,4153.508984731067,18.6,78.7838437638704,21.22044681165853,10494626767.64451,5416.866729316594,17201.307496095676,1937398.0,58.2409503926967,21.5924220032487,9.350992920941174,38.35146708961142,44.329896907216494,0
MKD,2012,12.2931,1549.523430720761,3956.325483037028,18.3,83.32801022037688,16.66576173746407,9745261300.577885,5049.826538615697,17190.06691738287,1929821.0,58.3924217811729,21.08085870457229,9.104719703965904,38.620856463124504,50.23790642347343,0
MKD,2013,11.3925,1441.721810017236,3833.6394974608834,21.2,73.85953396783722,26.140794223826713,10817702346.067411,5626.261156648935,17758.30120273383,1922716.0,58.578694432799,22.1404647622691,10.027476085444848,38.8902458366376,49.960348929421095,0
MKD,2014,10.9641,1404.8828108168727,3788.67486077337,21.2,75.95831782657238,24.035355414960925,11362265252.777998,5925.385922180148,18452.282749233957,1917557.0,58.8033670608162,22.822578658191045,10.177567277131178,39.159635210150675,50.0,0
MKD,2015,10.5479,1387.9796239181146,3724.580768969322,23.9,64.06305348919588,35.92915338292597,10064519962.565548,5262.686719286744,19215.153722947853,1912430.0,59.0700383784659,23.922183220801713,9.726918494187355,39.42902458366376,50.039651070578905,0
MKD,2016,10.2504,1408.2201900447567,3490.507592404815,21.4,63.279445727482674,36.71255995736365,10672467073.287252,5598.486226179673,19825.85468589811,1906313.0,59.3823070989891,23.96304609151052,9.172908312948158,39.7172878667724,50.15860428231562,0
MKD,2017,10.7022,1438.491959282514,3464.554155911257,19.0,76.82142857142857,23.14392857142857,11307067069.66582,5955.297386345096,20121.13445998386,1898657.0,59.7437719356273,24.258945876597217,7.873245042112519,39.7101506740682,50.19825535289453,0
MKD,2018,10.2414,1370.1216506141125,3457.820884666428,20.9,64.91885143570538,35.05528803281612,12683068114.23885,6713.9892539898865,20806.00840132424,1889051.0,60.1580316016216,24.050429882671235,8.470398469914265,39.7101506740682,50.11895321173672,0
MKD,2019,11.3372,1503.5133688566627,3580.5234023819703,17.0,77.1000170386778,22.896745612540467,12606338448.546968,6718.858266354576,21766.974473423004,1876262.0,60.6286848102132,23.703483411603862,8.132291394476262,39.7101506740682,50.15860428231562,0
MKD,2020,10.2885,1388.5464638883825,3581.118502858645,20.0,72.37703385075743,29.06732747334954,12361036913.840923,6659.596510707756,20971.529071838744,1856124.0,61.1593302746435,22.743395888118577,8.569059287592637,39.7101506740682,50.039651070578905,1
MKD,2021,10.2244,1455.088402273882,3793.449943770501,19.5,69.9692641475321,30.967636955342613,14000283827.01538,7620.802969775082,22144.284257143114,1837114.0,61.6841975628139,22.580592093989267,7.147488844258305,39.7101506740682,49.960348929421095,1
MKD,2022,10.8159,1476.135425640936,3484.17218427351,19.5,72.97206327835745,30.967636955342613,13932436550.088305,7606.237525379702,22822.328043128797,1831712.0,61.9530566607267,23.02446806946344,7.2798878546816255,39.7101506740682,49.84139571768438,0
MKD,2023,10.5691,1450.1417745679432,3320.35609711262,19.5,67.95636363636363,30.967636955342613,15855131188.909191,8674.358463274853,23455.31940052204,1827816.0,62.2518322545779,24.01243231293828,6.230886697739696,39.7101506740682,49.603489294210945,0
MKD,2024,9.8121,1450.1417745679432,3320.35609711262,19.499999999999993,67.95636363636363,30.967636955342606,16951682245.420202,9291.85661671864,24203.285950524423,1824359.0,62.5645376928533,24.067586452546227,6.082928018818225,39.7101506740682,49.603489294210945,0
MLT,2000,2.4148,1731.6751515479752,4311.858636663103,0.0,100.0,0.0,4036809815.466165,10348.485890240292,31066.922890322123,390087.0,93.278338811526,26.996830476248363,1.8575086763945443,1.09375,28.125,0
MLT,2001,2.7905,2001.3009423595345,4292.315051344943,0.0,100.0,0.0,4070867133.217506,10357.702589173052,30600.97194579008,393028.0,93.3621924014528,23.849900361949473,2.1727399078570575,1.09375,31.25,0
MLT,2002,2.6176,1851.8641288486929,4500.352300306337,0.1,100.0,0.0,4455127414.459667,11251.202529641632,31206.271676293178,395969.0,93.4431095912187,24.76924919767407,2.1056883372607045,1.09375,31.25,0
MLT,2003,2.9212,2071.4495272288814,4872.272204966606,0.1,100.0,0.0,5418315224.408621,13593.97871556824,32146.6801842336,398582.0,93.5241031580205,24.535892780497388,1.9196939415514176,1.09375,32.5,0
MLT,2004,2.9196,2066.5716391564165,4797.2925825134325,0.1,100.0,0.0,6104141520.083901,15212.13134384975,32061.571738359096,401268.0,93.6081858790552,22.22835539411028,1.8473650598170943,1.09375,31.25,0
MLT,2005,2.9763,2101.8798502226387,4912.9097599508705,0.1,100.0,0.0035714285714285,6393234992.551411,15831.344048672005,32775.74901822418,403834.0,93.6985189936163,20.739610477947775,1.7875545637088015,1.09375,29.062500000000004,0
MLT,2006,3.0355,2095.178730420848,4897.51004174603,0.2,100.0,0.0035382574082264,6749838805.589788,16653.603692968776,33419.471051446715,405308.0,93.7986874969541,19.802740860486143,1.8135237745136423,1.09375,29.062500000000004,0
MLT,2007,3.1132,2131.222962108267,4873.083466921057,0.2,100.0,0.0034843205574912,7908412305.628082,19444.174195838164,34980.400946234884,406724.0,93.9118231189546,18.508434509682463,1.7551621677646196,1.09375,29.062500000000004,0
MLT,2008,3.1332,2153.7490379340807,4836.593963051353,0.2,100.0,0.0064878892733564,9135419464.960882,22315.3104212988,36286.3762693845,409379.0,94.0294765354989,19.302095386921355,1.07473974006632,1.09375,29.062500000000004,0
MLT,2009,2.8992,1953.4340878954972,4434.186633436531,0.3,100.0,0.0313653136531365,8734745697.93323,21176.32182626723,35511.35639316185,412477.0,94.1423744490362,17.65466164484967,1.3301918899953555,1.09375,29.062500000000004,0
MLT,2010,2.9494,2022.6889491433533,4692.309919229544,1.2,99.9526963103122,0.032166508987701,9097044159.26912,21946.60696360292,37527.33831407296,414508.0,94.2412435620154,17.44461484691697,1.2716519630838623,1.09375,32.28125,0
MLT,2011,2.9387,2002.2597001723025,4785.3786502926,2.0,99.54107388710418,0.4584671867829279,9789361703.072044,23516.969123430204,37739.443692533314,416268.0,94.3155916422812,16.44554701875343,1.087133053259396,1.09375,32.28125,0
MLT,2012,3.1178,2102.7841980506823,4923.4812917234085,2.7,98.8666085440279,1.1233653007846556,9609532089.160316,22878.313086652113,38935.70035378799,420028.0,94.3626256493653,15.075325365922652,1.091054166707454,1.09375,32.1875,0
MLT,2013,2.783,1822.1129017452552,4858.642687319037,3.2,98.4451354953354,1.5797423367392271,10796782636.108095,25415.55668677314,40919.79454006278,424810.0,94.3906567856206,14.559600512662636,1.019836184689047,1.09375,31.96875,0
MLT,2014,2.7879,1793.3787740251291,4874.492769002563,4.5,96.65924276169264,3.3603563474387523,11888032873.829456,27424.5765646694,43161.541981516144,433481.0,94.412512773898,13.07604892850812,1.0015976001293183,1.09375,31.96875,0
MLT,2015,2.1102,1448.8722651886992,4905.227139705551,6.0,92.25460122699386,7.825920245398773,11340795042.088058,25529.681333771685,46170.172177212706,444220.0,94.4387696268011,12.089414537806316,0.9415655372069096,1.09375,31.96875,0
MLT,2016,1.8278,1311.6673259529375,4767.824336365937,9.2,84.01400233372229,15.899649941656945,12025782834.1534,26459.07709299876,46965.601581458046,454505.0,94.4800033569336,12.278837345220031,1.0103174165299893,1.1875,32.4375,0
MLT,2017,2.0164,1451.209231349004,5071.653971475425,7.3,89.58207147183526,10.421562689279224,14161366724.195496,30317.24431755425,51626.34730497831,467106.0,94.5691806330314,11.455759080311328,0.6758902323394483,1.3125000000000002,32.4375,0
MLT,2018,2.0118,1407.6963713422526,5044.399394093444,7.6,89.8572884811417,10.142711518858308,16153779510.99279,33382.26774992672,53417.01549462271,483903.0,94.7242373261706,11.516403950295508,0.6218888759957562,1.4375,32.4375,0
MLT,2019,2.1153,1440.482791520414,5036.593690961914,7.4,90.18941233608548,9.80330257406508,16337793530.73216,32421.91797522615,53391.43738560912,503912.0,94.9332032524644,12.066326303994208,0.4719106595364846,1.4375,32.4375,0
MLT,2020,2.0609,1336.728960349062,4713.961473549439,9.2,88.61409239384042,11.33084461035931,16404663226.459784,31823.436393450473,50387.82203685816,515490.0,95.1841082280263,12.212863675400396,0.785620108993087,1.4375,28.46875,1
MLT,2021,2.0682,1363.0557103686538,4940.654250699605,8.6,88.07588075880759,11.889792231255646,19739875611.490204,38096.83607351193,56852.32185122669,518150.0,95.5145343617045,11.44462682210584,0.8818522783292638,1.4375,27.34375,1
MLT,2022,2.235,1456.2452481094797,5168.391660531751,8.6,87.00392498909724,11.889792231255646,18928276162.413124,35638.886945740596,56841.958125813006,531113.0,95.6003155132879,11.298685956147732,0.839345917125421,1.4375,27.34375,0
MLT,2023,2.2252,1397.9960621386476,5013.143445373742,8.6,86.39078498293516,11.889792231255646,22610561526.146145,40905.80595850569,60418.39493110677,552747.0,95.6272277147965,11.08876280575098,0.0533608475644053,1.4375,25.909375,0
MLT,2024,2.2436,1397.9960621386476,5013.143445373742,8.599999999999998,86.39078498293516,11.88979223125564,24971574502.44748,43898.578180859666,62700.49421804613,568847.0,95.6546264490509,10.664750948815753,0.2250646070547374,1.4375,25.909375,0
MMR,2000,85.4595,300.3844038114108,80.19281426017238,80.2,63.03243454474404,38.45395491020252,8905066163.586428,196.6195806252842,1359.9303877803643,45290841.0,27.5346072708149,9.692261135861278,57.23864525562314,53.352679254521526,16.543746365945466,0
MMR,2001,86.1518,293.046759841775,73.60533457557173,82.5,61.14310087438686,44.586249741147235,6477790688.228438,141.52566070572198,1498.3116323652532,45771139.0,27.7107064116875,10.58049433218048,57.069191636896576,52.828287480490864,16.73807265048811,0
MMR,2002,88.0467,289.5521301883563,78.1049705280811,83.0,58.346487766377265,43.162848893166505,6777632512.078098,146.59839036444865,1661.73588517132,46232653.0,27.8849700456368,13.006895492216556,54.52833273487154,52.3038957064602,16.716650855341676,0
MMR,2003,94.1657,309.38879084264164,85.39189587408644,79.9,61.75115207373272,39.84247437511239,10467109977.671677,224.29268891240932,1874.1712826938913,46667192.0,28.0568026064444,14.258257395255708,50.620560861896955,51.779503932429535,16.803868164152156,0
MMR,2004,97.5714,323.062853179367,86.12929183705918,80.2,57.068996256017115,44.43577264036155,10567354056.404903,224.5088114133274,2110.2372849583094,47068772.0,28.2256085278922,16.366361955598617,48.16509018657873,51.26452511401548,16.95999510269046,0
MMR,2005,103.1858,328.79146873792973,80.2515010793479,79.6,50.18284574468085,51.129891216106515,11986972418.5103,252.6851930607284,2377.902581629757,47438365.0,28.390792243762,17.51220463605499,46.687240402587975,50.74469664503489,17.23858209868985,0
MMR,2006,107.9409,330.71253669158625,94.54823136944157,81.3,46.057754704737185,55.19582740635373,14502553709.830303,303.4950871192538,2669.327003799993,47785135.0,28.5517581878355,19.237293020374384,43.918958474558984,50.21170673481568,17.74679786371218,0
MMR,2007,110.2168,340.45919807987497,96.3116022566463,80.5,43.44428817002657,57.91099317664897,20182477480.551235,419.3757807250424,2968.3033151236036,48125043.0,28.7079107938945,20.40912966622757,43.322766006353746,49.68345727751255,18.337617823479004,0
MMR,2008,108.9142,326.2475856269291,101.21760145571491,85.6,38.523104802174565,62.66695996480423,31862554101.937805,658.4424872297052,3254.7389788810046,48390793.0,28.8586544957208,22.665815422473177,40.27509563754854,49.17485114264285,18.791997673386295,0
MMR,2009,109.6283,307.3470046181953,106.57523801820282,85.8,24.52613440551407,76.22006427273998,36906181380.81268,758.4429357892551,3578.1742470451477,48660459.0,29.0033937270962,24.53200509820619,38.108120610505814,48.65101943976733,19.043318536660035,0
MMR,2010,111.6666,294.9887537389437,132.56668895897556,84.6,28.24347826086957,72.41602360417613,49540813342.4834,1010.5341734340147,3893.7903066587382,49024382.0,29.1415329218024,26.46806427437743,36.85307575126603,48.129381869393505,19.17460123075039,0
MMR,2011,109.5138,296.5034674128275,160.0977097852643,83.8,27.882217533090355,72.92900188323918,59977326085.99077,1213.6289870337605,4078.6122091996535,49419820.0,29.2724765136213,31.291648830702336,32.496182502403364,47.68370555189885,19.22270354666381,0
MMR,2012,111.4683,320.1652738615157,169.4910288942174,78.1,29.171986138975015,71.40638164381106,59937796648.21576,1202.6658960055008,4340.999450691742,49837446.0,29.3956289363345,32.373020796632645,30.590199702453763,47.25036515348695,19.21304447676644,0
MMR,2013,114.8255,333.6257424948199,195.41346181891137,75.6,27.95558458523841,92.56594685718872,60269732854.82703,1199.0956159705486,4666.953761413918,50262658.0,29.5103946237239,32.362219600602124,29.53372536049929,46.81182091014884,19.27328964292277,0
MMR,2014,120.4198,361.8865225737473,226.59095797897913,72.0,37.629776114132355,73.21918665276328,65531374210.3224,1293.000423197137,5006.5066714976665,50681634.0,29.6164342116462,34.48971479523249,27.82980257596121,46.36821216390029,19.342193911925033,0
MMR,2015,124.2529,369.6625797600194,266.2996944003037,70.0,41.10944152266466,67.2229571022376,59607290408.43587,1166.7330554793548,5313.88615901476,51089056.0,29.7166821191682,34.468821262150186,26.77177864559797,45.924603417651745,19.521344858210327,0
MMR,2016,129.5442,396.4658427615465,266.64364338332274,68.8,45.435731066114776,66.9570200573066,63298361983.565315,1229.1971349132812,5580.989772732316,51495696.0,29.8129165582094,34.80950488329436,25.628622873759525,45.50189956800147,19.54716749900426,0
MMR,2017,145.4856,445.12653045661216,299.68240833046184,59.5,47.32482542740187,68.49949284917335,66053040475.02575,1272.82241815234,5877.874655581753,51894938.0,29.9051727703437,36.800921120355774,23.404128096274416,45.06016085790885,19.99785522788204,0
MMR,2018,121.7758,439.2935215330384,367.1929389222545,59.4,42.42907385697538,68.0404090909091,67860515993.11861,1298.2131032767466,6201.2634142980305,52272247.0,29.993574050729,36.96346150218094,22.075606404111095,44.61974873601961,20.026505285736174,0
MMR,2019,121.6455,417.7727485363923,415.0589677613219,58.5,44.464905819214984,56.865252490553075,75065106243.35782,1425.9895424166807,6562.988984786251,52640713.0,30.0782436945232,38.41261109184431,20.842157775428177,44.175884786272405,19.885705530871764,0
MMR,2020,123.0347,424.4306918776075,395.0277990698824,59.2,52.057235421166304,47.734261676820424,79006113670.28314,1490.216835994695,5926.83450206681,53016522.0,30.1593049968842,37.54391554842879,22.418652540050267,43.73403098043422,19.887538878759557,1
MMR,2021,121.282,391.96430533160424,422.53651453116896,62.9,51.29896488735539,50.837475066489354,66345291149.4433,1242.7213439950965,5178.447182171636,53387102.0,30.2368812529698,37.31088999348263,22.785290156821095,43.29014662846461,19.887538878759557,1
MMR,2022,121.08,398.2846750594301,379.9148189418389,62.9,55.856200401568024,50.837475066489354,62253049903.28002,1158.0500505597558,5350.476668999314,53756787.0,30.311095757938,38.247135765302346,22.334350076849493,42.84626227649501,19.887538878759557,0
MMR,2023,118.2385,410.8642145082523,368.4389556409842,62.9,55.856200401568024,50.837475066489354,66757619000.0,1233.1966620926912,5364.137970344292,54133798.0,30.3820718069466,37.59292503626689,22.722230972546193,42.40237792452541,19.9140944121838,0
MMR,2024,117.7875,410.8642145082523,368.4389556409842,62.899999999999984,55.856200401568024,50.83747506648935,74068349523.80952,1359.0500156010662,5276.294339878527,54500091.0,30.4499084074136,37.812370647006645,20.834176668074356,42.40237792452541,19.9140944121838,0
MNG,2000,29.3309,1002.477140585714,1057.656516206723,5.7,99.8642226748133,0.1344195519348268,1136896123.6129804,476.0275508271704,5818.243078429008,2388299.0,56.7305447074496,22.196142155726942,27.422530623153335,9.217747761416716,84.31351526805706,0
MNG,2001,27.1087,997.6350154635984,1072.0706971065258,6.1,99.86741796486577,0.1796486576068942,1267997934.312504,524.453483552485,5917.070883963427,2417751.0,57.2155913875612,21.941883221405885,22.96888750849987,9.212577928335207,84.09347424752535,0
MNG,2002,25.0085,1054.5090998526516,1094.312149273977,6.5,99.87146529562982,0.1741645244215938,1396555719.9740863,570.2492132483989,6117.982422259202,2449027.0,58.1310120482033,22.4846271364412,18.919125275033043,9.20740675053234,84.08603033189222,0
MNG,2003,24.3502,1016.8967753070262,1134.1031634745405,6.1,99.87253027405993,0.1838750796685787,1595297355.7834878,643.1680689216577,6463.789666517617,2480374.0,59.3546986563236,25.2199551531292,18.43951720510685,9.1593411587666,73.50127018377107,0
MNG,2004,24.2963,1035.4668499652648,1190.3945603832226,5.8,99.87889797154102,0.1746896760520739,1992066808.0959773,794.1545520018152,7070.667158450999,2508412.0,60.7829994587671,28.33344037330247,20.029776527185188,9.15562080463703,73.43635319426707,0
MNG,2005,28.857,1179.7903826463814,1247.0396115449926,5.3,99.88300672711318,0.168762796139222,2523471601.104208,994.9001091324096,7499.848039354279,2536407.0,62.3122627023789,32.49650059966604,19.797960491549823,9.150473846151344,73.29166784423127,0
MNG,2006,32.1808,1330.2855127359487,1294.4224920223376,4.5,99.88713318284424,0.1628103837471783,3414055661.6159754,1329.8917957905269,8043.996781085566,2567168.0,63.8388366340039,38.69260633533143,17.643670839540913,9.127623360313835,73.66312252799567,0
MNG,2007,34.9338,1370.9094435288043,1328.6699848184946,4.7,99.89192110240477,0.1680626857606052,4234999703.900587,1627.6878774335903,8750.134074422993,2601850.0,65.2590695004873,37.7347758580465,18.42796538887128,9.122486788807109,73.63275254896212,0
MNG,2008,35.9243,1354.8481371959303,1417.5993426152609,4.7,99.70007498125467,0.3354161459635091,5623216608.042884,2127.4267859473734,9379.85489687765,2643201.0,66.4693095486742,30.85103566312456,19.21512478253709,9.117315128618356,73.5213912374525,0
MNG,2009,39.3545,1382.9837873961872,1368.9493016835029,4.4,99.33151770240158,0.7021539985144838,4583850367.88972,1703.3275679001902,9095.976989252904,2691115.0,67.3659050254095,30.056558531610644,17.864438070908474,9.11217830189963,73.36925476239907,0
MNG,2010,42.4551,1439.5874670152252,1478.4807834012872,4.5,98.97982842568976,1.0510085787155112,7189481998.900941,2625.21881402433,9507.118823625,2738622.0,67.8298018313254,33.19424748921457,11.732563198012944,9.10805179300629,73.33884675729539,0
MNG,2011,48.045,1548.68712928586,1487.2679598193602,4.0,98.6331569664903,1.3893298059964727,10409797377.857063,3736.042014550773,10960.095928386429,2786317.0,67.9196058798676,31.33374856269242,10.3073568180221,9.107573136975503,73.32647759405884,0
MNG,2012,49.2864,1579.8858221124974,1579.741557661799,3.0,98.73338870431894,1.2998338870431894,12292770631.564993,4328.890019056554,12078.918532006182,2839705.0,67.9522782537785,30.77159311331633,11.258024557212662,9.10685777424814,73.24948510724192,0
MNG,2013,51.7627,1770.468356900912,1882.7110349012128,3.0,97.56972111553785,2.451394422310757,12582122604.257748,4340.143105444494,13210.09456656678,2899011.0,67.9776750055915,30.506892384744827,13.41406246609017,9.106135944111069,73.22527304109256,0
MNG,2014,54.9866,1783.416785955662,1990.8116902730335,3.3,96.27976190476193,3.767671130952381,12226514668.062176,4126.239758005238,13943.42771486525,2963113.0,67.9941357229626,31.497623274418785,13.341221087949815,9.10542135370957,73.00162900127899,0
MNG,2015,52.9339,1535.5238046449526,2017.2693586497444,3.5,95.99129330672956,4.047524034101215,11619892590.694118,3838.921269899843,13974.596726036516,3026864.0,67.9999999906095,31.5158775834209,14.079203180176004,9.10469149761818,72.99021727585597,0
MNG,2016,60.7638,1606.450788319462,2026.640283651941,3.4,95.64143285689076,4.469560614081525,11181350649.357347,3619.9002638379216,13898.145695358526,3088856.0,67.9776754820979,33.17807153019994,12.627843686447854,9.103978705098728,72.92367713093176,0
MNG,2017,67.8474,1622.1014421520351,2148.3576734477283,1.8,95.90177534428406,4.469719595155135,11480847740.73598,3645.9670866955144,14401.537506756224,3148917.0,67.9260583223672,37.41841161188628,11.137233271356775,9.103265912579277,72.86357138334535,0
MNG,2018,71.0301,1785.1115553245804,2275.1153376562293,2.1,93.28232593726092,7.338791124713083,13178094720.498564,4107.6428852846775,15230.240882884682,3208189.0,67.8683444833372,37.97567033275499,11.428004519305912,9.10255545816196,72.84163479969563,0
MNG,2019,76.0964,2035.62678478453,2358.8651618445297,2.3,90.15942028985508,9.630289855072464,14206359017.514322,4347.54610314873,15790.696112644133,3267673.0,67.8277299551557,38.09269776436526,11.558382861226647,9.10182513109581,72.66419565672483,0
MNG,2020,69.7809,1793.2731083101337,2189.526100593772,2.9,89.76377952755905,9.996820109024831,13312981429.08905,4001.251930777028,14801.342082918463,3327204.0,68.0894771770775,37.04967085115275,12.96565630314745,9.09965848797644,72.21898914556458,1
MNG,2021,70.9277,1944.5266435799017,2427.490756532489,3.0,88.91430108973498,10.948338490515267,15286441737.668615,4517.61578018785,14792.250908642214,3383741.0,69.2153244018555,37.0755721187771,13.163174192774166,9.09894465963877,72.17917447562033,1
MNG,2022,74.7083,1914.2183808567636,2545.614879134986,3.0,90.19354838709678,10.948338490515267,17146471713.748024,4993.514874634954,15310.434946916346,3433748.0,69.783805847168,35.31221756694462,13.027853403536083,9.098496959891108,71.90965066034889,0
MNG,2023,93.7158,2176.261356926724,2728.125372542655,3.0,90.19354838709678,10.948338490515267,20325121393.907364,5838.6310808390235,16222.86388985287,3481145.0,70.4464492797852,39.53540900884862,9.920602812980238,9.091724058793035,68.95557295893013,0
MNG,2024,104.355,2176.261356926724,2728.125372542655,2.9999999999999996,90.19354838709678,10.948338490515264,23794540024.513172,6750.630115772402,16842.650587379678,3524788.0,70.9566040039062,38.14088167239837,7.290952102613105,9.091724058793035,68.95557295893013,0
MOZ,2000,10.4988,396.0280409206194,123.16838055311923,93.6,0.4534212695795548,91.13715993404782,5930685214.615951,327.1262397915697,711.9763935273959,18129653.0,29.2423697311441,19.529228361214734,19.039174851409925,52.37671354815738,47.623286451842624,0
MOZ,2001,11.2259,407.1455688028809,273.38839617301556,93.0,0.3697789730229431,99.6261030338684,5650154067.103462,304.7921386219133,785.7901736162456,18537729.0,29.4137097764239,21.393855859376536,18.225728623589273,52.09493374704341,47.90506625295659,0
MOZ,2002,11.7042,409.45504710130183,264.73839637208704,93.2,0.298179535467671,99.69970182046454,5950769426.602135,313.88666172119804,842.6452661727614,18958338.0,29.5686323334348,17.082100258765127,22.734177349083037,51.81315394592946,48.18684605407056,0
MOZ,2003,12.9199,421.13047483755736,375.30021309812184,92.7,0.3380230221085328,99.6603325415677,6583526860.580616,339.4887378006477,883.239121472194,19392475.0,29.7146340268639,18.87681298228284,22.72283054243766,51.53137414481548,48.46862585518451,0
MOZ,2004,13.5872,426.3789455303513,452.4122174887059,92.9,0.3914227365554799,99.60406739278422,7937255565.357649,400.0569731615448,934.1339648444211,19840313.0,29.8592114813982,19.806662356529426,22.490128909236688,51.24959434370152,48.75040565629848,0
MOZ,2005,14.0416,424.4912782265056,457.43398936465974,93.7,0.1575393848462115,99.84201050262566,8868504899.946728,436.77385616738417,970.3899560986298,20304569.0,30.0098613217248,18.606138345237103,22.92140598678234,50.967814542587554,49.032185457412446,0
MOZ,2006,13.7714,428.6925219201248,467.4536648641534,93.1,0.1353363107321694,99.86608472053052,9509835536.93373,457.4876478331826,1041.8047170959524,20787087.0,30.1740801725307,19.816232013204548,24.113391723813383,50.6860347414736,49.31396525852641,0
MOZ,2007,14.3982,338.46619131779926,470.08509869696655,87.5,0.0806601724886765,99.92064279952844,10811456005.94048,507.8749239143042,1095.1256870159818,21287635.0,30.3598131347122,19.508534818900788,24.01621736288768,50.404254940359614,49.59574505964038,0
MOZ,2008,14.1253,338.6616641690137,454.96968793671726,88.1,0.0856615709014233,99.91941222983658,12920340964.65435,592.1591111841216,1141.9425616101892,21819036.0,30.5625357695184,17.167744568171134,26.8457517275753,50.12247513924566,49.87752486075434,0
MOZ,2009,13.7315,358.8798598520379,455.7036532882989,86.1,0.0764391133062856,99.9262656553184,12263894790.012465,547.6971441936511,1178.7090994783405,22391745.0,30.7715592059159,16.90043279878873,27.910601722519125,49.84069533813169,50.15930466186831,0
MOZ,2010,14.3123,317.8812306839097,466.1459392018908,84.9,0.1136363636363636,99.85711722488038,11411894723.864029,496.18583939265926,1224.2302047130938,22999235.0,30.9861779822921,16.868186298076637,27.309377092239867,49.558915537017725,50.441084462982275,0
MOZ,2011,19.1212,370.87053828392015,493.2547153395958,85.4,0.646052236565596,99.38697087961572,14619279988.71596,618.1764928678903,1275.5295982258067,23649039.0,31.2062230032794,16.509337251289768,26.484872998970793,49.29641140415575,50.70358859584425,0
MOZ,2012,21.972,364.82866956700434,483.8143852171634,84.5,0.7213202022890605,99.35274154910832,16688114144.074518,685.6857481995128,1338.5159486610426,24337846.0,31.4315251735105,16.874003877250658,25.51770665472821,49.03390727129378,50.96609272870622,0
MOZ,2013,23.3062,380.5852799712645,486.07652418042096,83.1,1.4173703256936068,98.68819942370835,17198073057.198067,686.505672517351,1385.8325486421404,25051611.0,31.6619153976179,16.445724608598766,24.25290908363355,48.7714031384318,51.27068847122257,0
MOZ,2014,24.7471,383.3263401111656,466.5650062673345,81.2,1.3059588167405698,98.76342322643345,17978246586.066242,697.1426804441226,1449.929266327224,25788475.0,31.8972245802342,17.488468355560325,24.65546716078971,48.50889900556983,51.52123909560263,0
MOZ,2015,24.5505,385.15286489005473,477.2187829455741,80.1,6.972724817715366,92.64519090565426,16208985769.614956,610.5637747065892,1512.5997455553957,26547572.0,32.1372836259918,18.615210701823575,23.566316494695773,48.246394872707846,51.82316437345812,0
MOZ,2016,27.0062,380.8117019423564,481.9091121755577,77.4,17.1335299073294,82.50947667684531,12069051237.171114,441.4897348190715,1537.9085327121647,27337105.0,32.3819234395234,20.566983012192857,23.62728108876254,47.850008901548875,52.248289630967214,0
MOZ,2017,29.4852,371.74590930628926,472.86849970459474,78.2,19.5124716553288,80.08751842194762,13264640645.77679,470.9385630519602,1532.0073576114,28166393.0,32.6274411492675,23.607070804968647,26.0749604736416,47.568096848851695,52.57992319234975,0
MOZ,2018,32.5121,366.2480369721101,450.3311732967261,79.0,18.20409592158235,81.53917507730004,15017358952.845173,517.5072602581007,1538.8351212702223,29018644.0,32.9902559073541,25.333920058957947,25.54255979589087,47.33610722551438,52.775162135354414,0
MOZ,2019,30.1741,359.75885545872796,459.10271519770527,77.5,20.62588904694168,78.69678133066428,15512759046.671955,519.0925509136196,1528.8898835437335,29884380.0,33.4177241517032,23.888262818524375,24.76978181456368,47.007947811490624,52.79792466746357,0
MOZ,2020,27.9273,342.9518586334035,417.42886687261125,80.2,16.487963838957217,83.24542779062433,14235420174.18844,462.4338764799215,1466.1247647447606,30783688.0,33.9044006416285,21.75399071555382,26.88197440876545,46.72519646990004,52.779358579821455,1
MOZ,2021,31.1371,353.11345315588915,406.1776597556438,76.9,17.017441552245135,82.70924993373973,16168055475.444893,509.90782947555147,1457.2354093092151,31707800.0,34.4499259401554,21.941177313442147,26.894591350236514,46.412173122409015,52.77427198046746,1
MOZ,2022,35.6836,358.72692445693235,397.6880869895456,76.9,16.29512220063401,82.70924993373973,18883528581.3734,578.251663751351,1476.665602980974,32656246.0,35.0536638047945,23.2425949902892,25.63922210827413,46.119331112184945,52.772618835677406,0
MOZ,2023,34.318,362.8239024718419,390.6626280356627,76.9,16.29512220063401,82.70924993373973,20921079532.609367,622.0002976828226,1512.2764079148117,33635160.0,35.7149783148407,21.50798787294367,25.37160086308611,45.81303491950457,52.78915028357791,0
MOZ,2024,33.6256,362.8239024718419,390.6626280356627,76.9,16.29512220063401,82.70924993373971,22745341305.0622,656.7768246373056,1500.3142744635054,34631766.0,36.4332337447237,21.900301229479684,25.17648117330645,45.81303491950457,52.78915028357791,0
MUS,2000,3.2409,851.2436821246419,1363.246109735414,20.4,70.3599550056243,29.569178852643415,4726108622.476615,3981.983432495823,13481.754054174466,1186873.0,42.063123063288,25.64026674615104,5.6292176473366435,20.655172413793103,49.10389162561576,0
MUS,2001,3.3929,886.7921614635118,1453.664547052672,20.1,71.27158555729984,28.689691261119833,4675755867.176569,3908.556949274354,13823.41713910478,1196287.0,41.8827214180181,26.38740361793466,6.066321364526781,20.4807881773399,50.24630541871922,0
MUS,2002,3.3845,873.2217131671871,1473.492492659517,17.9,72.41025641025641,27.586153846153845,4906494249.382551,4073.060530559032,13949.474292318391,1204621.0,41.6986829938864,25.62399872757731,5.122449321693671,20.3064039408867,49.26108374384236,0
MUS,2003,3.4709,909.0895641022772,1561.7659905881965,18.9,72.76657060518733,27.223823246878005,5894873919.74797,4858.265755497474,14669.500184457704,1213370.0,41.5127065251754,24.915257789304754,5.108662835705495,20.1320197044335,48.76847290640394,0
MUS,2004,3.5212,919.8380836996224,1614.2466480426338,19.1,72.65588914549653,27.356581986143187,6667418752.073067,5460.6080018419825,15209.016426781653,1221003.0,41.3265540022042,24.086200908537524,5.206085686696269,19.957635467980296,48.27586206896552,0
MUS,2005,3.6791,945.7547203166852,1683.6908326779314,17.6,75.0,25.00836267605634,6576108447.475309,5354.029742606423,15387.9807842254,1228254.0,41.1419874152917,23.053969819842692,4.911811066951974,19.783251231527093,47.29064039408867,0
MUS,2006,4.435,1006.0206291682388,1743.1174817422425,16.4,77.74468085106383,22.246808510638296,7137710412.936872,5784.224918830265,16061.603003039592,1233996.0,40.9607687547567,21.99555502533989,4.831590249333917,19.608866995073893,46.30541871921182,0
MUS,2007,4.5696,1007.5946987516515,1816.6711034744235,15.7,77.60649087221095,22.400811359026367,8277442915.001684,6677.3496244860835,16904.274517179638,1239630.0,40.7846600109183,22.1985593969066,4.308691844427211,19.43448275862069,45.320197044334975,0
MUS,2008,4.6927,1026.7070929305671,1881.649775222828,12.7,76.76965193586234,23.26202581149785,10127777060.411337,8140.508085958952,17750.59362289878,1244121.0,40.6154231740954,23.0209186435502,4.019586069044016,19.26009852216749,44.827586206896555,0
MUS,2009,4.692,999.5144810445164,1907.1225697013615,12.8,76.36786961583236,23.629802095459837,9264513545.141085,7426.886456175929,18290.40700778621,1247429.0,40.4548202346069,23.007713818677978,3.82381151804169,19.085714285714285,44.827586206896555,0
MUS,2010,4.9832,1050.7576717516074,1995.361484325016,12.8,78.50502045370025,21.495723317218296,10144716154.935616,8113.176707402124,19045.654283286745,1250400.0,40.3046131827718,22.15953301163308,3.5911098018245338,18.91133004926108,44.827586206896555,0
MUS,2011,5.0104,1053.558014290085,2032.0918808946633,12.0,79.95618838992333,20.069733479372033,11677718382.425943,9324.24232310496,19790.530058605214,1252404.0,40.1665923228716,21.305113060079947,3.6531233219974943,19.214822233350027,44.56685027541312,0
MUS,2012,5.122,1066.254249556949,2075.831965105002,11.4,79.69978556111508,20.288420300214437,11832323837.107067,9421.525140982249,20425.707017687953,1255882.0,40.0369511615085,20.650183794060652,3.606694772486296,19.205808713069604,43.56534802203305,0
MUS,2013,5.2705,1085.5501957803986,2147.860837046151,11.4,79.39750692520776,20.62222991689751,12434596541.299574,9877.138659588343,21061.029343286915,1258927.0,39.9108848558771,20.095400501363425,3.292653218391708,19.196795192789185,43.064596895343016,0
MUS,2014,5.4835,1104.475355152552,2184.4136732402585,10.6,79.70718420156622,20.351719441607084,13230490081.565582,10490.331556385292,21827.48023260521,1261208.0,39.7887571971735,19.484917522134374,3.154226080431654,19.187781672508763,43.064596895343016,0
MUS,2015,5.4816,1136.1491914984572,2232.993026251921,11.5,77.27727727727728,22.763096429763095,12162211503.079298,9630.543783750698,22603.08852187142,1262879.0,39.6709610617726,18.948699125401355,3.032833216454369,19.178768152228344,43.064596895343016,0
MUS,2016,5.5967,1135.8980265202924,2271.02418442932,10.3,78.17225509533202,21.902366863905325,12757680846.56629,10095.122557415598,23460.00115163232,1263747.0,39.5578893260494,18.346301099172532,3.057569823038515,19.17376064096144,43.064596895343016,0
MUS,2017,5.8497,1156.155178977142,2317.993623145783,9.4,79.99358768836166,20.19910227637063,13896938315.279932,10986.70340930054,24361.87585420581,1264887.0,39.4499348663789,17.528266685587642,2.9552198937364613,19.354031046569855,43.064596895343016,0
MUS,2018,5.8494,1142.1442407692066,2330.1624476424586,9.2,79.2717981475567,20.927499201533056,14957535715.969637,11818.748061927196,25324.178595812427,1265577.0,39.3474905591359,17.33852140077821,2.525932128256908,19.374061091637454,43.064596895343016,0
MUS,2019,5.947,1163.1517923892147,2412.350857237645,8.9,78.30655129789864,21.95241038318912,14645235204.617577,11568.253339982366,26047.97535732842,1265985.0,39.2509492806955,16.669682282423324,2.668627458528867,19.394091136705057,43.064596895343016,0
MUS,2020,5.5347,1025.837441696561,2164.2730649108144,9.4,76.09299097848717,24.14850798056905,11566111137.55677,9135.84773751062,22258.386810626773,1266014.0,39.1607039074325,16.41407982139836,3.0989406514301536,19.414121181772657,43.064596895343016,1
MUS,2021,5.8421,1072.4294567107097,2211.896703397366,8.6,78.50935828877004,21.682820855614978,11622048696.8129,9177.711959730132,23010.201382690524,1266334.0,39.077147315722,18.02298224324525,3.2413713398878956,19.434151226840264,43.064596895343016,1
MUS,2022,5.9813,1095.73879704883,2334.2149014314987,8.6,80.76306508496313,21.682820855614978,12936444123.303707,10246.501745555295,25085.989195945134,1262523.0,39.0000125885784,18.066091873582845,3.555132547658371,19.45418127190786,43.064596895343016,0
MUS,2023,6.3231,1172.4164392412506,2465.068189808649,8.6,82.38897396630934,21.682820855614978,14072212290.459597,11269.96844621386,26635.012404869696,1248647.0,39.0039901092226,17.839123404656128,4.012652862592423,19.474211316975463,43.04326489734602,0
MUS,2024,6.4716,1172.4164392412506,2465.068189808649,8.599999999999998,82.38897396630934,21.682820855614974,14937861786.169998,11990.77989448369,28011.157980629916,1245779.0,39.0162147027917,17.79339310233422,4.232147184049292,19.474211316975463,43.04326489734602,0
MYS,2000,157.8565,2104.6113053402073,2774.1427395621768,4.4,89.94152046783626,10.923269078044909,93789736842.10529,4083.528744836047,18532.909670622656,22967816.0,61.9694564490726,48.32057149110132,8.599021888266305,59.93410439811292,21.11915994521382,0
MYS,2001,166.0038,2138.334574779655,2779.7545053165068,4.2,90.07090203139947,9.338472792752237,92783947368.42104,3943.7994391023894,18186.441133014603,23526538.0,63.0180877676224,46.20269499885132,8.01097059098812,59.70774615735809,21.1444224623345,0
MYS,2002,175.1849,2156.947233684472,2832.945344165249,3.5,92.85512262791416,8.063623752508452,100845526315.78947,4184.031637735386,18708.8694877279,24102477.0,64.056368465184,45.11537969745285,8.98508140381459,59.48138791660325,21.41987520925278,0
MYS,2003,188.3416,2256.6510681558925,2916.9433121328293,3.3,93.55669117740764,7.21783124545999,110202368421.05264,4465.3219456720835,19329.00627575376,24679602.0,65.0750932867555,46.57866269948349,9.30608521643197,59.25502967584843,21.65953431745549,0
MYS,2004,203.1597,2373.577702752846,2976.5482303122503,3.2,92.91356764377036,7.477067230567304,124749473684.21053,4939.248518544275,20168.50620994249,25256772.0,66.0647889111941,48.53031760496827,9.271002092615094,59.02867143509359,21.706589560188707,0
MYS,2005,215.2126,2517.4645167172166,2857.555237404325,3.0,93.71983598030796,7.994193993202134,143534405818.50137,5555.581799512061,20767.58572433463,25836071.0,67.0159820173565,46.36832248545747,8.26229170422644,58.802313194338765,21.71483792421245,0
MYS,2006,223.0275,2474.3916183306333,3040.5131609772748,3.1,92.8275631748859,7.833663586775019,162692258307.0555,6158.4078553323625,21444.485771502757,26417909.0,67.9191992840997,46.51565725622671,8.60998284136304,58.57595495358393,21.534621823162382,0
MYS,2007,240.6026,2586.989878932258,3239.1932718652215,2.8,93.3436564256122,7.01503343041142,193549569477.73267,7168.930319425083,22305.11826311699,26998389.0,68.7649673902807,44.59599603210388,9.986773679622448,58.3495967128291,21.632019479531273,0
MYS,2008,252.8853,2681.0000344811306,3246.2752437345166,3.0,92.37124364781546,8.919080581998138,230811614370.38364,8371.82156086005,22898.002757544244,27570059.0,69.5438130147565,45.10506540043561,9.968582334674114,58.12323847207427,21.76350631562928,0
MYS,2009,235.8426,2485.9166742798575,3887.461796142889,2.3,92.99069851641768,6.8662362180288445,202257453036.6409,7191.4328723462595,22106.64173118005,28124778.0,70.2462628363839,40.96782384124727,9.219100043907824,57.89688023131944,21.97534621823162,0
MYS,2010,250.7903,2531.6771063741285,4080.747979046179,2.0,94.00413507925568,6.184259452182136,255017638455.5897,8899.34505544675,23307.96985437846,28655776.0,70.8625314831025,40.49893235488183,10.089915927512132,57.6705219905646,22.4906406939583,0
MYS,2011,252.9347,2593.2731029282418,4030.7195254762537,2.2,93.27676492655648,6.724317969106535,297951668674.83466,10217.106858503092,24115.818120395794,29162039.0,71.4245166681964,39.82426872779641,11.453353119827844,57.98497641150511,22.9207122203622,0
MYS,2012,254.6051,2589.319903697752,4251.583404159906,2.5,92.61056250511604,8.074880521684756,314443047642.11096,10600.574424002583,25006.358778153717,29662831.0,71.9680127926087,40.135001009006935,9.79375074645921,58.299430832445594,23.829554101354436,0
MYS,2013,272.7485,2871.756710193902,4415.285674729774,2.8,91.41584988579524,9.48138751554052,323276235524.41534,10713.640763889867,25736.352555414196,30174265.0,72.4882717118078,39.885373654789746,9.113363845382056,58.61388525338609,24.52990412418201,0
MYS,2014,287.4116,2883.1355090614725,4388.500090418544,3.0,90.29219700411612,9.858147419814198,338066095097.2544,11013.310733440316,26818.431728165877,30696137.0,72.9802206910773,39.92442448458709,8.873209013026429,58.928339674326594,24.620301323999392,0
MYS,2015,290.1481,2708.6628949190463,4475.455577178836,3.4,90.04283154479992,11.139969092628858,301355266964.9473,9648.679793752302,27699.627886038677,31232798.0,73.4387869957006,38.44972221199019,8.287495082793802,59.24279409526708,26.084218535991475,0
MYS,2016,286.5024,2760.831973971617,4567.393479992016,4.4,86.53836333460998,13.670860381838724,301256033870.33356,9476.534098099228,28425.37076094116,31789685.0,73.8588978909614,37.6832749440922,8.462518856180269,58.78752092527774,26.08735352305585,0
MYS,2017,274.6473,2619.442526953829,4699.087429692328,5.2,83.13394366025945,17.04287407677578,319109094160.3431,9862.548066122346,29551.545759719724,32355644.0,74.2354806421432,38.11467227030696,8.598277535331395,58.6348805356871,26.08735352305585,0
MYS,2018,291.0216,2841.118006568932,4778.802154309231,5.3,83.43273691186216,16.708568144633986,358788845712.5297,10901.80199544212,30459.96553380609,32910967.0,74.5634625145296,38.29142535804985,7.512056930638213,58.48224014609649,26.08735352305585,0
MYS,2019,292.1334,2879.89449600209,4916.270032986255,5.7,83.93410820115164,16.180289634060877,365177721021.5161,10920.191763972032,31300.508655484915,33440596.0,74.8377707734042,37.47653368873347,7.241314015621507,58.32959975650586,26.08735352305585,0
MYS,2020,288.8584,2719.4337826470505,4738.244151782682,7.0,82.44722394505318,17.570069253827334,337456163961.2112,9957.526266976134,29200.452632127035,33889558.0,75.0511895575672,35.93472662018347,8.165970899195983,58.17695936691523,26.08735352305585,1
MYS,2021,293.3116,2781.7350382050045,4860.540827379087,7.5,80.91256104946744,16.99951107579992,373784553029.9776,10903.103748077188,29822.84918316183,34282399.0,75.5088628191907,37.68268618389309,9.56621458844467,58.02431897732461,26.08735352305585,1
MYS,2022,312.7472,3035.372576196338,5240.968906249581,7.5,81.56894360858098,16.99951107579992,407830525989.55347,11754.567833624773,32129.221782011253,34695493.0,75.9741357073003,38.974240550053025,8.961849227414174,57.871678587733975,26.08735352305585,0
MYS,2023,318.3725,3008.824199193009,5083.712493699165,7.5,81.56894360858098,16.99951107579992,399949418752.6573,11386.039563652774,32857.66766007743,35126298.0,76.4434752105739,37.56485733222144,7.76530932127302,57.71903819814336,26.08735352305585,0
MYS,2024,332.1668,3008.824199193009,5083.712493699165,7.499999999999997,81.56894360858098,16.999511075799912,422227005428.6881,11874.427368424476,34116.23178488853,35557673.0,76.9170296648992,36.97337325643347,8.128467822419484,57.71903819814336,26.08735352305585,0
NAM,2000,8.7446,576.3883101661676,1038.1343933154703,34.8,0.78125,92.771855010661,3922232164.831751,2156.675905127136,7858.3878952125315,1818647.0,32.1168956399877,23.472165658644876,10.73102477130409,9.788876337621009,47.15227926975914,0
NAM,2001,8.9491,664.0696058836983,1070.5162171360137,30.4,0.2061005770816158,93.32133479071894,3557341215.1515923,1915.589265948749,7786.541694967607,1857048.0,32.8575058425719,26.473669202193825,9.67546592032238,9.702625563288755,47.15227926975914,0
NAM,2002,8.4548,601.5726371985958,1104.250332015852,33.8,0.4192872117400419,93.87081457077687,3349169826.3889647,1772.0756553749345,8017.281341285588,1889970.0,33.6459301456028,27.09475894170947,10.039143180900703,9.616374788956504,47.15227926975914,0
NAM,2003,8.7157,618.6691978466349,1146.827267682731,33.3,0.1404494382022472,93.87081457077687,4926439383.514245,2569.2473931788263,8237.36597245597,1917464.0,34.5460063719633,24.04608419288499,10.215343232988626,9.530124014624253,47.15227926975914,0
NAM,2004,8.8604,658.9261138050916,1428.363992869508,34.8,0.8683068017366137,93.87081457077687,6609205994.7740555,3403.1549619295456,9130.824423376938,1942082.0,35.5356476670033,25.080609746203713,8.939778916910322,9.443873240292,47.15227926975914,0
NAM,2005,10.6402,701.6663422049321,1500.0645790513693,34.6,0.2403846153846154,95.51925391095068,7248374837.720556,3685.772999915872,9245.136532955505,1966582.0,36.5870014553064,24.783495424376618,10.36848874763351,9.357622465959746,47.15227926975914,0
NAM,2006,9.2953,691.7567542171297,1590.4508687235427,35.8,5.838509316770186,95.2157960199005,8001779551.063232,4017.1834716928024,9773.298331997976,1991888.0,37.6722151614564,30.12276343695207,9.646471038871184,9.271371691627497,47.15227926975914,0
NAM,2007,9.2812,695.7602503462945,1597.6419300505302,36.5,2.151898734177215,93.38466413181244,8839536475.999632,4379.043136827322,10162.240070874554,2018600.0,38.763436210037,31.81276891428621,8.44071366530831,9.185120917295242,47.137703603833394,0
NAM,2008,10.0419,756.4335477025251,1636.9850165310572,32.5,11.216730038022812,70.8138500635324,8607431497.49471,4204.785554227491,10286.512406760456,2047056.0,39.8328120256318,34.19056171077127,7.531686570654163,9.09887014296299,47.137703603833394,0
NAM,2009,10.1865,773.313825262112,1587.084587709409,33.4,5.410821643286573,66.10857908847186,8938847189.075916,4302.913741483761,10166.289945393855,2077394.0,40.8524900328246,28.75194507559322,8.14814459341021,9.012619368630736,47.137703603833394,0
NAM,2010,9.461,652.9228015206622,1594.4556171145189,31.2,4.417364813404418,97.77981651376146,11431412421.13161,5418.216333658139,10614.62015766705,2109811.0,41.7946176561991,27.42906841835804,8.455369440891808,8.926368594298486,47.138918242660544,0
NAM,2011,9.8545,657.2497802808708,1619.9783350610928,31.6,1.806810284920083,93.2399386151078,12523359440.549862,5834.791767579403,10965.272975953529,2146325.0,42.6276075621535,29.328891180464687,8.113627202953742,8.840119520460592,47.138918242660544,0
NAM,2012,11.1311,667.0673549400498,1662.2210152488728,31.9,2.1712907117008444,88.70006071645416,13042053591.685684,5942.646809786729,11266.60894864636,2194654.0,43.3804079185694,29.980754672401293,8.05447519990682,8.753870446622697,47.138918242660544,0
NAM,2013,10.2256,671.0883136334165,1679.9052433998015,30.7,4.357459379615953,90.7320834883888,12043307277.123508,5346.621311499674,11593.575376868916,2252508.0,44.1106769079132,26.54834350158955,7.821464900721637,8.667621372784803,47.138918242660544,0
NAM,2014,10.8743,690.152899703837,1627.9298087182474,30.2,1.0798429319371727,92.76410626032344,12435430969.630136,5378.323262412051,11982.696364834796,2312139.0,44.8214248210559,26.63010297204605,8.138935754390909,8.581372298946908,47.138918242660544,0
NAM,2015,11.1255,716.034708168673,1601.3140715158152,29.3,2.1573604060913705,94.79612903225808,11335161083.506102,4774.106508657753,12166.565839205805,2374300.0,45.5103554445325,27.563653622502756,6.650426795893338,8.495123225109014,47.14013288148769,0
NAM,2016,12.3518,758.531435436319,1614.8651224800783,29.2,4.192021636240703,90.06625673580868,10722018732.093588,4395.687761623764,11846.788083275676,2439213.0,46.1751725648784,27.513403274418817,6.720117635263881,8.408871721993465,47.14013288148769,0
NAM,2017,11.774,713.8071410424026,1639.90469325485,30.2,3.724604966139955,85.33638443935926,12895153370.91319,5143.960723230756,11408.725309996667,2506853.0,46.8135799686288,26.07701808706952,7.676156089362738,8.322620218877917,47.14134752031484,0
NAM,2018,11.5967,733.1740641247578,1658.3072307084044,30.9,1.4830508474576272,94.96693026599569,13682019076.402178,5308.608134087051,11214.386043059969,2577327.0,47.4232814423189,26.86990461984499,7.76829756756805,8.236368715762369,47.14134752031484,0
NAM,2019,11.7745,718.1703704149188,1556.313653228417,30.2,3.67965367965368,90.1486074094206,12541928303.47997,4731.921031883102,10813.304468194408,2650494.0,48.0019807724839,27.050581112476745,7.083976738474352,8.15011721264682,47.14134752031484,0
NAM,2020,11.1246,677.763554079,1411.262689820512,31.2,3.230616302186879,85.33028455284553,10583748541.525812,3878.589829939662,9652.248272194623,2728762.0,48.547381745659,25.818734948071377,9.158178088911988,8.063865709531271,47.14134752031484,1
NAM,2021,12.1345,680.382622029259,1238.5484965921237,30.0,2.7948193592365373,93.36834733893558,12402486183.639605,4412.835569305204,9709.099306467706,2810548.0,49.0571881483796,24.447596786144537,9.563003794826365,7.977614206415722,47.14256215914198,1
NAM,2022,12.2692,690.5189567518486,1218.827669118395,30.0,1.5026296018031555,93.36834733893558,12569449123.366074,4349.799084933142,9953.097524034907,2889662.0,49.5291037671807,27.111725577059996,8.758893664576483,7.891362703300174,47.14256215914198,0
NAM,2023,13.8899,696.9756048251373,1232.1575919773074,30.0,1.5026296018031555,93.36834733893558,12408271449.22442,4187.605003965253,10137.67261200254,2963095.0,49.9545837830821,30.187501042354793,7.6776576622187855,7.8051112001846255,47.14256215914198,0
NAM,2024,14.2121,696.9756048251373,1232.1575919773074,29.99999999999999,1.5026296018031555,93.36834733893555,13372354511.716024,4413.127522115718,10281.335640298836,3030131.0,50.4088030252155,28.86348217302464,7.291206385626933,7.8051112001846255,47.14256215914198,0
NER,2000,16.2064,127.8478804221074,32.23387719674742,87.6,100.0,0.3883495145631068,2241753192.8115754,194.77195989893465,1190.566745432232,11509630.0,16.1307678222656,18.098379158237083,36.57556007087446,1.048472408620826,29.209757637956898,0
NER,2001,16.9543,127.08837345142172,30.367479214844632,87.7,100.0,0.5555555555555556,2448714703.966169,205.4179361209311,1233.06511808278,11920647.0,16.2687225341797,17.209071947488418,40.18192773301261,1.0386674034893817,29.999210547090865,0
NER,2002,17.6999,127.2759721116646,30.042568132657617,87.7,100.0,0.5235602094240838,2782192878.6720395,225.2943911474382,1248.8231366060063,12349144.0,16.2687206268311,16.539329704400522,41.36693517349864,1.028862398357938,29.999210547090865,0
NER,2003,18.4991,128.26247858197212,29.4600665281757,87.0,100.0,0.5670103092783505,3394084732.495433,265.2253634524692,1231.278091508503,12796984.0,16.2687225341797,17.30875231490773,41.19552630014617,1.019057393226494,30.324465145654063,0
NER,2004,19.3162,129.29994058651036,33.16790588998688,87.0,100.0,0.6341463414634146,3760443737.5379744,283.4682817982956,1192.0823507557006,13265836.0,16.2687225341797,17.753467293654897,37.37172855612007,1.0092523880950504,30.371832320202103,0
NER,2005,20.0433,126.03129629551768,36.34726819747791,87.5,99.12663755458514,0.6986899563318777,4383315964.587175,318.64312191827327,1233.8755105220482,13756192.0,16.2687225341797,16.32748791505491,39.280520128594546,0.999447382963606,33.91884424094103,0
NER,2006,20.7547,124.90522438461682,34.551438576828346,87.4,99.08256880733946,0.8256880733944955,4756361252.379227,333.3450784194467,1260.1204667129823,14268581.0,16.2675724894628,16.626568631041373,39.74507857834191,0.9896423778321622,33.937791110760244,0
NER,2007,21.6121,125.87497453112924,38.77432599210598,86.2,99.10714285714286,0.8035714285714285,5731485051.790689,387.1680658833007,1252.7482725293846,14803610.0,16.2641887037781,19.67498641408357,37.09450643790905,0.9798373727007184,34.56382726770349,0
NER,2008,22.5071,127.06541405731252,38.92743840855779,86.1,98.68421052631578,0.8771929824561403,7297600226.005361,475.0449553981623,1300.554185001771,15361915.0,16.2586706998252,21.254562366156332,38.77500623400405,0.9700323675692744,34.56382726770349,0
NER,2009,23.5383,129.77698068256095,42.33653784337676,83.2,98.83268482490271,0.7782101167315175,7352131309.733413,461.1315339614871,1277.6923095763634,15943675.0,16.2511180003032,22.339756546264393,34.784810274813104,0.9602273624378306,34.56382726770349,0
NER,2010,23.3188,134.74599121352043,43.99101205613567,80.7,98.97610921501706,1.1604095563139931,7851192502.309172,474.4256923408307,1336.5641023744686,16548835.0,16.2416301279116,23.000341187600153,35.82138795667647,0.9504223573063866,34.72171784953028,0
NER,2011,24.1202,112.87980353277771,47.216269084527774,77.2,100.0,1.432748538011696,8772950777.791763,510.7595617626796,1318.1013099784416,17176283.0,16.2303066053496,22.77951052200392,33.64676428152108,0.9406173521749428,35.11644430409726,0
NER,2012,25.8905,128.36275252940823,49.22416161805986,72.7,100.0,1.6290726817042605,9426912647.591106,528.5101044696552,1403.1897106785675,17836769.0,16.2141284004355,26.537239733470187,33.68099382086321,0.9308123470434988,35.35328017683745,0
NER,2013,27.2426,154.81219945792952,48.21840811434274,78.7,99.09706546275396,1.8510158013544016,10224897437.864824,552.1033343631171,1423.261690347005,18519898.0,16.2162595696064,26.04650194759561,32.23501072954787,0.921007341912055,36.06378779505802,0
NER,2014,28.5387,151.69694784619975,51.25960994090886,78.1,98.71795087766586,2.2121896162528216,10862943543.541924,565.3098973117496,1462.8212299849097,19215909.0,16.2450424611665,23.60596023832989,33.429044234363936,0.911202336780611,36.06378779505802,0
NER,2015,29.588,148.78653246936508,55.36749220065621,78.9,98.33883629257775,2.1468926553672314,9683867926.442823,485.6625741752788,1471.6613532922368,19939498.0,16.3035606587493,22.53832868489154,32.41699527144478,0.9013973316491672,36.074050682876766,0
NER,2016,30.9389,147.45209605334793,65.2139663467895,80.2,98.33883629257775,1.8903318903318904,10398861981.758308,502.7064754064456,1500.0085868128788,20685753.0,16.3898280543236,21.24519507258832,35.26295821254753,0.8915923265177231,36.62666771927054,0
NER,2017,32.1503,143.83159965212576,56.16864701578871,82.0,98.33883629257775,2.6334519572953736,11185104251.69431,521.8041300234345,1520.0015371231984,21435446.0,16.5036987906896,21.072153692925603,35.81686820414395,0.8817873213862795,36.78455830109734,0
NER,2018,33.6528,146.10158492778618,55.61547514567401,82.0,97.20149253731344,8.598880597014926,12837307496.882084,578.5680356808915,1574.3383826266586,22188069.0,16.6449011799221,19.69767795238527,37.5776218588144,0.8719823162548354,36.78455830109734,0
NER,2019,35.5174,148.12495085486,61.61822264372069,80.7,96.11940298507464,6.87910447761194,12889555561.22991,561.6913043496979,1612.6373469325897,22947757.0,16.813146499685,20.586180492354163,36.99192039314094,0.8621773111233916,36.78455830109734,0
NER,2020,37.1947,147.81537416424538,61.22032600835506,81.9,96.2852897473997,6.848439821693908,13744653103.057987,579.5124957582361,1615.6927244894391,23717613.0,17.0081420003794,20.238784949146364,38.37557985835073,0.8523723059919476,36.786689823952,1
NER,2021,39.194,150.08935016996966,55.70941966701684,79.6,96.53739612188366,7.825127334465195,14915002436.069023,608.722439593808,1585.5992202118823,24502140.0,17.2295936666686,20.83428155090764,36.481025800414855,0.8425673008605037,36.78732138627931,1
NER,2022,41.3587,161.35325736842404,60.0111259600348,79.6,96.80306905370844,7.825127334465195,15433852712.296335,609.7451475748783,1717.5189145768409,25311973.0,17.477207007512,18.88851251716822,41.3505163572647,0.8327622957290597,36.78779505802479,0
NER,2023,40.0722,161.25923388007172,67.7373474414071,79.6,96.80306905370844,7.825127334465195,16698786977.589964,638.336080897887,1689.5642536706694,26159867.0,17.7506873295237,17.99941314407156,32.50582184690123,0.8229572905976158,36.78732138627931,0
NER,2024,41.1461,161.25923388007172,67.7373474414071,79.59999999999998,96.80306905370844,7.8251273344651935,19876128485.78567,735.2702557872258,1803.4369300531985,27032412.0,18.0497398450803,17.568201592269066,34.462089977435554,0.8229572905976158,36.78732138627931,0
NGA,2000,379.8679,274.07413206452156,95.55120822350602,86.0,62.716131169261345,42.75720437230871,69171451627.24646,547.3182989033786,4889.00321939426,126382494.0,43.2785051250243,33.82300329099902,21.357241297217573,27.33186205079219,71.9259527652426,0
NGA,2001,385.8877,283.0105466268058,97.43375296019612,84.5,62.63909964592818,39.24089529590288,73557840064.48904,566.4282318129331,5039.548697726762,129862595.0,44.1262421418539,28.276266265648875,24.475354660463186,27.152556627908258,71.99516936218804,0
NGA,2002,332.8274,283.7671368867973,130.99377727861688,84.5,62.32268692230255,29.30035691406607,95054059302.69946,712.1648520776855,5654.89706065018,133471989.0,44.9793025536893,23.0408371863292,36.96508266617966,26.97325120502432,72.14305181330083,0
NGA,2003,369.1864,296.8525714162462,119.66241700123506,82.9,63.707241009648186,37.840220251437486,104738954264.2257,763.3887453672226,5905.314828031654,137202644.0,45.8372080921761,26.002414902673227,33.82706055156873,26.793945782140387,72.29038341183833,0
NGA,2004,359.9911,286.38317756801155,139.60309462033604,84.0,67.05939709108637,32.905988461850974,135764731645.61142,962.48104194733,6275.298945295826,141057045.0,46.6994804889599,28.390040064543992,27.230453600649685,26.61464035925645,72.42305313086729,0
NGA,2005,351.6043,305.40621761086385,132.05325300155835,83.9,67.54814721978526,54.65509462338639,175670569969.3456,1211.3770350438622,6496.932282000908,145017253.0,47.5656414756863,28.20158344763437,26.089282825079565,26.435334936372524,72.67847392865377,0
NGA,2006,324.0109,287.97002226362525,126.6255539557744,85.8,73.4573656551958,44.93804034582132,238454997161.47983,1599.5389155636483,6702.945333587782,149077334.0,48.424271994461,25.751635595553623,24.734991260133892,26.25602951348859,72.49770414045258,0
NGA,2007,298.6714,281.73504434563097,131.28048265963335,87.1,73.69354906848042,32.90410206581893,278260846800.103,1815.5269754582685,6949.42650737506,153267261.0,49.2357987173198,24.34471783760698,24.662577214228335,26.076724090604653,72.85594244430537,0
NGA,2008,303.8215,287.53272667129556,121.8058840364074,85.7,74.66678474959039,33.01478988619758,339476276257.7929,2154.1054354536427,7215.769462224221,157595014.0,50.0505212312351,24.71424889814932,25.27975078026546,25.89741866772072,72.92729218134106,0
NGA,2009,287.3889,260.77783849963794,111.46596572513192,88.1,78.68705882352941,35.06823529411764,295008835380.9966,1820.4863385478188,7581.405721170091,162049464.0,50.86453484762,21.236761481448024,26.74885450665188,25.718113244836783,73.31032181560657,0
NGA,2010,309.5195,335.07460829501713,140.75608364103823,86.0,76.90161261098025,26.12013045841638,366990417129.0396,2202.25672957344,7962.639573107595,166642886.0,51.6778188255446,25.31745223781257,23.8937040912791,25.53880782195285,73.44219671267169,0
NGA,2011,330.1952,376.5520729437719,142.86414652460556,84.1,79.57433511561696,18.20712401055409,414466676831.15967,2418.4131697587463,8153.531786803667,171379598.0,52.490352424079,28.277799887050243,22.234710993195613,25.359502399068916,73.49146864740823,0
NGA,2012,331.6927,357.33808462558403,149.863259565623,83.9,81.77691936262676,17.139224207307258,463971018239.2805,2633.197346713614,8265.9055121162,176200625.0,53.302114902293,27.073017502959303,21.85995861652768,25.180196976184988,73.755240730371,0
NGA,2013,335.4048,351.7187818056463,159.895548532563,81.4,84.35270282174002,18.04034412896027,520117180313.906,2872.790833793982,8581.207822956,181049443.0,54.1130855192568,25.74232123643162,20.758622832243866,25.000891553301052,73.5484116736388,0
NGA,2014,346.6176,349.2378115906829,187.86756090062065,79.9,86.97578191554095,15.019398335199336,574183763411.5076,3088.7213131616927,8884.774286616568,185896915.0,54.9232435340404,24.643608590606856,19.99025476808047,24.82158613041712,73.69461203157768,0
NGA,2015,342.3975,320.31854238002313,200.6850742824277,81.3,85.70032211485061,14.350734167092432,493026682800.6295,2585.733606717974,8892.05798706748,190671878.0,55.7325682057138,20.160782897491984,20.631893480001228,24.64228070753319,73.92462421906738,0
NGA,2016,336.7501,331.48614054298196,219.24472367234145,81.1,84.39380336574277,15.655989150573989,404649125252.15955,2070.412733959496,8534.69281513898,195443700.0,56.541038793347,18.173131726890023,20.983109708317315,24.46297956674023,74.15304676262943,0
NGA,2017,334.5341,316.73032652265147,138.19409342944414,81.6,77.79649884341892,22.28401724777978,375745731053.4268,1876.3402711177296,8396.784522743308,200254579.0,57.3486345560101,22.31511719468588,20.84657143005422,24.283683037429867,74.33717327096852,0
NGA,2018,346.5287,300.4574696717402,139.47093608527095,80.8,78.9199509068594,21.181654381654383,421739251509.0796,2057.8794455401057,8362.623308913395,204938755.0,58.1553347527729,25.733306583292855,21.203773720120985,24.104384202378206,74.73677229157745,0
NGA,2019,360.0857,331.04474710561,138.2147237480587,80.1,76.76167865180875,23.39145369607035,668219992691.4622,3189.8128649851574,8361.786648571975,209485641.0,58.9611186427056,21.004040940860477,25.73493057266009,23.92508536732655,74.90479528311211,0
NGA,2020,333.6847,324.45517224141025,145.16146902640287,81.8,79.59119413996628,20.193785710674018,598586817819.0734,2797.184580686855,7664.210995911928,213996181.0,59.7659654848781,18.36499630956521,28.34542043805931,23.745786532274888,75.41911196020948,1
NGA,2021,342.7471,334.476501487262,151.1467895428899,80.3,79.49429016682421,22.23030491005392,609147716972.8588,2787.4877922442797,7588.47885596359,218529286.0,60.5698545383604,18.253929213877797,29.38827804316607,23.56648769722323,75.66595979226369,1
NGA,2022,334.7699,333.69800619642285,139.2152151609555,80.3,75.46089938019253,22.23030491005392,646950257577.814,2899.160474703243,7752.262065320088,223150896.0,61.3727650622225,19.169055886079235,28.55155221997307,23.387188862171566,75.9658687703811,0
NGA,2023,337.7767,319.9004292117837,144.13540249797984,80.3,75.46089938019253,22.23030491005392,487387801880.59674,2138.7638371998255,7843.83461990405,227882945.0,62.1746763155343,19.130238246539054,27.71829127913101,23.20789002711991,76.1972932793131,0
NGA,2024,350.5554,319.9004292117837,144.13540249797984,80.29999999999997,75.46089938019253,22.230304910053917,252261880141.1505,1084.1604180543611,7994.215638614593,232679478.0,62.9755675573659,18.19674863618184,25.873334360540113,23.20789002711991,76.1972932793131,0
NIC,2000,11.7961,500.3766307599102,348.0246317021371,58.4,78.60484900042535,17.643555933645256,5109587049.974488,1017.312443488204,4878.247769816669,5022633.0,55.2160707858522,20.15532813688555,17.765505144046223,44.867209572876845,42.72062489612764,0
NIC,2001,12.0446,498.4859027047452,347.49622874214424,56.7,80.1984126984127,17.884920634920633,5351752034.222104,1051.8742358909956,4958.327711268367,5087825.0,55.3522521763064,21.49934040648965,16.813329468075615,43.86075286687718,43.00315771979392,0
NIC,2002,12.3197,492.629525956214,357.09368845158235,54.7,75.41984732824427,24.609541984732825,5223727302.549062,1014.3339042590968,4935.485390051277,5149909.0,55.4894961947237,21.462279778213013,16.430111985103427,42.85429616087752,43.202592654146585,0
NIC,2003,13.0555,505.0038389953008,373.0596436781455,51.5,72.94372294372295,27.073953823953826,5322228350.580679,1021.3521666879384,5000.6117655634,5210963.0,55.6308042935869,20.59476094491689,15.6259025646946,41.84783945487785,43.352168854911085,0
NIC,2004,13.0001,526.4798600681692,399.39980033802954,51.2,72.27926078028747,27.724503764544835,5792932838.40051,1098.6211866233516,5204.382028017567,5272912.0,55.7791779253789,21.396991205962017,15.96882227091687,40.841382748878175,43.41864716636197,0
NIC,2005,13.0271,527.9588795663564,419.8719418656129,52.8,65.38839724680433,34.61127499180596,6321324279.148263,1183.3021401017506,5356.958509705382,5342105.0,55.9375480421093,20.96656318752195,16.13789806538797,39.83492604287851,43.626391889646,0
NIC,2006,13.6327,538.9140555145782,432.1946241410778,53.3,69.94256541161455,30.051691129546903,6763672380.611541,1248.1737157778794,5500.40577576797,5418855.0,56.1058547675536,20.876104275526508,15.899662546678725,38.82846933687885,43.277380754528835,0
NIC,2007,13.9005,540.2927209752144,441.494036192324,52.6,71.00997506234414,29.004675810473817,7423375014.757294,1350.3814575337665,5697.2110954959135,5497243.0,56.2816618351146,20.72705849010631,16.46133831070545,37.82201263087918,43.00315771979392,0
NIC,2008,13.7561,533.812640193905,454.93727083902303,53.8,64.47485867301398,35.537637607854805,8496967596.770084,1523.6843708640893,5809.099644646169,5576593.0,56.4638124507513,21.964233217863104,16.2627898839898,36.815555924879504,42.64583679574539,0
NIC,2009,13.8209,523.4079352609156,463.8828158464774,54.6,69.09933391253982,30.924123950188243,8298702489.080105,1467.0828805284489,5538.365893170704,5656601.0,56.651098305894,21.075659180010906,16.06765100411132,35.80909921887984,42.28851587169686,0
NIC,2010,14.2022,529.0082032930344,468.3265213640206,54.4,62.995353921836575,36.985515168078706,8758602232.983582,1526.567069514084,5701.127901805637,5737450.0,56.842311091973,21.96871345017875,16.982636800704817,34.80264251288017,41.964434103373776,0
NIC,2011,15.1715,531.3628156843151,489.2550348845542,53.3,65.98692810457516,33.985882352941175,9774329332.712755,1679.7119208463296,5976.252844958414,5819051.0,57.0362425004184,23.157101457419472,18.884788385777103,34.33626391889646,42.138108692039225,0
NIC,2012,15.632,566.8195985891128,524.800776508582,53.3,57.181840734309105,42.723145621433886,10532017231.82528,1784.6983601755485,6275.787690777401,5901287.0,57.2316842226606,24.54769464846976,17.61158347336737,33.869885324912744,42.155559248795086,0
NIC,2013,15.7511,576.4741336118616,538.7840092783152,54.3,47.65906362545018,52.33589435774309,10982988249.210323,1835.439963637147,6494.149611031989,5983845.0,57.4274279501299,25.38761464571554,16.490911211185118,33.40350673092903,42.155559248795086,0
NIC,2014,16.4768,586.817955989046,555.5104993132769,53.0,46.10886189833558,54.534188034188034,11880438824.44942,1958.370475795471,6712.217498163161,6066492.0,57.6222653742564,25.098449019145058,16.70901738344716,32.93712813694532,42.155559248795086,0
NIC,2015,17.6959,611.8763318719449,570.7858159562118,50.0,49.90176817288802,50.1023793931456,12756696261.067633,2074.4562063473063,6939.032862077311,6149417.0,57.8149881864705,25.734697913628203,16.109929235315114,32.47074954296161,42.155559248795086,0
NIC,2016,17.9356,626.8230074491975,597.978457372816,49.5,47.81093443694184,52.7704203877151,13286093388.475204,2131.6870482832232,7158.75799760378,6232666.0,58.0043880782023,25.79487536098057,14.9153392298097,31.6397706498255,42.155559248795086,0
NIC,2017,17.9711,632.3739472640693,610.3323326838427,48.9,44.0,56.05171270718232,13785893007.47687,2182.61380995674,7391.196839462941,6316231.0,58.1892567408822,24.817335480400754,14.99640860194735,30.80879175668938,42.222037560245965,0
NIC,2018,17.4443,616.5169961744165,605.9299258759265,51.3,41.16888697894285,58.95143962183068,13025221974.231974,2035.165493905072,7049.027534423519,6400080.0,58.3683858659405,24.995678464406424,15.322211323712564,29.977812863553265,42.246966927040056,0
NIC,2019,17.9072,616.1511292781064,604.597066131043,50.5,43.11324879755138,57.14888500218627,12699023614.244965,1958.6205152809537,6756.593758290814,6483657.0,58.5405671448072,24.280920117808424,15.529784067707071,29.146833970417152,42.246966927040056,0
NIC,2020,17.8227,584.3209984731146,581.0883243590855,52.2,30.071221313637565,70.21867581113163,12726422432.486843,1938.4470475438152,6523.369850227798,6565267.0,58.7045922689128,25.79032112189174,15.90677998040234,28.31585507728104,42.305135449559586,1
NIC,2021,18.441,602.7310739785914,618.2332765114547,50.4,30.809399477806785,69.50937574175173,14209020361.850782,2138.385884694495,7119.169233600418,6644741.0,58.8592529296875,27.28596204038109,15.72991239726267,27.484876184144923,42.305135449559586,1
NIC,2022,18.7064,603.8381502901798,656.5483829654593,50.4,35.50011444266423,69.50937574175173,15634572502.229374,2322.8905396458313,7277.822648045615,6730654.0,58.9954376220703,25.94361059603292,16.80303121839451,26.65389729100881,42.305135449559586,0
NIC,2023,18.961,632.8130098437455,640.569739227591,50.4,35.50011444266423,69.50937574175173,17805842283.872475,2609.444920729308,7496.5292687685005,6823613.0,59.1250953674316,27.20134064382304,15.32857462824078,25.822918397872694,42.305135449559586,0
NIC,2024,19.1586,632.8130098437455,640.569739227591,50.399999999999984,35.50011444266423,69.5093757417517,19693982967.592556,2847.53966339498,7661.602027228183,6916140.0,59.2628402709961,27.556794980114447,14.411507510727963,25.822918397872694,42.305135449559586,0
NLD,2000,225.8801,4695.370096415206,6507.105924939436,1.7,90.67956399013735,3.314712543651192,417649282153.7264,26225.16977341492,56016.87272184158,15925513.0,78.4826828427081,21.099712289718283,2.3107492188035588,10.648696682464456,58.04502369668246,0
NLD,2001,224.8566,4783.238064052205,6599.2653703249,1.8,90.68468872446964,3.525618440579525,432536219668.8982,26955.71280322782,56887.433273111055,16046180.0,80.1840578652121,21.28665820462541,2.235469757175307,10.690106635071093,56.95201421800948,0
NLD,2002,223.5263,4804.577382176725,6641.740761879627,1.9,90.2584886592138,4.141850991342037,475529972122.746,29446.53308728684,56664.4134372303,16148929.0,80.8085275226169,20.51119405210966,2.0874883923475993,10.731516587677724,57.46741706161137,0
NLD,2003,226.0766,4959.465815212037,6695.715124439595,1.9,90.12270445578302,4.092069656468839,582435617081.9596,35896.75046307055,56452.86748056437,16225302.0,81.3011308878582,20.032977213095332,2.06777613560665,10.77292654028436,56.685426540284354,0
NLD,2004,228.4654,4985.6801772545805,6882.970220883111,2.2,89.46687217183393,5.243088900744956,661224886143.245,40611.34143530906,57391.36452024683,16281779.0,82.250953139759,19.955114349299155,1.874624933922528,10.814336492890996,57.742890995260666,0
NLD,2005,222.2997,4893.732961136481,6912.372085362455,2.7,86.85761751783909,7.452837741816035,688133699635.7974,42165.39616838797,58422.01351974442,16319868.0,83.5048949725161,20.279793607920137,1.8711965895408245,10.855746445497632,57.39632701421801,0
NLD,2006,218.483,4840.784340365001,7025.834478815468,3.1,86.75745955298332,8.145002175386763,737593995289.4108,45123.54324064257,60391.54426512103,16346101.0,84.6532280358545,20.472249269717626,1.9598463853575832,10.897156398104263,56.86018957345972,0
NLD,2007,218.6048,4812.364651068205,7157.378576674845,3.7,87.19155612608758,7.210336138449104,853499460872.5518,52100.79962859473,62601.620571818305,16381696.0,85.4089231499726,20.43129541166553,1.8318012123158445,10.9385663507109,56.70616113744076,0
NLD,2008,214.1106,4755.094202932816,7173.04629878655,3.9,85.7613061588813,8.861546042844392,957901566041.406,58246.702690587445,63678.40328349959,16445593.0,85.6149582464487,20.783695353439818,1.6523900696914933,10.979976303317535,57.14751184834124,0
NLD,2009,208.2436,4665.8642774486725,6856.281897315417,4.4,85.28907301369502,9.530235462789491,878954223140.2338,53172.02615814183,61029.72988557143,16530388.0,86.2223179632671,19.583193821379208,1.5659191999657238,11.031188852653424,56.84553809664986,0
NLD,2010,219.8685,4978.869388498522,7006.273820530528,3.9,85.84388362538778,9.387675023056929,852464982433.335,51305.73385339734,61518.55400887166,16615394.0,87.3502790247129,18.95331730485115,1.7878081931877916,11.072635635932404,55.50844945152683,0
NLD,2011,206.761,4611.9145381979615,7060.053768407185,4.7,83.90354764265595,10.81067539464563,913140741332.6866,54701.77280306112,62318.14162262312,16693074.0,88.0059204972573,19.320958578564753,1.5984439332757123,11.02461447212337,55.11269276393832,0
NLD,2012,203.8854,4599.205918667013,6872.769988974012,4.9,82.27618807757135,12.089863804560514,845689017065.6252,50473.94420026887,61480.81260149614,16754962.0,88.5342462391333,19.322670426232698,1.6969700652657422,10.973309608540925,54.61743772241993,0
NLD,2013,201.6783,4488.60406405713,6827.603575056866,5.0,83.45173669192167,11.911679622158813,883951539006.6692,52602.28605207657,61281.28880775199,16804432.0,89.1749992370605,18.68707432910586,1.84474290341919,10.931730483823094,54.84119916889285,0
NLD,2014,193.5741,4215.352620657091,6709.217096131825,5.6,83.05888271831886,11.269287331411212,901556501756.4674,53457.22348643223,62045.85638020852,16865008.0,89.8364787097165,17.68187826302225,1.800989350556344,10.880379934698723,54.58889878302167,0
NLD,2015,201.5296,4298.592870501442,6711.77785164667,5.8,81.08299383920226,12.423071688457805,775743675302.734,45793.81354346971,63081.39413506772,16939923.0,90.2787737214621,17.41481031215361,1.8059856259162583,10.835461835461835,54.826254826254825,0
NLD,2016,202.6787,4352.446531387325,6731.467194321843,5.6,81.04430434707098,12.833133607738931,797163949289.8853,46808.52914925029,64267.73635793503,17030314.0,90.5803239452777,16.9640712326865,1.8639913909813584,10.863082863082862,53.9055539055539,0
NLD,2017,198.731,4365.203853352666,6727.9790157148645,6.4,79.39351523893247,14.880384408579207,848233537845.8838,49513.6817346384,65666.00365932375,17131296.0,91.1219700676602,17.121011745183196,1.9678742137359644,10.89100089100089,54.024354024354025,0
NLD,2018,191.8839,4251.167167264531,6790.770272146143,7.4,78.10786945156016,16.52806896370837,929733599796.862,53955.07700242659,66758.2640145753,17231624.0,92.6062472401044,17.324104853081458,1.759872369559225,10.91862191862192,54.14315414315415,0
NLD,2019,186.7,4129.40909477343,6757.327842220128,8.6,75.9340405904059,18.77625032946758,928903005576.4692,53554.900749147506,67847.85429267955,17344874.0,93.8898028856479,17.112755749505585,1.758806990396099,10.946539946539946,53.95901395901396,0
NLD,2020,170.3436,3975.378135649973,6643.579967319324,10.7,68.12002141501323,26.55756907152939,932560861701.17,53467.92774137373,64862.192249636595,17441500.0,94.2532277765935,17.379477085918165,1.7373720548267344,10.974160974160974,53.889218889218895,1
NLD,2021,173.5896,4057.7912920573112,6708.817932584895,12.2,61.71482360645003,33.12719980355243,1054472123449.5956,60141.98809114923,68573.56487864463,17533044.0,94.6294783220315,17.706129773989122,1.6546464023330154,11.001980991980991,53.816453816453816,1
NLD,2022,160.2836,3570.1203199439897,6352.189951947299,12.2,54.89339650577436,33.12719980355243,1046540797548.6422,59123.31855648699,71324.03603492769,17700982.0,94.9856177734136,18.65639653055885,1.641947233905536,11.02966735966736,53.57885357885358,0
NLD,2023,149.4884,3418.136701322607,6206.425790019722,12.2,47.958460397263664,33.12719980355243,1135475867551.0005,63515.60307800192,70198.92979090223,17877117.0,95.3221682092129,18.163984942859617,1.751492430006485,11.057442827442824,53.54915354915355,0
NLD,2024,145.0067,3415.7613309642575,6386.367065635145,12.199999999999998,47.958460397263664,33.127199803552415,1214927698572.656,67520.42189562811,70498.88403960709,17993485.0,95.6396517079336,17.52349083574545,1.7296845586342129,11.057442827442824,53.54915354915355,0
NOR,2000,57.6691,5826.122323237222,24993.72629547267,60.2,0.2042215103999105,99.71978290973688,171457201935.96765,38178.23687770755,77587.20731825578,4490967.0,76.1338922449534,36.79982930585264,1.7841381668402765,33.16413137519028,2.852887384871483,0
NOR,2001,58.5786,5954.8191174380245,25590.689428814305,59.6,0.281401263434244,99.52690130445484,174239354070.97656,38601.897639231,78791.30457071286,4513751.0,76.3958619273785,35.56961475909997,1.5447677550634835,33.16111968985117,2.866576863685646,0
NOR,2002,57.5704,5502.089299088705,24620.33613189842,59.5,0.2700738303813932,99.58864618798056,195914852576.46735,43170.55717449903,79447.09148244259,4538159.0,76.7955442460288,33.61632073752753,1.473840340889112,33.15810800451205,2.8638389679228133,0
NOR,2003,61.3425,5934.59079848361,23201.394129714965,56.2,0.4288124691208412,99.40826675864383,229385469337.0244,50250.3298214345,79728.7849973309,4564855.0,77.2600021362305,33.81378552363009,1.2565151669083396,33.15509631917294,2.847411593345818,0
NOR,2004,62.046,6231.940309887476,24214.10698380413,56.9,0.4592422502870264,99.35925761863004,265268662473.29697,57768.69809584616,82440.95588011127,4591910.0,77.5684593888498,35.42608646049516,1.3355904487554826,33.15208463383382,2.847411593345818,0
NOR,2005,59.4932,6319.925458959927,25083.21453267813,58.6,0.3840329253889239,99.47918614003434,309978579743.88824,67047.17045582643,84079.99624188905,4623291.0,77.8260148882032,38.380410578271714,1.3595141201690304,33.149072948494705,2.836460010294488,0
NOR,2006,60.3587,6319.154527888288,24099.932263059636,57.0,0.523926239081443,99.32401177805926,346915160681.7084,74434.49968356708,85458.5466934023,4660677.0,78.0877227783203,40.05629989334213,1.3655623179950658,33.14606126315559,2.8337221145316556,0
NOR,2007,61.6699,5864.300444059494,24855.00046399002,57.4,0.6822555251035046,99.14653915680216,402643260487.5719,85502.26770877308,87043.49793575927,4709153.0,78.4072502632828,37.619260274878044,1.2002928597637292,33.14304957781648,2.825508427243158,0
NOR,2008,63.3488,6412.351510114316,24866.13430778665,58.5,0.4263582253366541,99.41209703519212,464917553191.4894,97503.54078037836,86379.66248322911,4768212.0,78.7541006020666,40.81159055502482,1.0825529577996555,33.14003789247736,2.8057955777507635,0
NOR,2009,60.2846,6200.502445518818,23859.70957971109,56.7,3.3102380609077735,96.59698117216728,387976400617.0189,80347.57006651835,83642.06957477727,4828726.0,79.0570820210427,34.869074710457625,1.2360885219238993,33.13702620713824,2.7769381564105093,0
NOR,2010,63.3878,6455.316684537798,24876.197831488334,56.0,4.069367715217057,95.75931602915126,431052143940.4382,88163.2085931423,83256.78807225573,4889252.0,79.245002746582,35.30948421153234,1.5247849522002983,33.13401452179912,2.7540493478332295,0
NOR,2011,61.847,5501.955935625795,23655.142004341535,56.0,3.3134962638879086,96.58501321164506,501360549669.4038,101221.81347664402,83092.43422164414,4953088.0,79.311620451463,37.62458054990002,1.3048372396597925,33.155370108749224,2.735157867069685,0
NOR,2012,61.3578,5805.467588675506,24048.668814820467,56.9,1.9199122325836533,97.98866337538855,512777309840.997,102175.91929837366,84237.14956638162,5018573.0,79.4905925441617,37.47657623893678,1.0772751134564855,33.17672569569931,2.718182913340123,0
NOR,2013,62.1666,6047.180575233812,23821.84662129453,56.6,1.9675994987767769,97.69816964019331,526014468085.1064,103553.84013441677,84070.4583940478,5079623.0,79.9723980455359,36.27393146697688,1.2530356741259443,33.20908660468791,2.703590045391832,0
NOR,2014,61.9543,5525.57603893844,23121.400785481364,55.8,1.9630907938296824,97.67329013171798,501736471832.84814,97666.69518387492,84830.25580169613,5137232.0,80.6117159535579,34.673835211602594,1.3834313373243392,33.23181086144374,2.702652365875303,0
NOR,2015,62.8932,4930.481375939226,23596.31400104113,56.5,1.9184204336335835,97.70692374745757,388159512245.53046,74809.96580498976,85550.29426144945,5188607.0,81.2378240971353,31.5986317732861,1.4818302955450209,33.24564398819575,2.700041375642918,0
NOR,2016,62.2138,5368.576471704735,23867.71353776727,57.7,1.8625622307805851,97.81797077333906,370956547619.0476,70867.36099707492,85787.61744104241,5234519.0,81.6800003051758,28.53061663299674,2.033898849018063,33.271099733248974,2.69388608214041,0
NOR,2017,61.9913,5673.509315241801,24007.53614575643,58.9,1.8296762108643296,97.8492507358844,401745275035.26074,76131.83840327642,87194.11154213737,5276968.0,81.9699745912375,30.493367193252812,1.9187789243968665,33.29453362291611,2.6980277878961334,0
NOR,2018,61.1188,5539.190119086541,24357.312879194626,58.9,1.8987470852566672,97.79684153993622,439788625883.7995,82792.84271133045,87338.47080089853,5311916.0,82.2452112401723,32.64461227076921,1.811199019398694,33.317265028429944,2.7013376863832073,0
NOR,2019,59.5497,5220.688661401475,23926.044934306876,59.8,1.897617600403244,97.78224838035374,408742840909.0909,76430.58894733385,87725.72832546134,5347896.0,82.4935894878281,29.824458977179752,1.7824610216970718,33.339906982859205,2.695892016850455,0
NOR,2020,57.8321,5145.722219276175,23863.295210034437,60.9,1.291923064531718,98.43045845549148,367633418886.62726,68340.01810337017,86096.05089475059,5379475.0,82.7029885700532,26.8831673443447,1.8439294251894007,33.43535967717584,2.706567659936588,1
NOR,2021,58.7091,5298.876628085838,24650.168629075204,61.4,0.5680019250009498,99.10382973873178,503367986030.26776,93072.89251195708,88984.1386736515,5408320.0,82.8612877226956,37.90192304178767,1.5988691771445938,33.45814917506245,2.704038213413128,1
NOR,2022,57.6515,4651.486707586574,23373.47105903894,61.4,1.014789068356846,99.10382973873178,596297651035.7977,109269.5205802976,91051.0831968407,5457127.0,82.9563661816034,49.12889712981464,1.6344244322904358,33.479561863452936,2.704038213413128,0
NOR,2023,55.467,4884.617524458598,23520.178360718462,61.4,1.0910616869492236,99.10382973873178,482949731776.5872,87497.21796495565,90085.43820597856,5519601.0,83.0718560702166,39.06611684781064,2.0801484408981645,33.50097455184341,2.695802564032174,0
NOR,2024,53.7596,4775.002803271426,23673.07882466043,61.399999999999984,1.0910616869492236,99.10382973873176,483592648313.3012,86785.43344891761,91105.24679962298,5572279.0,83.3293737928469,36.95417739963353,2.075951111167558,33.50097455184341,2.695802564032174,0
NPL,2000,28.8971,330.35285250627413,57.36049879842384,88.3,4.4569017480409885,99.3212778782399,5494252207.905025,223.8302891830779,2340.815631412976,24546509.0,31.0994241803849,20.73557003119993,38.24389704022261,40.32619462853157,29.64143704220439,0
NPL,2001,29.492,335.7519608047574,62.93405457096051,87.8,2.1467595072308514,97.91162292447775,6007055042.17687,240.7951145446641,2413.8142127556043,24946748.0,32.808952331543,16.660908297755544,35.24767001316196,40.45264736658528,29.71049877921172,0
NPL,2002,29.0831,334.35715984187874,65.93237998796714,90.0,0.6925612052730696,98.44161958568738,6050875806.664032,238.89140296106,2380.244245875713,25328981.0,35.0358944291182,16.94682474213341,36.15029503115729,40.579100104639,29.584931984652947,0
NPL,2003,30.1075,338.9999852529379,68.90173514811421,89.4,0.4920634920634921,99.45855379188713,6330473096.540709,246.42970658763295,2439.4947960155573,25688758.0,38.045308394296,16.971300060337523,35.10587508710341,40.70555284269271,29.487268922218345,0
NPL,2004,29.7133,339.54811730936484,72.72264352497876,90.3,1.066583953680728,99.39578163771712,7273938314.719876,279.58775004442833,2521.5410517142755,26016656.0,41.6109470808194,16.657320274467207,34.6763571054627,40.832005580746426,29.42448552493896,0
NPL,2005,30.4059,347.1407481522804,75.41014337885638,89.5,1.219502566127122,99.63329838799976,8130258377.90964,309.0241683393721,2580.231063083642,26309458.0,45.5065633424317,16.467089234694914,33.824896676687956,40.95845831880014,29.312870596442274,0
NPL,2006,29.8357,343.80671676349806,82.249766378667,91.2,1.0083697234352256,99.87081513828238,9043715355.888098,340.4317964379677,2641.347994947486,26565425.0,49.5059100328759,16.06796680548676,32.36648503861889,41.084911056853855,29.194279734914545,0
NPL,2007,30.8577,347.54346311694707,86.3057166487759,91.3,0.7249283667621776,97.36673925216685,10325618017.37897,385.44976766064207,2708.714392258897,26788492.0,53.3827400058951,15.873140183038,31.16441132302044,41.21136379490757,29.06173700732473,0
NPL,2008,31.727,356.96306586062775,82.47487767430626,90.5,0.6443812233285917,94.86266336605134,12545438605.395878,464.8173918915294,2852.60983167965,26990037.0,56.9108061152324,16.049986636556007,30.305716366418277,41.33781653296128,28.964073944890128,0
NPL,2009,33.043,365.0031382061143,95.90389884677954,88.9,0.7717495987158909,92.3585874799358,12854985464.076431,473.0787511986214,2961.8390036591213,27173035.0,59.8638612146309,15.06680347110917,31.32265206339955,41.464269271015,28.880362748517612,0
NPL,2010,34.4559,373.44567551704426,101.3095187936838,87.3,0.3494389027431421,96.3675187032419,16002656434.474615,585.2784919845743,3085.3140700450167,27341952.0,62.0156581578338,14.200762256722566,33.17937849081217,41.59072200906871,28.782699686083017,0
NPL,2011,35.8459,384.837268379341,114.03814685244156,87.0,0.1282932416953035,99.98596792668958,21573872420.70081,785.518656222132,3176.650406024168,27464494.0,63.139949798584,13.393470598845983,30.805485475681444,41.59072200906871,28.78688524590164,0
NPL,2012,36.4575,368.8976936375253,118.50408835473073,84.7,0.8223536036036035,99.59944035921785,21703100877.13089,788.2029371483766,3316.500734520208,27534915.0,63.6558406194333,13.977161808425098,30.076056957942836,41.59072200906871,28.515139867457272,0
NPL,2013,37.7902,413.9323783393915,133.30918931630146,86.0,0.6895081034972989,99.21291279174613,22162204924.572582,803.2695954204771,3426.5579593795983,27589996.0,64.1314570156048,13.798337562760056,28.622657526471944,41.59072200906871,28.295724450645277,0
NPL,2014,38.5631,430.9595151036828,142.12732772798282,84.0,0.1701846965699208,98.8263852242744,22731612922.190636,821.455224911731,3621.7316893711222,27672370.0,64.5640847098488,13.564565230158568,27.461895362062226,41.59072200906871,28.16753889082665,0
NPL,2015,38.4166,426.24311395728427,140.85150430952052,85.2,0.0191138140747176,96.93620867543137,24360801286.76381,875.5436354748624,3745.261822494766,27823629.0,64.9510094249155,13.161654629678871,26.518508431337285,41.59072200906871,27.964051621904428,0
NPL,2016,43.0316,458.1690035370047,175.63651782968208,79.4,0.0043155118676576,95.04603212658836,24524109483.529343,877.2564546967368,3743.744578357797,27955462.0,65.2895168835553,12.655417770181106,25.51787537100172,41.59072200906871,27.73121799790722,0
NPL,2017,45.4247,484.0466676138072,203.59671100812395,76.8,0.0046002190580503,94.47321213461235,28971588940.363995,1034.2837490684635,4071.704317557979,28011258.0,65.5768928085184,12.862585889992664,23.69954845767693,41.59072200906871,27.540078828043253,0
NPL,2018,47.8382,504.50800294726554,229.9883022208686,75.0,0.0024855012427506,93.90039214263636,33111525237.14897,1179.1984319038922,4371.3857177189675,28079689.0,65.8104229225551,13.200639634301384,22.334672050342014,41.59072200906871,26.973324729682595,0
NPL,2019,46.6231,482.628345358362,231.18832983553497,78.2,0.0014674710582096,93.32757215066036,34186180699.02548,1203.142947064013,4607.524547171124,28414064.0,65.9873929484157,13.010675414289352,21.58337275956687,41.59072200906871,26.774885245901636,0
NPL,2020,49.8172,524.4553198470693,257.26204279456726,73.1,0.0009696186166774402,88.65208108258106,33433659301.24655,1154.215175783182,4412.5420439395,28966574.0,66.1050886088505,12.047319925354977,22.180090191801508,41.59072200906871,26.501100802232298,1
NPL,2021,50.7581,534.0316923276057,305.71660535484125,73.7,0.0004136076931030917,83.97659001450177,36924841394.26049,1252.750767319858,4546.229700062892,29475010.0,66.144235274522,11.792042551679808,22.02145227880585,41.59072200906871,26.31990512731078,1
NPL,2022,48.0377,429.2226461707006,321.3817895857224,73.7,0.0,83.97659001450177,41182939600.62086,1385.9106627485075,4763.387510739456,29715436.0,66.2992968721053,12.181228473134247,20.91436998151288,41.59072200906871,26.12138123474015,0
NPL,2023,42.116,442.6488522852293,350.9727386926127,73.7,0.0,83.97659001450177,41047772331.09943,1382.3305576930356,4861.230303876388,29694614.0,66.5432933453944,11.971704253985108,21.298713111940888,41.59072200906871,26.11859086152773,0
NPL,2024,41.4682,442.6488522852293,350.9727386926127,73.69999999999999,0.0,83.97659001450174,42914268286.71092,1447.310044584281,5046.815929729462,29651054.0,66.772343163029,11.424502017219142,21.872011955544135,41.59072200906871,26.11859086152773,0
NZL,2000,81.684,4467.211386133732,9421.157684630738,26.4,27.907685276868,71.92220783507248,52623281956.70312,13641.102718382228,35879.79113107663,3857700.0,85.7059660456056,23.58998322749689,7.752901809928321,37.41004899168281,46.863819832137025,0
NZL,2001,84.1324,4399.146878525783,9451.3593609071,24.6,36.08109809847626,63.91890190152374,53872425916.62481,13882.856826858602,36885.64468420102,3880500.0,85.7545174444303,23.10973335819504,7.981384797066318,37.40916790095325,46.26516767308496,0
NZL,2002,85.8119,4326.2229542031655,9552.741547423071,26.6,29.972257003265323,69.77731948638629,66627729311.44955,16874.187491819564,37959.06506381233,3948500.0,85.8061578183401,23.858382464991383,5.852893527936618,37.40828681022369,45.666341954350386,0
NZL,2003,87.311,4180.769914291493,9426.897099721891,25.9,33.513645820585,66.2611675437523,88250885550.26262,21913.70817199608,38976.91262575782,4027200.0,85.857962055807,23.257809580490235,5.72933246598663,37.407405719494136,45.03437013406251,0
NZL,2004,87.2698,4224.87567596318,9731.131498470948,28.2,27.251683501683495,72.54021698466143,103905210084.03362,25420.234882944005,39971.770500758495,4087500.0,85.9017708294597,23.55217101559922,5.365588545474544,37.40652462876457,45.15589988986366,0
NZL,2005,87.7013,4074.148591482498,9676.334696049737,26.8,35.17449976733364,64.63471382038158,114720129550.09506,27751.06547088586,40848.298138742844,4133900.0,85.9299325780946,23.941768904545928,4.517697024003143,37.405643538035015,44.47989062321978,0
NZL,2006,88.1566,4034.758218341132,9684.796635281748,27.0,34.823253784137634,65.00218205204769,111538810712.66457,26654.59320189852,41475.12174417949,4184600.0,85.9356841665703,22.995395455919628,4.983605032441106,37.40476244730546,43.200030382438946,0
NZL,2007,86.916,4057.1626822910416,9675.64752118945,27.0,34.10789137962457,65.75997813012575,137188946865.5839,32479.981738146667,42346.08948387281,4223800.0,85.9291840664852,22.96904212178515,6.068365537597831,37.4038813565759,43.625384527742966,0
NZL,2008,86.6321,4100.756065513991,9578.383961688342,26.1,35.34567142434383,64.51319174121879,133437126590.28609,31324.739797710237,41561.1820713151,4259800.0,85.9144723093505,23.418018236313547,5.001027175373076,37.40300026584634,43.19623257757016,0
NZL,2009,84.3751,4073.0369768354713,9425.696090735832,28.5,27.938643826494292,71.9281728627523,121663439315.3851,28276.72554162253,41132.33684565009,4302600.0,85.8918345477824,21.592023453183483,5.7369937002941915,37.40211917511678,43.63677794234932,0
NZL,2010,84.7937,4147.3061609611095,9629.944606615029,29.4,26.463986487988088,73.39822654843657,146887902524.05167,33761.90096399468,41270.92850991332,4350700.0,85.8614043258228,21.373910995997175,6.571305235067891,37.401238084387224,43.32535794310888,0
NZL,2011,84.2062,4108.263832664279,9496.122262773722,30.3,23.566579283457685,76.3191503663373,168484908960.07794,38431.77667884989,41814.88518340519,4384000.0,85.8233151875134,21.08219627701974,6.277019740235383,37.40009114731685,43.18483916296381,0
NZL,2012,86.8882,4280.565372343595,9442.390145414123,28.8,27.70420168067227,72.206162464986,176560711239.14664,40053.69915363686,42570.333282334315,4408100.0,85.777700676896,21.07963253581491,5.506456320035241,37.39894421024648,42.571113896168015,0
NZL,2013,85.8774,4298.715336742622,9201.954030751222,28.3,25.194763656302115,74.69557469557469,191012364176.87823,43000.4646849189,43338.43737829609,4442100.0,85.7080129786455,20.329552382342587,7.029821141841475,37.3977972731761,42.178420872735565,0
NZL,2014,87.2753,4476.807124764973,9108.158972655818,29.0,20.373738292261525,79.51259434391199,201518402787.3799,44618.266973846985,44255.504663745945,4516500.0,85.5076659530411,21.44477331763524,4.772000312864065,37.39665033610573,42.21639892142341,0
NZL,2015,86.1795,4422.742641180479,9066.906755759968,29.3,19.41864888451297,80.46499138490456,178224167087.9897,38665.37230181578,44963.833915918214,4609400.0,85.1518763760531,21.20797123281775,4.467286721002939,37.39550339903536,40.68208575443394,0
NZL,2016,85.682,4265.938395275089,8741.435268662099,30.1,15.311459819305751,84.56626587867672,189100085275.23016,40113.71953824275,45626.68184350184,4714100.0,84.691365594,20.17323953513199,5.54432774887998,37.39603509171699,40.309900877292925,0
NZL,2017,86.8554,4200.712626920849,8662.123982050856,28.4,18.37141577060932,81.51657706093191,206745969246.07333,42950.38417111379,46193.2884771696,4813600.0,84.1701025874108,20.52918453755636,5.909422082920928,37.41160609167901,40.4238350233565,0
NZL,2018,85.8318,4109.220685268498,8519.77308900951,28.9,16.225891618561775,83.65328679464805,211985631173.20483,43257.07692388786,46947.93724791399,4900600.0,83.8017846685577,20.381951471077834,5.661381187698695,37.42793665261479,39.86935551251376,0
NZL,2019,87.1246,4170.804962676418,8479.568637707986,28.0,17.866477650290168,82.0249856022682,213006341101.8694,42855.831861631974,47362.319933235245,4970300.0,83.804965871667,20.3679361122366,5.689462663577851,37.4673198891041,39.28829136758954,0
NZL,2020,83.7705,3862.5851016349657,8195.725889125464,28.7,19.473140495867767,80.4392741645706,213029554653.6872,41997.78303242789,46266.39547289509,5072400.0,83.8138977095908,19.97783893042398,5.704648954046221,37.57012646690213,38.562910637651434,1
NZL,2021,83.4788,3907.647766505232,8203.398497423594,28.9,18.455089551904237,81.43507206742731,253977931814.96677,49950.425169131646,48248.71767298924,5084600.0,83.8299382585905,18.827595426012465,5.768448843413893,37.6306509437545,38.64266453989594,1
NZL,2022,80.0841,3764.50781429311,8144.715351162013,28.9,13.32066189624329,81.43507206742731,249509991440.4376,49099.70904233575,49964.176552315825,5081700.0,83.8547305017812,19.604444975261927,4.56898326146121,37.71936348790399,37.0172040560556,0
NZL,2023,78.2081,3660.602736806577,8021.153846153846,28.9,12.29232904930366,81.43507206742731,255194972673.12192,49075.956283292675,49508.26972301719,5200000.0,83.8898991461229,19.604444975261927,4.56898326146121,37.78928411378224,36.88048308077931,0
NZL,2024,77.8374,3559.1494240257216,7992.624113475177,28.9,12.29232904930366,81.43507206742728,260172385097.6165,49205.17921467924,49316.399943370794,5287500.0,83.9370658833132,19.604444975261927,4.56898326146121,37.78928411378224,36.88048308077931,0
OMN,2000,52.0592,3286.2659945176283,3182.1135596510453,0.0,100.0,0.0,22259557867.360207,9753.847551854038,42086.04315363007,2282131.0,71.5400835229196,56.163247184184705,1.9652287703883724,0.0096930533117932,3.7899838449111463,0
OMN,2001,55.9201,3303.972681736681,3413.0992889412555,0.0,100.0,0.0,22205721716.514954,9611.963601910536,43492.28637545575,2310217.0,71.5179623016414,53.271805202562625,2.044951452899357,0.0096930533117932,3.7919224555735056,0
OMN,2002,58.5573,3469.43506166397,3518.4028342332936,0.0,100.0,0.0,23065539661.898567,9869.130502194375,42654.14826716233,2337140.0,71.5013318111475,52.82848670041832,2.0262270682287147,0.0096930533117932,4.11437802907916,0
OMN,2003,63.4977,3565.24432327227,3583.219533326903,0.0,100.0,0.0,24733680104.031208,10463.54258321412,41247.58737331045,2363796.0,71.4926171971641,52.59145540004837,1.9295275549153008,0.0096930533117932,4.436187399030694,0
OMN,2004,61.8076,3658.5075539516665,3894.2607370777287,0.0,100.0,0.0,28378933680.10403,11800.850741117129,41351.768738507184,2404821.0,71.5428923484265,53.36473693375001,1.689929158609566,0.0096930533117932,4.756058158319871,0
OMN,2005,62.188,4030.081852590468,4006.013492142863,0.0,100.0,0.0,35506892067.620285,14434.857792464712,41551.14138445518,2459802.0,71.8577803438712,60.28537107028801,1.4151358002988486,0.0096930533117932,4.733441033925686,0
OMN,2006,68.9506,6138.7734425029075,4323.215212373176,0.0,100.0,0.0,42577633289.98699,16930.856507185275,42540.43984853344,2514795.0,72.3920261203777,60.29283310223504,1.2253300022600804,0.0096930533117932,4.7269789983844905,0
OMN,2007,70.6757,6889.717211938413,4535.879671959953,0.0,100.0,0.0,48300390117.03511,18792.653772481983,43696.96914409169,2570174.0,73.0679250158092,57.7212395336941,1.2002261529763347,0.0096930533117932,4.733441033925686,0
OMN,2008,70.1041,5927.850538884779,5017.64876763211,0.0,100.0,0.0,69804681404.42133,26576.779241508975,46586.39559267667,2626529.0,73.807772368029,63.59971534916299,0.9739231517256024,0.0096930533117932,4.708239095315024,0
OMN,2009,72.1614,5912.23573208102,5626.412888936733,0.0,100.0,0.0,55454096228.86866,20655.918024921848,48304.11789231672,2684659.0,74.5338635149003,57.56562439909765,1.2883346387081949,0.0096930533117932,4.6991922455573505,0
OMN,2010,76.4204,6736.894127260661,6089.6931435828665,0.0,100.0,0.0,64993498049.414825,23570.179814732484,48191.6145135737,2757446.0,75.1579724666274,63.273309323729485,1.247298919567827,0.0096930533117932,4.663004846526656,0
OMN,2011,85.519,7155.542086509686,6185.7218121772785,0.0,100.0,0.0,77497529258.77763,25188.007415188506,44440.309261612536,3076763.0,75.6585803514688,68.1872487230601,1.100416809294646,0.0096930533117932,4.6423263327948305,0
OMN,2012,94.3642,6702.98586928623,6091.4446875847525,0.0,100.0,0.0,87408842652.79582,24642.297876859564,41964.08285785523,3547106.0,76.088156621068,67.53786965874909,1.015510864746331,0.0096930533117932,4.600323101777059,0
OMN,2013,98.9237,6349.133985035915,6095.599978403266,0.0,99.99618916962008,0.0050684044053199,89936020806.24187,23458.02338400529,40854.48535489053,3833913.0,76.4914234214313,64.92839874611052,1.1422655608379313,0.0096930533117932,4.58642972536349,0
OMN,2014,103.648,6076.732039475754,6485.7952863241635,0.0,99.9965669950908,0.004565896529232,92699089726.91808,23160.65022525467,39639.987051480224,4002439.0,76.8892576748951,62.05629187381463,1.1127071947209537,0.0096930533117932,4.587399030694669,0
OMN,2015,109.2324,6027.982465314566,7071.145154179496,0.0,99.98779073316648,0.0127586838410353,78710793237.97139,18808.30779218389,39813.78870546745,4184895.0,77.3025363037955,53.0988656602003,1.7297608072877946,0.0096930533117932,4.633279483037157,0
OMN,2016,111.5944,5557.823919702123,7056.22134257006,0.0,99.98831502687544,0.0122692217807899,75128738621.58647,17110.189746054482,39860.98939096884,4390877.0,77.7521362304688,47.94024993941912,1.9853221172153563,0.0090468497576736,4.639741518578353,0
OMN,2017,111.9854,5765.6852290684565,7234.105200427734,0.0,99.95572895049943,0.0430812650452394,80856697009.10272,17820.066180933452,38691.10771050966,4537396.0,78.3142260040136,49.594395517443246,1.984599252478337,0.0087237479806138,4.68794830371567,0
OMN,2018,115.489,5549.372875038611,7407.766671444234,0.0,99.96024278406531,0.1295555143258501,91505851755.52666,19901.76156420162,38673.60453608565,4597877.0,78.9655839720276,53.89381537062301,1.8494201909959072,0.0084006462035541,4.713699515347335,0
OMN,2019,116.7032,5120.964903821602,7688.117439271866,0.0,99.95881595881596,0.1513162973828456,88060858257.47723,19180.186415280143,38292.38596827522,4591241.0,79.5780017545962,51.37923294565172,1.9947193393858131,0.0080775444264943,4.713699515347335,0
OMN,2020,113.284,5718.769391476257,7657.27428896028,0.1,99.45240319734246,0.4135628316293516,75909492847.85435,16784.86306300576,37560.59987149533,4522497.0,80.0176378922722,47.14772228922267,2.4692330884771407,0.0080775444264943,4.713828756058158,1
OMN,2021,119.5484,5956.40935867476,8282.108530218486,0.1,99.38418270862628,1.939923605067208,87323797139.14174,19403.460016021098,38719.45876820488,4500424.0,80.1239942103569,51.92697164641411,2.392184893971885,0.0078620355411954,4.737382875605816,1
OMN,2022,127.5937,5920.005024943565,8092.6365886112,0.1,97.4912908278974,1.939923605067208,109852795838.75162,23223.582940593456,39780.2122774985,4730226.0,80.0117053152301,59.485207773021706,2.1082711466343422,0.0077903069466882,4.737382875605816,0
OMN,2023,130.2486,5908.427100036699,8203.167626838656,0.1,97.4912908278974,1.939923605067208,106174708036.51028,21027.738477888633,37793.616442776234,5049269.0,79.5702973228932,55.37160240736525,2.415598508859539,0.0076226171243941,4.755185783521809,0
OMN,2024,132.2647,5908.427100036699,8203.167626838656,0.09999999999999998,97.4912908278974,1.9399236050672075,107137198769.38646,20285.22728973766,36721.08046341856,5281538.0,79.4440302814714,54.1653226231175,2.60311077029303,0.0076226171243941,4.755185783521809,0
PAK,2000,271.3319,411.54993037451266,333.0726418673576,51.0,71.82600270127429,28.53072699512596,99484802344.52766,642.3383464998977,3531.712915316124,154879127.0,33.0046884491535,17.18363478136826,25.387136041297502,5.852091116645911,47.605334163553344,0
PAK,2001,274.6619,407.9964656370401,336.2321531828785,51.5,70.68617975976805,26.57705370702747,97145618479.9038,609.9395069050735,3559.7278465871473,159270907.0,33.1988471664032,17.59349427799141,24.144960503281908,5.797928341635533,47.96077210460772,0
PAK,2002,279.8769,404.3342386518605,341.0129319815977,51.4,68.17737503962803,28.93696502166332,97923302809.35368,599.9373457239274,3563.6784692655765,163222549.0,33.3857078542752,17.15888766719875,22.702627543567424,5.7437655666251555,47.846616853466166,0
PAK,2003,290.8653,412.8367515477142,362.2279346985351,50.1,64.48843251268094,32.435345787455155,112371913740.82297,672.44178669894,3668.779388525078,167110248.0,33.5669209665019,17.388583364945198,22.15193733677144,5.689602791614778,47.79213366542134,0
PAK,2004,310.8788,431.6727597958123,377.7366509813995,47.9,66.75658947319249,32.607983276693645,132216048339.41289,771.9022473489538,3859.6460180890263,171286000.0,33.7441369568158,18.907145288579443,22.001890008534716,5.6354400166044005,46.7582503113325,0
PAK,2005,319.1648,436.0618667086124,406.19946017289215,48.0,64.38496619637078,31.450351920879218,145208562960.76663,827.6198611899258,4042.154575133781,175453212.0,33.9190062789495,19.933029305904697,21.574509699233104,5.581277241594022,46.65447281029473,0
PAK,2006,341.1484,443.90336775409696,425.5946969627403,47.0,65.1359799619195,33.109639253459314,161871385506.3602,900.8735649848084,4185.866556592057,179682690.0,34.0931793866356,20.199119664935967,20.418346054092464,5.527114466583645,46.875,0
PAK,2007,363.5812,457.20536242742264,417.99907553247846,44.9,66.77433854967019,33.12257868933003,184140869997.46017,998.090114197524,4257.925568704323,184493231.0,34.2683067336065,19.94495531635908,19.937951432909664,5.472951691573267,46.71673931091739,0
PAK,2008,365.1426,437.83518900193377,382.3078580848028,46.6,67.90735242752358,32.80670406915823,202203748583.8536,1067.0432456528365,4233.348307154973,189499113.0,34.4460387735948,21.195548452584585,20.351365282755022,5.41878891656289,45.80868617683686,0
PAK,2009,375.7952,433.272314472197,394.33257926082786,46.4,67.50422098010634,31.09091099761947,187337783856.46567,963.7880663952247,4270.438822642294,194376534.0,34.6280259603331,20.337246758290185,21.786922974953416,5.364626141552511,45.76198630136986,0
PAK,2010,369.1462,429.32779249532746,398.2050767387981,47.4,62.67269876250212,33.44232073232752,196709621849.58615,987.3045711244854,4228.7817715945,199239047.0,34.8159187475539,20.96501978008755,22.688810174178865,5.310463366542134,45.71658364466584,0
PAK,2011,377.6438,422.8425373761113,389.2590514570183,46.8,64.47365653591335,33.449290146177304,230586581059.6654,1131.7351383432383,4246.067108824967,203746065.0,35.0113675889897,21.186480953294467,23.81964297862802,5.268659194686593,46.616853466168536,0
PAK,2012,381.7959,419.5461532069321,385.8482655836835,47.2,64.20286085825748,32.18263719115735,250106966104.7036,1204.364754915847,4292.021102934858,207667125.0,35.2160229383731,21.95837207248286,23.386195534034535,5.2268550228310495,46.781600249066,0
PAK,2013,396.2699,421.5800137858746,414.8450738915813,48.1,64.10315538644836,31.811262923248396,258657231672.41232,1225.4340119198034,4407.147058413765,211073978.0,35.4315352494366,20.891029508464495,23.707594593490793,5.185050850975508,47.063096720630966,0
PAK,2014,412.4347,433.4499738389633,419.126539339922,47.2,63.472538976333794,32.57101731035256,271390474857.63217,1266.613408499593,4520.234633992859,214264647.0,35.6595549759128,20.86599122988382,23.49273200978554,5.143246679119967,47.026774595267746,0
PAK,2015,423.5723,437.19822301036487,435.1402078843778,45.9,63.353339682653775,33.130083200057506,299963590534.7735,1380.4702083831723,4645.286310711446,217290883.0,35.9017325715342,19.60261466881396,23.262840775624166,5.101442507264426,46.96191365711913,0
PAK,2016,454.0305,446.91536596586855,455.9712714795496,43.7,66.10320500878805,30.70227517555867,313630000130.43536,1424.6916119589737,4886.612121153781,220138869.0,36.1597184900333,18.150117972321446,22.32833020356975,5.017953507679535,47.72986716479867,0
PAK,2017,477.201,456.1073263735893,495.9915456690927,42.1,68.26405234732664,27.68151352668779,339205534861.1001,1519.2345951424784,5031.560607384335,223273967.0,36.4351548223399,18.09932708852145,21.963203536687203,4.994188459941884,48.00098588625986,0
PAK,2018,473.2928,453.6031265487781,494.718847875924,43.4,67.37829784254382,28.86536965585911,356128166704.921,1569.3381462635489,5255.06350681272,226928892.0,36.7478511550359,18.58905159274822,21.65123535939572,4.940561436280615,47.93612494811125,0
PAK,2019,476.0908,431.6047549421859,481.2806210083263,45.9,63.678800664302706,31.75776002632799,320909472770.6687,1390.416909817447,5295.952951382034,230800899.0,37.1091631735769,19.563894581448302,20.67787132228868,4.886934412619344,47.05531340805314,0
PAK,2020,511.2642,454.338436216576,517.7748764470882,42.7,66.61552384857956,32.234241239634954,300425609817.9812,1278.3973520689551,5135.014592888394,235001746.0,37.5080192948099,18.589463544581623,21.854132554896612,4.833307388958074,47.57290369447904,1
PAK,2021,526.9517,465.1158628561443,570.2073404290196,41.6,63.64973554908773,28.27621080035797,348516647445.14844,1455.3192237018598,5367.273647147621,239477801.0,37.9333395514173,18.896408200948397,22.66250807607427,4.779680365296803,46.71803652968037,1
PAK,2022,537.6563,418.4476528445488,517.0728564316978,41.6,59.682058345245046,28.27621080035797,374890295666.69366,1538.3228133170996,5526.279283102131,243700667.0,38.3740439760816,20.412595554361264,22.326864699603053,4.7260533416355335,46.63112287256123,0
PAK,2023,522.21,414.95213020576455,518.2976575839562,41.6,59.682058345245046,28.27621080035797,336686348609.2659,1360.3241775841927,5418.769318929704,247504495.0,38.8191861872791,20.718694602312972,23.42670359636599,4.672426317974264,46.69338937318389,0
PAK,2024,525.8825,414.95213020576455,518.2976575839562,41.599999999999994,59.682058345245046,28.276210800357966,371570000121.2658,1478.7727797799566,5500.323948242852,251269164.0,39.1734368360905,20.245755123606763,23.74328623388364,4.672426317974264,46.69338937318389,0
PAN,2000,9.6956,790.9193873312208,1274.9267614701057,27.7,29.568242275424595,74.37466748516472,11966497048.6488,3975.093102755443,14572.97524577807,3010369.0,62.2165370013582,18.301557181659028,6.312135430520911,59.754371805219265,29.99730965832661,0
PAN,2001,11.1958,887.1078646978812,1297.5898319518546,24.0,50.78064012490242,52.771857923497265,12252906340.6841,3991.7767209465464,14427.829935070842,3069537.0,62.6337017277411,16.403722056752308,6.695230316713562,59.60082055421039,30.13720742534302,0
PAN,2002,10.4771,790.8601328824285,1332.547652159686,28.7,35.405252219913095,67.40865293784243,12800851270.5514,4090.586164560816,14507.143836133626,3129344.0,63.0330904426342,15.586842295325363,6.6148108598681175,59.4472693032015,30.102232983588916,0
PAN,2003,10.5661,774.4166970855165,1367.794352448283,27.4,48.99569583931133,54.10993543758968,13603456003.2851,4264.66428949623,14957.55326572512,3189807.0,63.4079949945516,16.76223159356963,6.719190327658412,59.293718052192624,30.067258541834818,0
PAN,2004,10.5722,755.9909322210998,1432.1064360204296,28.2,33.98715500781114,69.2858878666898,15100203361.784,4644.565811775815,15875.11270566146,3251155.0,63.7553758418416,17.11432050339407,6.2069044869424115,59.14016680118376,30.03228410008071,0
PAN,2005,12.388,838.6359363611152,1462.7111287385007,22.8,35.69589840398146,67.40861506778788,16623906739.3121,5017.741104148322,16867.960935566975,3313026.0,64.0721934428526,16.941888234609667,5.723390505734822,58.98661555017487,29.99730965832661,0
PAN,2006,12.839,874.5660697856698,1485.3227710380727,22.1,39.823008849557525,63.17281683085657,18659721513.0123,5528.767058549005,18190.274133785693,3375024.0,64.355408255933,17.059024154139863,5.2918083440388655,58.833064299166,29.921980091471617,0
PAN,2007,12.78,858.0481287342392,1579.3500490183244,22.8,42.30173482032218,60.40706319702602,21717433808.2684,6317.817305146605,20208.82157960912,3437490.0,64.6019807394311,17.395136245617103,4.75264853625124,58.67951304815712,30.02152273338714,0
PAN,2008,12.7725,806.6720892323164,1634.2688553662065,23.4,37.92996108949416,65.08498054474708,25721327955.2772,7347.590490468393,21867.81875743,3500648.0,64.8088713516952,19.442277664260303,4.444230492249795,58.52596179714823,29.986548291633035,0
PAN,2009,14.2637,871.5268138077635,1646.288654327357,20.4,43.3116413593637,59.18351409978308,27791215547.3487,7796.926183634326,21822.98771721005,3564381.0,64.9730405510737,18.84512928582442,3.7830612274183175,58.37241054613936,30.018832391713744,0
PAN,2010,14.8451,948.3048377247952,1745.883669304554,20.6,42.8958417987268,59.715969118244615,30231009532.9507,8331.464222599672,22739.11061561828,3628535.0,65.0926097647906,18.774062089503875,3.636003285970028,58.218859295130486,30.486817325800377,0
PAN,2011,15.9111,1037.631564786077,1842.6941347040276,19.7,47.31526463819995,55.1530299156226,35687738251.8135,9662.295909119792,24999.46059224051,3693505.0,65.1896678664818,19.3755839924897,3.279224622592975,58.06529459241323,30.441216034436376,0
PAN,2012,16.3697,1052.6992594949795,1964.750471901887,21.2,37.0684644891317,65.1877252121353,41595439720.9767,11064.806366200306,26926.88529474523,3759256.0,65.2829468288151,20.981246883174133,3.1287768772971667,57.911729889696,30.306698950766748,0
PAN,2013,16.2545,1002.335964391625,2027.5380235268651,20.7,42.07412368832328,60.79962045099353,46949496479.400795,12273.32249837878,28135.327878726835,3825329.0,65.3709770103365,24.415507853272505,3.0539507503112193,57.75816518697875,30.17218186709712,0
PAN,2014,16.6119,1035.012938389682,2073.68719362627,19.8,44.2015720900183,58.34758264240336,51427104881.9655,13213.198959113728,28931.80445160189,3892101.0,65.4531164770096,25.777903754113364,2.9866775575356805,57.77558014031301,30.126821370750136,0
PAN,2015,16.3886,1024.9775992605444,2218.9197822746514,22.0,34.67702768334143,67.75900922778048,55767806073.1781,14082.65484349964,29933.155596597324,3960035.0,65.5287232947981,26.578949117255984,2.949616303430562,57.62155963302752,29.99190501888829,0
PAN,2016,16.5722,1045.7658293731456,2235.4946010087647,22.1,33.382325923204114,68.92421458754363,59760858717.8359,14832.36116524589,30765.237153488422,4029086.0,65.5971555296656,27.41582124406479,2.7805458884814596,57.46762007555317,29.85698866702645,0
PAN,2017,16.088,1035.9508602848946,2265.1045805421077,23.6,28.147074805288895,74.15033508422387,64327688826.3137,15694.629751849472,31979.81226356054,4098707.0,65.6577712475758,28.25456212032474,2.572621883662402,57.313545601726936,29.7220723151646,0
PAN,2018,16.032,1026.3899055023055,2271.669393885591,24.5,22.27082031598679,80.42265464607694,67316471181.248795,16151.327343348576,32681.44635811679,4167860.0,65.7099285144924,28.326460596659373,2.4461816961589906,57.113372876786194,29.56322458883796,0
PAN,2019,19.3191,1162.836084298654,2384.8206484520747,19.0,47.261332417582416,54.93835851648352,69778991192.55711,16477.906626811135,33163.726919216955,4234700.0,65.752985396379,28.415932693779418,2.4550807697922106,56.95942302507414,29.428417363170663,0
PAN,2020,15.9737,936.0654494276006,2170.145257882062,28.5,24.286498353457738,78.44740212221004,57059846521.5327,13290.560839774873,26881.798721443665,4293261.0,65.7862999591993,23.43878080114323,3.064188374550776,56.80560798058776,29.308438932326773,1
PAN,2021,17.1823,1033.317592640661,2419.567336071091,28.0,21.65220983064849,79.278975629905,67396392506.23779,15509.80691241387,30932.762780914454,4345405.0,65.8092302689169,26.363316690578376,2.802892166697085,56.65170261526018,29.405715826368297,1
PAN,2022,18.0636,1062.6992563181743,2546.370830760869,28.0,22.77219635710202,79.278975629905,76479304470.9375,17378.607001755714,33915.15260666737,4400773.0,65.8211343914956,26.407479622408665,2.6037030211120857,56.49785791318416,29.405715826368297,0
PAN,2023,19.4931,1019.9844211549066,2714.8809792141715,28.0,22.77219635710202,79.278975629905,83812155244.3352,18797.193399404456,35872.95064792764,4458759.0,65.8601271176084,27.15849071222968,2.4962749118687517,56.34397276894042,29.52232677271502,0
PAN,2024,19.218,1019.9844211549066,2714.8809792141715,27.99999999999999,22.77219635710202,79.27897562990499,86523959131.7472,19161.218850159617,36394.91752911465,4515577.0,65.9958447685488,25.503552517736257,2.6821407802533916,56.34397276894042,29.52232677271502,0
PER,2000,56.5293,506.0142107069538,627.4077873532741,38.6,18.012453550266144,85.94044795783927,51744749133.21299,1945.4133845169831,7669.095317804597,26598331.0,72.7724831207703,29.03413369955256,8.069374916936162,58.8264296875,17.904590703125002,0
PER,2001,53.7328,483.10829424813295,659.3830184989572,41.2,14.476850514967754,88.54846123101518,52030158775.40549,1929.5727303884632,7611.666281753197,26964601.0,73.1565814081586,29.03515644260849,7.89362669632438,58.72892734375,17.97855890625,0
PER,2002,55.356,478.0984967575676,689.1619192268956,40.2,17.085930036846655,86.33701736078172,54777553515.08088,2007.3701962675275,7931.579750399073,27288217.0,73.5500651944675,29.44403215510844,7.523963236477053,58.63142500000001,18.0525271875,0
PER,2003,55.3906,464.5963773301127,711.3724230425203,40.9,18.29087419298552,85.25901445047181,58731030121.867096,2129.4411419763424,8174.379426838494,27580490.0,73.9558750733136,29.889349457024423,7.312919344024822,58.53392265624999,18.126495390625,0
PER,2004,59.3493,499.92303896081415,735.5615483019468,37.8,27.11193568336425,77.35179024774578,66768703497.56869,2397.2514727771386,8495.986392857996,27852190.0,74.3769516383133,32.65009761554829,6.934433062057166,58.436420312500005,18.200463671875,0
PER,2005,60.1948,525.1507749360134,806.4785891553308,38.4,27.730499235264126,72.52383804504073,76060606060.60606,2706.669472976084,8949.954426910774,28101180.0,74.8162354830832,34.356667424396505,6.854264623188926,58.33891796875,18.274431875,0
PER,2006,59.7671,503.267677520574,854.0665390950891,38.7,26.70516850646977,73.91802543006732,88643193061.748,3129.5599649698206,9547.913277625545,28324491.0,75.2766672012397,37.45775499447068,6.603484330160436,58.241415625,18.34840015625,0
PER,2007,62.9142,531.6890821236977,955.4620445857286,36.0,33.28990010357155,66.1279865771812,102170981144.13551,3581.089308191696,10286.35481936246,28530699.0,75.7615250588738,37.698979958898065,6.7058083849192816,58.14391328124999,18.422368359375,0
PER,2008,68.0389,581.6399505766157,1020.5424338507682,33.7,39.86740672217083,60.23324052929584,120550599815.4414,4197.584446341415,11151.530521564038,28719041.0,76.2744879116779,36.326934471916736,7.160941145784605,58.046410937500006,18.496336640625,0
PER,2009,71.5696,583.1797483479959,1024.9919965216925,32.9,39.40903155273467,62.15033366287691,120822986521.47932,4181.1875546225265,11204.376875524444,28896811.0,76.822147540745,33.55168254369503,7.403906655712571,57.948908593750005,18.57030484375,0
PER,2010,75.8019,603.5145567738267,1086.1231989156026,32.2,42.27918640289774,57.420154512267594,147527631520.7292,5072.114940196154,12059.018018332232,29086019.0,77.4020936833934,35.77200660294061,6.827997235978349,57.85140625,18.644273125,0
PER,2011,79.6554,688.1364498690592,1257.5720669124437,30.6,43.23993575198226,55.84771106510237,171761737046.58508,5861.3579364524485,12726.599981519776,29304086.0,78.0118164985462,37.236100277138306,7.100110136582045,57.717770312499994,18.718241328125,0
PER,2012,79.815,732.0717921139318,1228.208137929662,30.8,44.74968100277715,56.8825842555015,192650021648.5832,6519.378529815272,13395.399380589144,29550366.0,78.6488061451268,35.533553355335535,6.7252342407764925,57.584134375000005,18.792209609375004,0
PER,2013,81.89,698.171569630996,1313.6060903512414,28.4,46.06031351997426,52.67379324537534,201175543571.3918,6746.800256966015,14052.137619168336,29817919.0,79.3105527820586,33.85943674616782,6.668310164914011,57.450498437499995,18.76575328125,0
PER,2014,84.8165,728.7728787608316,1364.730955744,28.6,47.63154441674321,50.32788484467472,200786250582.94272,6667.134103608605,14244.566021294806,30115826.0,79.9945465682649,31.701403934102984,6.804247413782518,57.3168625,18.75578140625,0
PER,2015,86.7675,743.1664791232139,1403.4920676612733,27.4,47.26948664276388,50.99021258026307,189802976285.61893,6231.711503388939,14542.793091131298,30457600.0,80.698277662669,30.337879870817453,7.045644059720457,57.1832265625,18.995159375,0
PER,2016,89.1612,764.2358278902618,1530.9156912994397,27.2,49.60584167812663,49.29590889280504,191898104390.37863,6217.03599995447,14917.44894735879,30866494.0,81.4192362241943,30.55655057838275,6.9350346165010475,57.03928125000001,18.75,0
PER,2017,87.2031,762.2463398888199,1544.3115909052674,27.6,41.39919569011306,57.227656455832424,211007984080.91055,6736.16693725487,15069.52210846589,31324637.0,82.1931650502403,31.29788412314732,6.7797595601092455,56.90217187500001,18.945396875,0
PER,2018,87.2921,784.0279831939308,1536.4800042536135,27.9,39.2320989900828,60.93005058776432,222597009739.23532,6978.491215486268,15386.260164250549,31897584.0,82.6854929960921,31.62408350054949,6.885842851440975,56.77815625,18.82389765625,0
PER,2019,91.2634,798.59712052539,1560.372498601896,27.1,39.60884055428872,60.13590733590733,228346006003.64825,7037.008036926039,15463.543239788178,32449303.0,83.1033003087105,30.4491957836385,6.853031034772384,56.643125000000005,18.6431953125,0
PER,2020,80.1418,678.5117122829098,1405.2374190734624,31.6,36.24495518881331,64.28993316704431,201409694755.93436,6133.3255241018305,13609.599960959473,32838579.0,83.5267437189637,30.319285709212053,7.7158463734968,56.5081015625,19.125773046875,1
PER,2021,93.5085,775.2895088449193,1517.3476609670647,30.6,38.830389000087024,61.77945280005616,226328766459.63437,6826.20255614477,15280.551210648637,33155882.0,83.9480118272361,35.738334314416456,7.122663475584694,56.373072890625,19.60835078125,1
PER,2022,97.6301,826.4587770868181,1568.3140576084472,30.6,44.59742041253325,61.77945280005616,246065570308.15497,7350.630343004173,15559.821643644,33475438.0,84.3663554951194,34.931429915672894,7.174162292069776,56.238047734374994,19.05121875,0
PER,2023,99.2574,823.3713742355827,1594.6821120146813,30.6,44.59742041253325,61.77945280005616,266958720837.98767,7887.54185920108,15327.581999455777,33845617.0,84.7810255849745,33.96948512527428,7.2405039987112865,56.10302023437501,19.05121875,0
PER,2024,103.813,823.3713742355827,1594.6821120146813,30.599999999999998,44.59742041253325,61.779452800056156,289221969062.9408,8452.371670566214,15661.749771195591,34217848.0,85.1912729600355,33.972383877786896,7.337421861604695,56.10302023437501,19.05121875,0
PHL,2000,132.7752,487.4027795476925,489.1027419304421,33.9,57.10973724884081,42.94828880547582,83669788376.9213,1050.7927310795235,4740.438916945692,79625397.0,39.1384171397742,34.97528476812157,13.941095211674694,24.51373377603381,37.67649327564812,0
PHL,2001,131.6205,454.32383132008346,507.9268329836919,32.9,62.70775770456961,37.34865037194474,78921234457.54874,969.5306117444528,4778.400843747396,81401488.0,39.5375185608843,34.897615258049065,13.302809302832047,24.356259851762417,37.50880370258577,0
PHL,2002,134.5659,451.2844686814615,511.5874367839445,31.8,64.35719149111767,35.6985165163926,84307345887.543,1014.9087932010624,4856.499484295671,83068889.0,39.9553922931877,34.78343526285005,13.448413414570409,24.19878592749103,37.34446792098468,0
PHL,2003,137.6599,442.568789118581,544.4234743647414,30.9,66.58103513411409,33.4695882130714,87039092974.22725,1027.2301192842956,5003.383177187158,84731835.0,40.3928506135438,34.54056402986292,13.150947662883636,24.041312003219637,37.6966160244156,0
PHL,2004,140.9301,430.07575264053025,564.0520836834713,30.2,66.2687420698036,33.77670753064799,95001999685.33144,1099.6301302375837,5229.450807001648,86394504.0,40.8507057988121,33.61869620728831,13.984403691720148,23.88383807894825,38.4679880605024,0
PHL,2005,145.0008,434.47117461439785,565.2497441316383,31.3,67.63484010111902,32.41620704285108,107419977318.16573,1220.4601855986728,5386.816537128913,88015962.0,41.3297701258519,33.81367630532408,13.517547003593007,23.726364154676855,38.082302042459,0
PHL,2006,137.5884,423.3570797189413,557.4747545458732,33.3,63.971611221668454,36.08176599041983,127652926368.06915,1426.1464917954625,5578.572251121389,89508986.0,41.8308558715226,33.46258533038036,13.361249106967538,23.568890230405472,38.83690512123956,0
PHL,2007,146.1958,425.6258060413438,571.000767893041,32.4,68.40012749324788,31.659330336173923,155980408673.40317,1712.6554328279278,5840.068101699653,91075184.0,42.3470499959497,33.00086093244904,13.606507617711006,23.41141630613409,39.541201328101415,0
PHL,2008,148.1113,439.08291757886207,573.2742051041598,33.9,66.08408280034857,33.98091151228174,181624626327.36093,1959.292335349778,5987.037578618355,92699095.0,43.1547492407016,32.765288410954014,14.51607475731336,23.253942381862696,40.279035449575744,0
PHL,2009,150.4794,420.7180472555262,576.2296145808225,34.1,67.40731171683245,32.67587075521969,175974755881.37238,1864.450434064713,5965.307309022211,94384250.0,44.3356772609527,31.52254268126281,14.540213315315246,23.09646845759131,40.58087668108797,0
PHL,2010,156.6438,431.461435820742,622.2211842007948,32.7,73.69135838918248,26.377972631858643,208368893151.14383,2162.91375885614,6273.039277315145,96337125.0,45.5208176726647,32.33955604566039,13.748865052421728,22.938994533319917,40.58087668108797,0
PHL,2011,157.7593,428.3307590549838,625.9324940706034,33.8,71.3123048456112,28.763230553507668,234216730291.32016,2383.9189252208703,6388.31296959977,98248614.0,46.6833632464759,31.338682782846902,14.095735151082303,23.05599490223698,41.11748331488748,0
PHL,2012,163.0728,437.467121529591,644.488844738822,34.1,71.53083473896409,28.54750281122295,261920540962.62988,2614.6164440130824,6697.5562096276835,100175512.0,47.9182784810426,31.399493363244417,13.095807010678156,23.17299527115404,41.68762786329946,0
PHL,2013,173.2631,443.2706552957279,661.5245280747538,33.1,73.55645311295937,26.540555621985728,283902828588.7177,2781.2795767739717,7016.538464704358,102076336.0,49.1313688766206,30.77544663143309,12.473425104412527,23.2899956400711,41.81842573028809,0
PHL,2014,181.1384,465.62749766594874,672.7467551622561,32.4,74.35996997230204,25.73630668875543,297483555338.0443,2866.838037614072,7340.3615859119955,103767130.0,50.2392400212368,31.047444475339443,12.271681621144587,23.40699600898816,41.91568568266425,0
PHL,2015,190.6338,499.0723638328555,711.5361417136454,30.8,74.56347906276922,25.52797427652733,306445871242.32245,2909.8581801030064,7691.763086850469,105312992.0,51.1549047745227,30.481950983496706,10.996499154862333,23.52399637790522,42.01294563504041,0
PHL,2016,202.623,520.9824171822368,773.0401853572561,28.6,75.79325308104893,24.324596085859977,318627003016.73126,2985.195640240464,8131.825379486535,106735719.0,51.9114748151175,30.28591716726943,10.205125532561595,23.641010161988127,42.11020558741658,0
PHL,2017,220.8073,544.4771879866964,796.4414031401292,27.8,75.4275723217124,24.685256220065273,328480736802.7598,3038.1212495928917,8584.136227096995,108119693.0,52.6010482354344,30.126550576772495,10.182954131410888,23.758023946071035,42.22423449709897,0
PHL,2018,226.906,554.5019928189207,829.148696243769,27.6,76.61781805059942,23.48852850083693,346841896587.31256,3168.5103660972686,9016.286596376083,109465287.0,53.2088897464754,30.5637401548214,9.650140358153063,23.87500419223933,42.301371700707655,0
PHL,2019,235.2167,551.8794831417125,866.9669674520886,26.9,79.21087126677418,20.93347036527183,376823402239.1359,3400.789497670743,9452.293971598096,110804683.0,53.7157859948017,30.327507879462363,8.820323747305245,23.99201797632223,42.378508904316334,0
PHL,2020,225.1449,518.1706273260863,821.1185055871604,29.1,78.76271436293057,21.38658583317776,361751145451.59674,3227.579102351993,8455.184571341064,112081264.0,54.1077719895977,28.39991758505213,10.185311031761549,24.109031760405134,42.45564610792501,1
PHL,2021,235.613,531.0454214953915,850.2492684632623,28.0,77.88045020334815,22.635048807145814,394087359848.11,3484.3859388281885,8857.789951155139,113100950.0,54.4504102510776,28.889809118545905,10.069164020487577,24.226045544488045,42.536137102994935,1
PHL,2022,242.5967,551.0427844480262,884.8469773061815,28.0,77.86486122943101,22.635048807145814,404353369604.6311,3548.0693057211556,9457.103954028831,113964338.0,54.7902343568327,29.221239936433847,9.55176804414326,24.34305932857095,42.39259482845357,0
PHL,2023,254.5314,580.1360554135003,924.6226075158288,28.0,77.86486122943101,22.635048807145814,437055627244.424,3804.0827413109687,9898.532945887462,114891199.0,55.1242716168851,28.19762250917741,9.400366528706986,24.46007311265386,42.66894724486032,0
PHL,2024,266.5973,580.1360554135003,924.6226075158288,27.99999999999999,77.86486122943101,22.635048807145807,461617509782.35455,3984.8315387656016,10375.940417993756,115843670.0,55.4520983215477,27.693977993132073,9.08252678487007,24.46007311265386,42.66894724486032,0
POL,2000,412.0605,2321.776433370114,3256.180455394782,6.9,96.95627617368304,2.9906876790830945,172953527033.01254,4520.641004491105,18566.35462887721,38258629.0,61.7459160613903,28.77183973264828,3.1905000738356915,29.576545104312903,60.11622971693493,0
POL,2001,406.5305,2338.142938398454,3260.0332628496135,7.3,96.73593561147126,3.2125590594440174,191823200371.28412,5015.237900366129,18800.601864840213,38248076.0,61.7557708646056,27.35051986170978,3.324950178593031,29.66469685592086,58.07567991119528,0
POL,2002,398.7567,2312.5947846892955,3208.3921565591163,7.5,96.84512162968514,3.048721257788324,199694463255.5668,5223.451789670818,19166.913705814277,38230364.0,61.7581534555696,26.654720408463845,2.809416269821788,29.752848607528815,55.17320186751118,0
POL,2003,410.2662,2375.41153801546,3324.471391773288,7.3,97.4266475852563,2.5535675422571904,218561225998.4701,5720.81366178104,19855.631798918137,38204570.0,61.7281374379602,27.51114410453635,2.6917615391040717,29.84587251828631,52.79845872518286,0
POL,2004,410.0337,2383.780411344235,3416.1186323834168,7.3,96.67680771151863,3.1240861707717356,256268656145.1339,6711.72715262967,20878.65450025344,38182222.0,61.6555172559989,29.185278751870985,3.3335858211383504,29.9252440178892,53.29873012764013,0
POL,2005,409.9523,2414.2823718595264,3437.3239981873658,7.2,96.3239792017128,3.456791303461284,306999913150.52496,8043.923322537572,21568.947659435624,38165445.0,61.5497010774856,29.05889802908105,2.9676037181375485,30.013384258805864,51.92439526001371,0
POL,2006,423.2401,2538.76112384258,3584.962188067848,7.2,96.52100258436276,3.261768742812628,345897630736.1726,9068.855283076273,22921.197588769617,38141267.0,61.4199688499096,29.20218935600326,2.7459182485151974,30.10250718203186,52.092582919822405,0
POL,2007,420.4154,2529.6190781059618,3661.646103834781,7.3,96.05517483746266,3.804817129803951,429715132137.5025,11272.529368338306,24484.06566637556,38120560.0,61.2756005207604,29.275451266573064,3.094087083729181,30.190650300339517,50.49947767041003,0
POL,2008,411.6412,2563.58518489618,3725.748777880068,8.0,95.30729854157948,4.670641640642606,535612030671.8877,14048.560467265392,25553.90584065341,38125759.0,61.1258760375274,28.81653168466986,2.643094994726519,30.280770486451193,50.93372510610512,0
POL,2009,395.3078,2463.2704339538836,3590.8320811579006,8.8,93.84590034273664,6.1581531769048246,440891472247.0965,11556.302686602616,26204.410367111,38151603.0,60.9800753477,29.96131266519535,2.6264062504543326,30.37090244220974,50.99582081755256,0
POL,2010,414.1734,2642.0688124102294,3797.092295586912,9.5,92.65240363574088,7.403572312044501,478111630683.5141,12567.731767638152,27112.133379738138,38042794.0,60.8474783987677,29.697499393056564,2.9155481566260883,30.4590570719603,47.17578686169518,0
POL,2011,410.7148,2652.9908059209074,3879.542093811998,10.4,91.62142001125052,8.391145107246802,527848543023.4693,13867.666940819152,28521.6612623568,38063255.0,60.7357090652544,30.39416599794749,3.171807012439775,30.523462756751464,48.261110929693366,0
POL,2012,405.0957,2563.690892145256,3899.176642278083,10.9,89.25736559371897,10.761864819691748,498148649702.66,13087.42094332095,28952.915730530058,38063164.0,60.6341632788866,30.228165711404344,2.98562113420809,30.583893932466857,47.44628045196264,0
POL,2013,399.1533,2567.1820849197884,3938.255207728162,11.4,89.20281929760603,10.761872645521937,518179836405.3601,13621.902379403096,29168.624211074955,38040196.0,60.5333187465323,28.67683334880154,3.226525368672486,30.64432905522354,47.05920773325495,0
POL,2014,385.4238,2473.7977071336204,3971.799761310553,11.6,87.05763270233058,12.876674693038431,542134167178.6268,14262.284191411594,30334.87865696185,38011735.0,60.4340063344328,29.935123977815262,2.9711990223279936,30.705770926548876,47.108004833600056,0
POL,2015,387.923,2498.774065938599,4056.081948460939,11.9,85.76668445048017,14.194138616742652,480054118583.3665,12637.522032440616,31700.368236415372,37986412.0,60.3362886805635,30.99393002955408,2.48363694237949,30.76521114340769,46.93490969659362,0
POL,2016,399.4495,2614.9716049053827,4191.167642044117,11.3,85.85591262339844,13.99115431932067,473259583969.64294,12464.011050847552,32675.305225995377,37970087.0,60.2402284228997,30.67348710583293,2.6237968659563977,30.81420033312649,46.94470753453738,0
POL,2017,412.81,2734.4272760883487,4285.891922190769,11.1,85.35007186225911,14.448520224092922,528356676667.2107,13913.340291992668,34354.59876163194,37974826.0,60.145888199417,28.80907595816582,2.9853728598643055,30.85339168490153,47.23211078088768,0
POL,2018,411.6684,2865.526831447633,4393.419311516205,15.1,86.71010768117903,12.97828733408218,594616687350.0171,15658.212031679395,36500.41142825841,37974750.0,60.0533306480907,28.861461724251452,2.4156413686616656,30.894601038638665,47.39850409902996,0
POL,2019,392.6558,2761.0724621292634,4363.43809737663,15.6,83.55306485840427,15.976114105910188,602683770144.8804,15874.522053125382,38181.62303346887,37965475.0,59.9626184068963,28.83152421703518,2.3702974464644333,30.939858220900984,47.44372937832805,0
POL,2020,375.6244,2710.9560623210286,4299.900937600924,16.1,81.2480226775161,18.39951405322636,605914237903.7422,16150.930481347252,37852.802131363875,37515748.0,59.8738141138092,28.566948621381528,2.5684442354741552,30.977035899781143,48.12661287688237,1
POL,2021,403.1414,2920.1135253864772,4631.200107058764,15.2,82.18904309389805,17.459998552588363,689170230665.3503,18635.51048957537,41059.5847829682,36981559.0,59.8096513205543,28.485999343231946,2.2455230436164624,31.01927474681477,47.36916040509637,1
POL,2022,384.9357,2798.007746233972,4552.825559698427,15.2,78.08709971738212,17.459998552588363,695607470875.2762,18891.212116927854,43405.021579744105,36821749.0,59.8315488048321,29.18148249673477,2.806069303578051,31.059492306184456,46.313175863308174,0
POL,2023,354.3109,2639.203859966864,4381.864235340173,15.2,71.16968009464514,17.459998552588363,812451193396.1426,22145.26606474287,43672.76680149465,36687353.0,59.8859561370214,29.390379805544153,2.7653710946764445,31.08041923792732,47.605054363796654,0
POL,2024,348.195,2646.7365667250974,4369.593858820835,15.199999999999998,71.16968009464514,17.45999855258836,917767106146.7616,25103.56566142297,45153.04397732806,36559233.0,59.9705468695101,27.248077971616823,2.5403237284832456,31.08041923792732,47.605054363796654,0
PRT,2000,80.5716,2390.188701226378,3988.9608235183673,20.1,69.11388355726167,30.29887578831917,118605192877.38847,11526.372066796825,35069.827570513015,10289898.0,54.4051635389142,24.461574396867892,3.1097482841591537,35.857923497267755,43.23912568306011,0
PRT,2001,79.4931,2391.3211373766853,4119.670488120785,20.8,64.87346535079232,34.57825367133243,121604107164.9966,11734.764974395395,35500.226680409,10362722.0,55.0679833009212,24.14388424014025,2.9607495735831626,35.826229508196725,42.11825136612022,0
PRT,2002,83.9636,2477.602758309071,4271.168527944991,18.3,77.33315982388791,22.100765610427917,134795565549.41943,12936.692820448196,35578.520030899715,10419631.0,55.789299869679,23.496988651963356,2.7228908615661673,35.79453551912568,42.37945355191257,0
PRT,2003,79.2019,2400.861398442014,4375.732216853124,22.1,60.9152224024588,38.49141978997695,165226175536.7926,15797.782134027591,35115.37951441272,10458821.0,56.5865509520713,22.629715019165957,2.6511807957093474,35.762841530054644,41.67956284153006,0
PRT,2004,81.2254,2463.1024880892833,4533.539694965433,19.9,71.48874847577873,27.918323910874623,189382122532.1688,18064.15809329872,35658.12982575034,10483861.0,57.4171857647664,22.236956623803465,2.6021411799775507,35.731147540983606,42.29081967213115,0
PRT,2005,84.7248,2519.1390186154676,4682.895805425517,18.1,80.78112251470777,18.565787778588913,197253876704.9213,18780.127512409996,35870.30927414988,10503330.0,58.2450763389585,21.38330860632941,2.3034933544873506,35.711162129659996,41.80485405050836,0
PRT,2006,79.9003,2390.4637459949777,4827.4671820425365,22.3,66.36895658734528,33.00844191594788,208756449275.84793,19839.45404990321,36387.536737951945,10522288.0,59.0340947058419,21.14765296373608,2.2531375152081403,35.67945774570897,41.08079151634416,0
PRT,2007,78.1636,2402.5106651940287,4890.465337830993,23.1,64.31897062558198,35.07718191822568,240496147317.38077,22811.05648443652,37226.470262670045,10542964.0,59.7481128966109,21.15335284617603,1.9981559395466697,35.64775336175796,40.02317699792282,0
PRT,2008,75.7956,2337.492531470499,4850.837412557111,23.2,66.43537651716187,32.93298386044286,263416394624.08353,24949.041356673933,37291.50489696603,10558177.0,60.3510029424595,20.386279764131636,1.963771852319814,35.61604897780693,40.733136547501914,0
PRT,2009,74.9566,2304.178484154704,4843.849694277585,24.9,61.531260581193855,37.87553528392455,244667762835.5432,23151.21541307117,36092.81093146847,10568247.0,60.8066368745822,19.857190463856018,1.950626211841254,35.53772245878371,40.34916475597773,0
PRT,2010,69.519,2222.628335471092,4959.0943053598285,27.8,46.23405435385469,53.15566648178961,238443864993.21713,22551.93509880897,36703.11418828215,10573100.0,61.0788867241731,19.933531098246327,1.940348709760941,35.50605961349492,39.89704116169888,0
PRT,2011,67.7323,2164.0321987525713,4848.184618415618,27.2,52.31977431283595,47.06295985665815,245426767676.00244,23246.542541648112,36127.29497661537,10557560.0,61.1410698395502,19.33197280293576,1.8384390598892963,35.63707828365542,39.84452451140954,0
PRT,2012,66.2532,2039.1699971103328,4736.351770886948,25.5,55.663534560432495,43.78429227270777,216536676771.97272,20593.4274224109,34804.633334048114,10514844.0,61.1409793914666,19.08675838642449,1.9200468734934844,35.76809695381592,40.008843760235834,0
PRT,2013,64.6378,2055.5881660198356,4685.150414136734,30.2,40.183461382153155,59.23739670621021,226677408291.74533,21676.485964271385,34651.771945505534,10457295.0,61.1405315215642,18.88309737729487,2.0418870649790235,35.89315890364303,40.40272822940182,0
PRT,2014,64.4135,2035.4114254711392,4662.600799802944,30.5,38.14817620544677,61.36896329684481,230078616299.6753,22120.685012710743,35097.40982632285,10401062.0,61.1394537361116,18.98504400991342,1.9765910148438568,36.023998532840785,39.99624477106203,0
PRT,2015,68.8611,2121.0872664786975,4807.070347813628,27.2,50.745898512018314,48.66634872186189,199038523119.63937,19215.781301434683,35803.35756497687,10358076.0,61.137469211538,19.593849825858864,1.975412501296248,36.154994891142024,39.72224405494861,0
PRT,2016,67.7448,2111.097113212303,4875.621909820509,29.0,43.94569775729749,55.52329725339389,206305431241.63824,19980.280886651573,36636.2978441633,10325452.0,61.1343011242723,19.44817809483103,1.9223584083783245,36.154994891142024,39.506645881911155,0
PRT,2017,72.8197,2209.9813508897996,5014.125802161102,24.4,58.62092174117885,40.900994430516064,220862990767.2286,21442.384276887915,37943.11505056734,10300300.0,61.1296726507436,19.249383312706165,1.963673452068245,36.154994891142024,40.1000899508327,0
PRT,2018,68.8776,2140.975589218143,5048.609359438543,27.5,48.18901334764236,51.37329800791469,242092894542.88766,23541.14010752886,39123.61512825712,10283822.0,61.1233069673808,19.382043538197507,1.9181747091866608,36.154994891142024,40.79190027683897,0
PRT,2019,64.5604,2115.185704819768,5016.982357927267,28.2,45.242126650863526,54.23921059562779,240115970063.01923,23343.362897003433,40188.286879921936,10286263.0,61.114927250613,18.886083188208,1.9999184576970397,36.154994891142024,43.12531657453256,0
PRT,2020,58.6825,1957.305501929945,4858.949832481652,31.3,39.877161912656845,59.628697388748634,229618773422.5765,22299.404406217305,36852.22873380996,10297081.0,61.1042566768691,19.394533342224097,2.1408969252042844,36.154994891142024,43.16609028269014,1
PRT,2021,56.9598,1943.2926967549456,4901.643348554903,32.3,34.53186606249633,64.90617705329646,256055879091.13928,24711.451006211093,38657.6677223425,10361831.0,61.0951249296597,19.312836959792996,2.1620462983815076,36.154994891142024,43.253856751115656,1
PRT,2022,57.3189,1949.8649610393172,5085.232097272734,32.3,38.26705185731555,64.90617705329646,256898677175.02435,24620.51975871808,41070.861152974016,10434332.0,61.1259255772782,18.403242855589777,1.9054367619393515,36.154994891142024,42.78949649366414,0
PRT,2023,54.9777,1853.1567201688872,5146.351345704845,32.3,23.76078135513733,64.90617705329646,292323800948.8385,27634.6183139773,41768.254919262574,10578174.0,61.2048652633664,18.711893724423565,2.13721069426312,36.154994891142024,43.33752194189002,0
PRT,2024,53.1696,1815.40132453961,5293.846539228239,32.3,23.76078135513733,64.90617705329646,313271185085.1023,29292.242104753037,42197.20251358284,10694681.0,61.3281907341332,18.689691061755113,2.021671208677539,36.154994891142024,43.33752194189002,0
ROU,2000,130.3786,1615.3348823531207,1987.660189909794,16.4,61.0390110524897,28.455347171409866,37253739511.12733,1659.929049105278,14853.66796599431,22442971.0,52.8619549004535,30.263462140068825,10.853918051861497,27.713203604544866,64.67720168908625,0
ROU,2001,136.0003,1666.724007674134,2066.783932925989,13.4,62.1857943786433,27.703931979356177,40395116581.48316,1825.192993731835,15848.36963716381,22131970.0,52.764808691157,32.33720698449801,13.1496003966219,27.77806799878107,64.42035610117104,0
ROU,2002,135.611,1755.331086431911,2079.9341165521487,14.4,60.60323723921225,29.319668237787276,46065502702.581696,2119.8550968455434,17061.700124044186,21730496.0,52.7466427937759,33.32698502346138,11.34243768531866,27.823552442684996,64.46252229521033,0
ROU,2003,140.6575,1841.5743386904785,2237.937815531294,15.7,67.05114254624593,24.051505259339866,57806384143.16596,2679.4062601615437,17587.535552895144,21574326.0,52.8023493819682,32.048493728558505,11.914384089838556,27.878669275929553,64.36181778647531,0
ROU,2004,140.3674,1807.0420802467936,2295.570505489809,17.3,60.946211437370565,29.234234234234236,74973656851.80765,3494.9905644895534,19532.56102162835,21451748.0,52.9175295523808,31.834787360082196,12.705511460907612,27.937391304347827,61.43478260869565,0
ROU,2005,138.3283,1808.1876184458072,2365.41956412583,18.5,56.62733745139953,34.02130846784374,98454380120.07608,4618.003508029132,20571.010822219916,21319685.0,53.074507031037,32.265874276088944,8.486104289206757,28.00460909644317,61.65753543786416,0
ROU,2006,144.7726,1881.717665484822,2446.2860766565254,17.4,61.73341627191093,29.283538287318372,122023735992.70624,5757.531273011785,22354.65649028438,21193760.0,53.2566380678272,32.97827709324179,7.82080658741648,28.069397338899034,61.04443864683885,0
ROU,2007,142.5096,1900.483214482472,2529.9068878189905,18.2,61.55043536069269,25.94892416454526,174588782938.583,8360.337759165957,24328.49402301962,20882982.0,53.4472789126416,34.28218254974088,5.50150097100926,28.14519987820262,59.28922528165644,0
ROU,2008,140.0451,1925.0935948165811,2605.8197354887006,20.4,56.201120758667415,26.517550341769812,214315932061.2754,10435.15612307872,27039.71221953336,20537875.0,53.6297858153706,36.77437066461862,6.301930565728485,28.20878642888212,59.30404523705959,0
ROU,2009,118.2457,1707.812282563514,2390.574742971482,22.1,52.46319853828386,27.278967145861344,174110532658.86713,8548.454340924196,25761.73738509063,20367487.0,53.7875150259042,36.4231420350652,6.116142632519123,28.25393375641137,59.2062940102582,0
ROU,2010,116.5131,1724.6984869283651,2550.8632914192026,24.1,47.05882352941176,33.88112300956067,170064350671.8273,8399.537423428405,24903.00776138347,20246871.0,53.9038227941329,38.3073286489437,5.177246633576804,28.3199304499022,61.53444903281895,0
ROU,2011,122.4102,1771.7035855322251,2639.033433779072,21.1,54.546185126251665,26.57198193419805,192623977894.17337,9560.675527745803,26150.856070210517,20147528.0,53.9608874244169,40.20991596209354,5.950888485870222,28.640535256549505,60.746404831211706,0
ROU,2012,119.3905,1736.5762047966514,2604.24313747583,21.5,54.84291641967991,25.73828435938691,179117323107.08725,8929.953662314741,26767.56665324055,20058035.0,53.9563092496073,34.42764635157539,4.54079724771484,28.99480045213459,59.703504043126685,0
ROU,2013,111.2215,1590.1938130207463,2494.583959030996,23.1,45.45747860345062,34.811149979622336,189798603751.23535,9497.674116152371,26942.04361303412,19983693.0,53.9101758034365,32.07260850429204,5.509725568921242,29.329113593879057,60.448637134286834,0
ROU,2014,111.3112,1579.4065979313154,2584.4117872644297,24.3,40.19428710640112,42.026158718557774,199722319675.74103,10031.771075540391,28156.247547681534,19908979.0,53.8267187624053,32.570021153975524,4.948340945276235,29.658240611961055,60.10952712100139,0
ROU,2015,112.2452,1598.6917978579215,2644.7323161692275,23.7,42.355496560878485,40.08626463135031,177885131240.31528,8977.017481581965,29181.99918936632,19815616.0,53.7071839518893,30.811807082351994,4.425929683954189,29.99374130737135,60.231223922114054,0
ROU,2016,111.5446,1604.6233504068691,2688.0663022179124,24.4,40.458965024653246,42.2055051226518,185290759248.84393,9404.540058707147,30189.272917288625,19702267.0,53.5528171972639,30.121384746315492,4.292175372552398,30.115829276773297,58.76651599443672,0
ROU,2017,115.2104,1693.373642017146,2777.5686153992233,23.4,43.77410725395048,38.32397038696031,210147385855.41937,10727.982200742588,32852.77180696266,19588715.0,53.3648643239046,29.11309331878538,4.438842836821937,30.115829276773297,58.144993045897074,0
ROU,2018,116.06,1717.1174802241453,2838.4556410428895,23.0,41.415931931685066,41.043976200752205,241791427223.9033,12416.134317958962,34829.040299068445,19473970.0,53.1445711571868,29.10751092388515,4.506608892804275,30.115829276773297,58.30146036161336,0
ROU,2019,113.9659,1705.2577760464883,2820.5653953654332,23.5,39.04766696856865,42.03193452081446,250080428511.59476,12909.610401324388,36399.6255565426,19371648.0,52.8931835224862,27.7745670712094,4.311478313199922,30.115829276773297,60.09214186369958,0
ROU,2020,108.1538,1669.6382293589024,2726.411544101426,24.1,34.93402939178317,44.564593985768944,250625048303.5783,13009.177057322291,35283.75235678523,19265250.0,52.611947245178,26.621878780317637,4.071844262406822,30.115829276773297,56.715055632823365,1
ROU,2021,113.4783,1787.0956424592405,2900.8382413211884,23.6,36.16781570539768,44.85742391121574,285071280114.4693,14907.980365214296,37534.15591769115,19122059.0,52.2321512130811,26.20492111653862,4.616339720377999,30.115829276773297,56.84544506258693,1
ROU,2022,107.3061,1655.2381897484483,2717.536528594217,23.6,37.3558087211171,44.85742391121574,295319437556.9881,15503.551804597972,39256.98888338521,19048502.0,52.1634832477272,27.59917717621681,3.8180329334626992,30.115829276773297,55.10257301808067,0
ROU,2023,101.2864,1600.6194233399117,2585.270432465935,23.6,30.907867959021768,44.85742391121574,347757995758.91394,18244.418687632093,40116.85550542626,19061062.0,52.1645747011867,27.087214365757426,3.324169099167977,30.115829276773297,55.26338664812239,0
ROU,2024,101.8576,1600.6194233399117,2585.270432465935,23.599999999999998,30.907867959021768,44.857423911215726,382564217988.8657,20080.209621559497,40504.00029459583,19051804.0,52.1674778928768,25.254480303445355,2.8114352836341725,30.115829276773297,55.26338664812239,0
RUS,2000,2084.3476,4224.9895188714645,5198.405704012683,3.5,65.97179658359973,18.940809965298268,259710142196.9428,1771.59411621094,20104.75,146596869.0,73.1568222045898,33.91897031752003,5.751715628499562,49.40184990971434,13.256668868358751,0
RUS,2001,2092.1256,4287.908294932577,5274.363304631495,3.6,64.57391807773953,19.838042644095484,306602070620.5005,2100.3525390625,21219.904296875,145976482.0,73.22998046875,31.837354123332055,5.875721567679635,49.440381943342175,13.239021662421765,0
RUS,2002,2084.5671,4289.439572860517,5304.415259559935,3.5,65.35541381264129,18.53498375940356,345470494417.8628,2377.52954101563,22319.677734375,145306497.0,73.2929008030615,29.05639281196621,5.565713752827663,49.474689486683914,13.225797786940188,0
RUS,2003,2150.1386,4461.831760057632,5478.130458183845,3.3,66.14561392403682,17.349122435571427,430347420184.88513,2975.123046875,24057.927734375,144648618.0,73.4057388305664,28.65313499460585,5.502946052148309,49.51038521504818,13.202934134587796,0
RUS,2004,2162.8787,4494.501528368509,5633.845500390942,3.5,65.15503855172155,19.22005333390566,591016690732.3846,4102.36474609375,25894.146484375,144067316.0,73.3065795898438,31.702222426958805,4.904441947977319,49.54544561061655,13.18460213305106,0
RUS,2005,2166.7251,4541.208635017685,5770.100636422483,3.6,65.67938255309595,18.48262696126058,764015973481.1102,5323.455078125,27656.658203125,143518814.0,73.1613922119141,32.62923207329212,4.2559160059749415,49.58077733330322,13.166159892414504,0
RUS,2006,2203.8702,4689.151084432595,6098.533476180719,3.5,66.36593512312787,17.785614293719384,989932071352.5432,6920.19970703125,30022.671875,143049637.0,73.2439193725586,31.780260587362047,3.861312471233834,49.62765070150093,13.15737091930877,0
RUS,2007,2216.1012,4710.474520962688,6286.049391760578,3.7,66.36472960102745,17.80797334470563,1299703478481.653,9101.2392578125,32630.369140625,142805114.0,73.3856048583984,31.222040801973748,3.7789017062609016,49.66347432551744,13.155844457171748,0
RUS,2008,2206.7809,4822.381363199592,6399.683749112019,3.3,68.01069610209356,16.211773786283654,1660848058303.1138,11635.2841796875,34342.2265625,142742366.0,73.4822463989258,30.78688170075321,3.753341188134908,49.70193816034443,13.158436257966263,0
RUS,2009,2092.075,4529.2031992861275,6095.380318714494,3.6,65.44154116010404,17.952821629468335,1222645900055.6956,8562.82421875,31654.00390625,142785348.0,73.5288696289062,29.326939025544423,4.084448697184168,49.73776368744456,13.158436257966263,0
RUS,2010,2191.1928,4853.367530317663,6409.894365164874,3.3,67.04382339624095,16.416799129119582,1524916715223.946,10674.990234375,33063.5859375,142849468.0,73.6696307887624,29.999588218511963,3.34389824902191,49.773589214544664,13.158436257966263,0
RUS,2011,2283.4198,5004.2343925046525,6483.161111074014,3.2,67.4000369750608,16.083166392513974,2045922753398.036,14305.33203125,34444.64453125,143018195.0,73.8534851074219,29.413588837874705,3.150725721296204,49.771083973921755,13.158436257966263,0
RUS,2012,2293.7574,5056.083234008337,6608.977986768123,3.2,67.46456169319363,15.7505281423771,2208293553878.4243,15401.8515625,35740.69921875,143378447.0,73.97265625,29.102868072665977,2.9260308777535338,49.76857873329886,13.158436257966263,0
RUS,2013,2243.8938,4919.898701624223,6525.627319284937,3.6,66.14685032084087,17.404475720711705,2292470078346.2236,15941.4482421875,36260.06640625,143805638.0,74.0762949770228,28.191289179935247,2.9936004877667814,49.76607349267595,13.158436257966263,0
RUS,2014,2233.881,4915.7574663315245,6583.543278561318,3.3,66.0111237757316,16.812539289818616,2059241589895.015,14055.47265625,35853.24609375,144237223.0,74.1776476748791,27.931527060609895,3.3606054880425154,49.76356825205305,13.158436257966263,0
RUS,2015,2248.7539,4804.230149285165,6563.387034118387,3.2,65.42128474329864,16.08600863289944,1363482182197.705,9277.7138671875,35037.15234375,144640716.0,74.275919065527,29.794059987434917,3.873104487322988,49.761063011430146,13.158436257966263,0
RUS,2016,2237.8431,4936.0426697132225,6683.604630844187,3.4,64.54779357509307,17.267672068877964,1276786350881.137,8663.158203125,35005.44921875,145015460.0,74.3703138709243,29.173905066920824,3.840217284599509,49.77269771329931,13.158436257966263,0
RUS,2017,2286.9044,5018.773525713884,6734.187119209797,3.2,63.986994283040666,17.277438846080738,1574199360089.0022,10658.9130859375,35570.390625,145293260.0,74.460036813029,30.673296885343714,3.553632089909759,49.78436050356387,13.158436257966263,0
RUS,2018,2376.93,5279.094160603378,6873.349505666875,3.2,63.98605318121449,17.512890853049925,1657328773461.3062,11211.8876953125,36536.6953125,145398106.0,74.5442926137992,32.554298053084054,3.394253380697601,49.78436050356387,13.158436257966263,0
RUS,2019,2409.0263,5082.729956034195,6902.4495293131595,3.2,63.40606977134032,17.79043898663566,1693115002708.3157,11447.701171875,37319.3203125,145453291.0,74.6222859951926,32.15049583653793,3.5303029139216644,49.78436050356387,13.158436257966263,0
RUS,2020,2325.7999,5068.385503649705,6770.332871979999,3.7,59.8600306332118,20.07658853576368,1493075894362.1426,10108.3271484375,36376.3359375,145245148.0,74.6932216791674,29.717124581429545,4.006351634015462,49.78436050356387,13.158436257966263,1
RUS,2021,2498.4553,5710.552792790267,7186.675443558454,3.5,61.21340398959476,19.15447518405818,1829186719575.096,12425.029296875,38638.4296875,144746762.0,74.7516840220252,31.785999154859155,3.6715637899051656,49.78436050356387,13.158436257966263,1
RUS,2022,2459.3934,5707.157267538904,7184.394304889996,3.5,62.206392709930455,19.15447518405818,2291612121334.643,15619.6142578125,38214.49609375,144236933.0,74.8544893625017,32.230143568513775,3.420293536128079,49.78436050356387,13.158436257966263,0
RUS,2023,2512.8196,5498.305256225611,7285.352112303933,3.5,62.206392709930455,19.15447518405818,2071505725030.579,14159.3876953125,39887.33984375,143826130.0,74.9805047873279,30.408132921899757,2.972235897806606,49.78436050356387,13.17107603589697,0
RUS,2024,2575.6548,5498.305256225611,7285.352112303933,3.4999999999999987,62.206392709930455,19.154475184058175,2173835806671.656,14889.0185546875,41704.7109375,143533851.0,75.1119136177067,30.720132653879805,2.7435724338742578,49.78436050356387,13.17107603589697,0
RWA,2000,4.1093,412.4473510130679,25.322832636407583,86.8,36.52694610778443,63.47904191616767,2068836754.374305,251.8692638609096,1016.66199090104,8213931.0,15.7804474645996,16.819989420586133,31.184987178904112,11.6335630320227,74.01702472638833,0
RWA,2001,4.2446,408.92132585205746,26.185294869347445,86.9,40.0,60.31999999999999,1966600715.4984095,237.30884620090103,1093.1840983842944,8287094.0,16.5487399668155,16.438327798148663,31.79400060449052,11.544385893798136,76.895014187272,0
RWA,2002,4.4503,409.08307359348134,28.45177127156799,87.1,42.10526315789473,58.19883040935673,1966003468.4911728,234.0430167557329,1220.7394919553026,8400180.0,16.8778847116752,16.39183842001834,30.194686574194183,11.455208755573572,76.53019862180787,0
RWA,2003,4.5828,398.62561336318856,27.716718829609142,87.3,33.88888888888889,66.11666666666667,2138237278.7382245,249.0122749822519,1220.499166867418,8586875.0,16.8947432312369,14.28732208069252,33.035367243809496,11.366031617349009,76.44912849614917,0
RWA,2004,4.7236,390.8153639642427,23.59120791974997,87.6,41.78082191780822,58.6917808219178,2376496067.0119786,269.54044633340214,1277.1928044082854,8816844.0,16.9020099536792,14.585013968554458,33.89526182405104,11.276854479124443,76.32752330766112,0
RWA,2005,4.7961,356.54653249353254,24.518119553001547,89.2,47.64397905759162,52.680628272251305,2933819766.176559,324.0168638471888,1360.2958757027577,9054528.0,16.9072114459454,14.9498202744611,33.77561652930221,11.187677340899878,76.24645318200243,0
RWA,2006,5.0702,355.8527356513302,28.17432725190838,90.6,51.8796992481203,48.278195488721806,3319784538.7334623,356.99502290115373,1446.7109468655126,9299246.0,16.9110139245047,15.83299216311194,30.02610800282504,11.098500202675314,76.36805837049047,0
RWA,2007,5.1863,352.7666097072325,27.6441730010043,90.3,50.79365079365079,49.53571428571429,4070507894.6165586,426.2341834876285,1516.2675060932334,9549933.0,16.9140836058266,16.733482183907743,26.06848412169397,11.00932306445075,76.1248479935144,0
RWA,2008,5.398,352.0907040369792,29.98693732291515,90.6,44.56140350877193,55.67368421052632,5179854064.570328,528.3263917555024,1641.7776740167228,9804269.0,16.9170867063804,16.263838533933146,24.780513329917557,10.920145926226184,76.20591811917309,0
RWA,2009,5.5458,355.0650286381241,29.422195786423487,90.5,47.756410256410255,52.44871794871795,5674476969.064441,564.039095842449,1699.9445299269448,10060432.0,16.9206894426355,15.68858118712448,25.357527327914926,10.830968788001622,77.25982975273612,0
RWA,2010,5.8254,353.90911659394624,28.10743981639833,90.5,60.278745644599304,67.70731707317074,6124756654.123457,593.6249277443457,1779.1585105156846,10317553.0,16.9255580310614,16.328981915635005,24.314489398543905,10.741791649777058,77.90839075800568,0
RWA,2011,5.7781,355.2284297668638,31.68228287966038,89.7,56.60919540229885,65.14080459770115,6884913658.106317,651.1336779646617,1874.214981728728,10573733.0,16.9323586881273,18.16784485075073,23.837195954405725,10.782326712606404,78.75962707742197,0
RWA,2012,5.9572,358.87640785278927,35.365050890123555,88.8,53.43511450381679,69.89058524173029,7654761050.185872,706.8172691685614,1988.0121947884684,10829901.0,16.9410248882148,18.225503421087367,24.76543200853397,10.822861775435753,79.40818808269154,0
RWA,2013,6.1531,359.52601472997765,33.26320116394161,88.5,59.5108695652174,67.53658536585367,7819964030.179366,704.9242185112298,2032.4048019409224,11093340.0,17.0742206053612,17.616855978451067,24.92031674640937,10.8633968382651,80.25942440210783,0
RWA,2014,6.2212,356.66455010749286,35.46050302703349,88.0,49.64200477326969,72.45368171021379,8238966124.231147,724.9575265209055,2106.2145436558853,11364757.0,17.5020716539756,17.551383486390783,24.688320785452117,10.903931901094449,81.31333603567086,0
RWA,2015,6.8755,354.4289940222742,41.4947669342893,86.3,42.93893129770993,66.02277039848198,8543760199.802085,733.9986298824938,2238.539414696418,11640022.0,18.1953149858416,17.446663188132693,23.981004527425068,10.944466963923794,81.3538710985002,0
RWA,2016,6.8912,351.76677152856195,48.74495173033253,85.5,51.5195007800312,52.99849170437406,8695272057.917976,729.5191338129448,2316.6373157381445,11919183.0,19.1213951786548,16.836991293931515,25.15270948263272,11.025537089582487,81.27280097284151,0
RWA,2017,7.0401,355.1802276070581,48.680304800992616,84.5,54.22427035330261,50.537290715372905,9252833891.408709,758.3009665096474,2351.596868662269,12202060.0,20.2477568101111,17.284223248737312,26.345437663544523,11.066072152411836,81.27280097284151,0
RWA,2018,7.3038,357.71621717478047,57.49521380371999,82.8,57.2538860103627,47.22179487179487,9637904520.862831,771.7735112073091,2493.4400174493794,12487996.0,21.5418444579064,17.349979752863646,24.622724616556606,11.106607215241183,79.00283745439806,0
RWA,2019,7.4914,358.4603818781314,56.27694141163389,81.8,49.8220640569395,51.12835472578763,10349300276.762283,810.0514121373539,2667.464584366134,12776103.0,22.9711026997362,18.86474597143116,23.560629300382992,11.14714227807053,77.17875962707743,0
RWA,2020,7.6415,358.2495502076721,56.10050087108847,81.7,36.93901035673188,63.326553672316386,10174386856.610067,778.7014989250262,2520.317394253728,13065837.0,24.5029761132966,18.63827503948429,26.655919549696662,11.187677340899878,79.39197405755979,1
RWA,2021,7.8139,362.6792260620453,61.99804421628632,79.4,42.00819672131148,59.89336016096579,11078787090.156437,829.5448452636966,2733.4356676244715,13355260.0,26.1049092762833,20.452293269316865,24.070696622017877,11.228212403729229,81.25091203891365,1
RWA,2022,8.2309,369.8752672959982,69.51856380068024,79.9,47.774750227066306,59.89336016096579,13316161002.391228,975.4693237353686,2892.4596494282064,13651030.0,27.7806702737761,21.26953122778052,24.886975847495968,11.268747466558574,80.03677746250507,0
RWA,2023,8.3469,371.93592669295026,76.67793354545651,79.9,47.774750227066306,59.89336016096579,14331722703.41337,1027.0344682656455,3062.9990964944227,13954471.0,28.8555310645477,20.70325335041599,26.612127488197984,11.309282529387922,76.33283340089177,0
RWA,2024,8.3499,371.93592669295026,76.67793354545651,79.9,47.774750227066306,59.893360160965784,14251642235.096836,999.6545616554698,3264.6445147439244,14256567.0,29.8849714294083,20.9658580178961,24.580769608907794,11.309282529387922,76.33283340089177,0
SAU,2000,350.3148,6516.007555622108,7235.87659622288,0.0,100.0,0.0004833942198730496,189514933333.33337,11714.562367515857,55962.26613427894,16177722.0,79.9704860819453,53.450282194120845,4.900933048723688,0.4544841349217794,80.84884722913537,0
SAU,2001,362.4811,6348.589353670712,7399.51073260015,0.0,100.0,0.0004563374802690146,184137600000.0,10805.311325121997,53309.111388543955,17041397.0,80.155242811133,50.78129978161259,5.134855673148776,0.4544841349217794,80.84359456479771,0
SAU,2002,380.3516,6826.995731875767,7364.6732633908605,0.0,100.0,0.0004303776034317323,189605866666.66663,10586.05434713628,50371.978307983365,17910910.0,80.3438134074234,51.00264126848396,5.037537516420026,0.4544841349217794,80.8402025873498,0
SAU,2003,407.3881,6631.815856729687,7771.321164519685,0.0,100.0,0.00039869281045751634,215807733333.33337,11487.22041069298,52234.64928079102,18786767.0,80.5414456330177,53.96396051299984,4.471881761419732,0.4544841349217794,80.83820620647629,0
SAU,2004,429.7568,6375.5447304810805,7470.86349003634,0.0,100.0,0.0003815480844409695,258742133333.33337,13154.497898944626,54196.551415295326,19669480.0,80.7542316538166,56.70562093739662,3.8683559332689534,0.4544841349217794,80.83900087919655,0
SAU,2005,457.1585,6447.071902490286,7662.735549655178,0.0,100.0,0.00034634689196248096,328459608764.1109,15975.747378225802,54931.79424508451,20559890.0,80.9775503092999,61.73723625272288,3.1854016709850983,0.4544841349217794,80.83840004837907,0
SAU,2006,480.8365,6605.44101687621,7811.867985041715,0.0,100.0,0.0003362104126018277,376900133511.34845,17563.614537063942,54373.737695386,21459144.0,81.2008588083072,62.53699102580179,2.919961940954636,0.4544841349217794,80.83733398769125,0
SAU,2007,502.5681,6696.947472793991,7816.637758958398,0.0,100.0,0.0003201511533314089,415964509673.1154,18596.15026278984,53318.41916018336,22368313.0,81.4230015549063,62.69342268256837,2.7427674783667464,0.4544841349217794,80.83533756029941,0
SAU,2008,538.9277,6980.058970297549,8007.943360401638,0.0,100.0,0.00029872673849167485,519796800000.0,22320.48889643311,54407.70816732466,23287877.0,81.6441431042994,66.42934315871125,2.2926907848092433,0.4544841349217794,80.83287599607385,0
SAU,2009,558.5048,7125.053004947052,8221.977240239703,0.0,100.0,0.0002809998065247234,429097866666.6667,17718.391164836474,51760.764398756575,24217654.0,81.8644480116889,54.64500095393934,2.830434331375531,0.4544841349217794,80.83134475203401,0
SAU,2010,603.2707,7965.261218625053,9119.883168608594,0.0,99.99833382624308,0.0017036626664611,528207466666.6667,22028.390142658573,54911.54751701202,23978487.0,82.0791668544465,58.03144017148817,2.6191223852445855,0.4544841349217794,80.82097507082416,0
SAU,2011,634.2139,7979.379965733598,9027.02855869593,0.0,99.9980006557849,0.002155293063875,680660800000.0,27126.74987477018,58645.44594165308,25091867.0,82.2543876159947,63.080386980808456,2.1528882912996705,0.4544841349217794,80.81804827672828,0
SAU,2012,669.6806,7862.423541036579,10145.646002705276,0.0,99.99827189338274,0.0088617307333393,751921333333.3334,28733.437551345218,59471.70019093943,26168861.0,82.4311918025358,61.94289828191247,2.0620951482513243,0.4544841349217794,80.81326079574264,0
SAU,2013,678.3201,7401.1713026558355,10244.640856553597,0.0,99.99142095398992,0.0140168875778303,769755733333.3334,27865.465604962024,57998.464461915544,27624004.0,82.6071884619102,58.97025688495467,2.147832870964434,0.4544841349217794,80.80847326823869,0
SAU,2014,721.0809,7959.813516523438,11159.700215544211,0.0,99.98754145432756,0.0136095183571282,787153066666.6666,27805.48503194224,58872.26714001262,28309273.0,82.7822571294871,56.165340481004286,2.279404192119855,0.4544841349217794,80.76614549074517,0
SAU,2015,752.8871,7786.916516648634,11233.925028194231,0.0,99.98723218820864,0.0127345044562438,693414400000.0,23256.154955353068,58498.53990406989,29816382.0,82.9562773406163,44.601169709387825,2.753870316701432,0.4544841349217794,80.76261395829167,0
SAU,2016,757.4557,7521.589115817118,11051.19893592462,0.0,99.98753343613733,0.0124340760896077,689279466666.6666,22267.721705038737,57308.448412749705,30954198.0,83.129128630626,42.53059620132792,2.9180229944467615,0.4544841349217794,80.7596872107141,0
SAU,2017,752.6942,7707.056329673918,11201.085438056283,0.0,99.9826058539208,0.0184114400771667,741266133333.3334,23929.290713598155,57942.548498304415,30977355.0,83.300690534822,44.8899324686986,2.8352570089087212,0.4544841349217794,80.75913285171352,0
SAU,2018,736.7053,7650.763387960159,11788.703383704767,0.0,99.98329486869768,0.0562251679456406,886564800000.0,29360.065896856635,61359.46537403877,30196281.0,83.4708425884849,49.01474394953044,2.413961543852557,0.4544841349217794,80.75825291088482,0
SAU,2019,738.285,7669.3990541766525,11876.276847114365,0.0,99.9171956941761,0.068837561920283,888890133333.3334,29566.79338274359,62647.729948784225,30063799.0,83.6394643268678,45.72344598717562,2.4538465646148095,0.4544841349217794,80.76366918020737,0
SAU,2020,740.2048,7172.008035474515,11360.99790476257,0.1,99.76754149143554,0.06764821408208,767951200000.0,24338.830730106733,57420.73357364236,31552510.0,83.8064352851942,38.30045450804687,2.9555697462720723,0.4544841349217794,80.77340779368188,1
SAU,2021,757.9945,7467.02479068822,12074.531427185011,0.1,99.75531037655288,0.0652981651937174,982661066666.6666,31920.765365564308,62690.49666459286,30784383.0,83.9716349986538,45.95733110012296,2.448127926916273,0.4544841349217794,80.77323567584163,1
SAU,2022,804.6539,7525.25321185534,11840.601327282136,0.1,99.3961880340656,0.0652981651937174,1239075200000.0,38510.22762110374,67178.59022749063,32175224.0,84.1349430023993,53.1237705884733,2.2147915908036357,0.4544841349217794,80.77323567584163,0
SAU,2023,818.1917,7148.5872511529105,11910.577810445096,0.1,99.3961880340656,0.0652981651937174,1218584533333.3333,36156.848337700976,64481.844192728786,33702731.0,84.2962388315415,47.60533095009467,2.4576929911250036,0.4544841349217794,80.77323567584163,0
SAU,2024,838.8766,7148.5872511529105,11910.577810445096,0.09999999999999998,99.3961880340656,0.06529816519371738,1239804533333.3333,35121.66286877422,62792.77414763707,35300280.0,84.4554020211443,44.93443805227792,2.5357330521133763,0.4544841349217794,80.77323567584163,0
SEN,2000,13.5587,240.56962512208048,100.8200026885334,47.5,90.02493765586036,0.9233167082294264,6013185003.975251,603.2331624551578,3093.287916026153,9968260.0,40.6667555531967,24.008194704260735,16.43924520347143,45.98327533371423,46.88619955331637,0
SEN,2001,14.3845,253.7912846466405,122.39372357152328,45.8,89.63086413125698,0.7848837209302326,6507824829.262536,637.2135305637236,3149.3311370350257,10212942.0,40.8763420163126,23.884348031863645,16.252432309358873,45.78330649768868,45.70196852438581,0
SEN,2002,14.455,249.88621177353437,144.75148320108875,43.8,89.23679060665361,0.7235812133072407,7006402319.758565,669.4304473192087,3075.231575031118,10466214.0,41.1081471561292,24.783792926614932,13.380780125072564,45.58333766166312,45.44746273308056,0
SEN,2003,14.4269,235.81440136714016,125.35938221702544,43.7,90.64245810055866,0.7039106145251397,8768721563.182106,817.8880342214424,3170.0349468847917,10721176.0,41.35893934855,24.208616115781915,15.491099838104464,45.38336882563757,44.83457123565159,0
SEN,2004,15.2442,247.01718830956813,138.21436875484252,39.9,90.98939929328624,0.6784452296819788,10076816666.619638,918.1020795221552,3240.302016698396,10975704.0,41.6248193895895,25.06737095698572,14.201799538799964,45.18339998961201,45.12024100140238,0
SEN,2005,16.072,246.43566880450504,158.15979960610466,40.3,92.33490566037736,0.6132075471698114,11009033437.93904,979.846101520171,3301.820761608148,11235472.0,41.9057599695838,23.681858227197083,15.180396414356244,44.98343115358646,45.58250662234457,0
SEN,2006,16.3028,241.58961124582112,157.91175272132557,43.4,96.6379663796638,0.6494464944649446,11697918243.00349,1017.2019674798736,3301.03152414193,11500094.0,42.2046413043069,23.415216686191147,13.395151586700276,44.783462317560904,44.09702384044045,0
SEN,2007,17.2569,253.74351967780808,182.74742012637864,40.0,96.83734939759036,0.610316265060241,13994218412.961872,1188.9387780817513,3316.4203783477433,11770344.0,42.524343609533,23.635286563173885,12.245910572880565,44.58349348153535,44.164545785072455,0
SEN,2008,18.0043,259.23461214750006,160.34580248799918,39.8,96.764917325665,0.5988497483824586,16853989627.548038,1398.7921801002094,3359.7056709031144,12048959.0,42.867747101036,22.08172609472228,14.686627024355571,44.383524645509794,48.17431049706539,0
SEN,2009,18.7647,304.7362269458967,211.71416415580313,51.3,96.50104968509449,0.6014695591322603,16145867494.940493,1308.6940433620512,3371.4616668861586,12337389.0,43.23773199459,22.00072917446082,16.107733616907502,44.18355580948424,48.18989248428816,0
SEN,2010,19.5009,313.3967820407857,223.5779708981416,49.5,94.60338101430428,1.388816644993498,16121315909.07576,1275.883574923571,3403.5670716591885,12635413.0,43.6371785059692,21.776176305567876,15.945261535619034,43.983586973458685,48.18989248428816,0
SEN,2011,20.2268,317.49118236804026,224.78764975136383,48.0,94.19231989844494,1.4782608695652173,17814283639.311874,1374.6759187384446,3362.879405373316,12958897.0,44.0689668509475,23.30613296254552,12.94706103520168,43.77582714382174,46.564171817379105,0
SEN,2012,20.5697,302.4186215187527,238.7589642609084,49.6,95.1304347826087,1.4310144927536232,17660870411.523518,1326.837988483788,3405.1086446082427,13310495.0,44.5359772452989,23.111797525312504,14.09769235237041,43.5680673141848,46.564171817379105,0
SEN,2013,21.0631,271.0654671991902,238.934875586479,42.7,96.43358607132828,1.4279696714406065,18918667724.881683,1379.831965539237,3385.425906865616,13710849.0,45.0398750539456,24.29421252346705,13.724880375540083,43.36030748454787,46.57975380460188,0
SEN,2014,21.817,284.8459818555547,255.2271033659876,42.5,97.40559979450296,1.4618546108399693,19797253440.267914,1398.891376013819,3484.0121974979747,14152102.0,45.6020905341588,23.152603278616073,13.368765076026806,43.152547654910926,46.60052978756558,0
SEN,2015,23.4251,296.77562130038234,264.02471101354445,39.1,97.3018549747049,1.633582269332691,17774766696.175896,1218.0061355543774,3593.794771203888,14593331.0,46.2747669629858,23.596608508228936,14.282576734404516,42.94478782527399,48.44959227133433,0
SEN,2016,24.9588,287.0420224252345,275.8318672074754,36.7,97.39735247924612,1.6329369531074716,19040312333.186382,1266.439571515872,3710.055315897236,15034521.0,47.0553579909929,23.344053510131168,14.4140203888971,42.73702799563704,48.2418324416974,0
SEN,2017,24.9618,278.0196746042954,263.06943288278734,36.8,95.0782490360626,3.69584939895668,20996562943.59792,1356.8051844903102,3871.451467859199,15475002.0,47.9338349639053,23.277694279005328,14.982033820119694,42.52926816600011,48.42362229262972,0
SEN,2018,25.915,274.37903267408245,271.63910542450037,34.2,90.77680291033596,6.271132035095228,23116701556.138107,1452.556125624453,3998.2863530340583,15914498.0,48.9001692274485,24.013445388622664,14.98751955788472,42.321508336363166,48.60541214356204,0
SEN,2019,26.4657,298.55952512533906,310.52554399758037,36.2,90.51894415514457,6.307775184054589,23403995992.135414,1431.1812893215913,4070.612270585939,16352922.0,49.9443321273477,23.572809620657814,14.896272123444476,42.11374850672623,48.79758998597622,0
SEN,2020,27.1618,280.6079033097436,312.1646099202113,38.7,86.90558235699517,9.233804272915233,24530513037.751846,1461.087203505526,4018.041292773576,16789219.0,51.0562950093282,23.209041164580416,16.148779482443327,41.90598867708929,48.979379836908535,1
SEN,2021,29.5487,294.1734273581737,329.60012988893067,35.4,82.9153605015674,13.291536050156742,27520784129.750805,1598.1067695227428,4173.677413996194,17220867.0,52.2260292191155,23.912486364859618,15.551264622207588,41.69822884745235,49.400093491923336,1
SEN,2022,31.5008,315.96593281512094,399.52177492817304,35.4,85.04437673864088,13.291536050156742,27783332222.675926,1574.0281059305996,4228.733826429741,17651103.0,53.4435061024348,24.89997907112373,16.333323196840553,41.49046901781541,49.400093491923336,0
SEN,2023,31.0754,291.05060107503755,410.1767421987454,35.4,86.02680829539706,13.291536050156742,30696331295.782555,1698.0338730084263,4304.761487202323,18077573.0,54.6992276190794,22.888647826957015,17.411251214186272,41.282709188178465,49.400093491923336,0
SEN,2024,31.7206,291.05060107503755,410.1767421987454,35.4,86.02680829539706,13.291536050156738,32808056600.94358,1773.218299234481,4460.923721763184,18501984.0,55.2368169057304,25.013079822827073,16.63441125011382,41.282709188178465,49.400093491923336,0
SGP,2000,57.2433,4634.81368272521,7575.435954385016,0.3,98.4525501342176,4.354271277435655,96076539925.74088,23852.83895147527,68314.54440271664,4027887.0,100.0,32.45850449549726,0.092131732680321,25.39328358208955,1.791044776119403,0
SGP,2001,58.767,5146.023238652957,7516.169600281488,0.6,97.141043851431,4.16688325425368,89793790669.6515,21699.741486890685,65784.4018813783,4138012.0,100.0,30.379661075944647,0.0823566559095407,25.501641791044776,1.791044776119403,0
SGP,2002,51.4039,5066.196034867538,7756.318921443025,0.6,97.27094391876298,3.977555965843526,92538372869.6942,22159.837371063877,67744.27026798083,4175950.0,100.0,30.74567541812489,0.0710328000140013,25.42044444444445,1.7777777777777777,0
SGP,2003,49.8088,6217.058806195207,8113.587306000302,0.6,97.19800747198008,3.9023548058417297,97646401095.6369,23730.384005456584,71877.53486335518,4114826.0,100.0,30.22480291609525,0.0611340723110266,25.082241630276563,1.1644832605531297,0
SGP,2004,52.4705,7371.027933279165,8314.325321168206,0.5,97.397517046535,3.745565184319904,115033593101.04909,27608.08001342299,78039.02471038199,4166664.0,100.0,31.885893855466925,0.0556489896262465,25.114949201741656,1.161103047895501,0
SGP,2005,50.3291,4925.757575542049,8678.168167844338,0.5,97.49823358542903,3.608143825399733,127807848728.39836,29961.317281273157,81841.15878010544,4265762.0,100.0,31.407652204980185,0.0550481142142598,25.22046444121916,1.1030478955007257,0
SGP,2006,50.5986,5128.308656662194,8720.022084058013,0.5,97.5812585568683,3.4957152274225445,148627286361.35068,33768.452823465144,86463.82838366067,4401365.0,100.0,30.89429654960984,0.0488654244516825,25.143515850144087,1.080691642651297,0
SGP,2007,51.1674,4537.417169322598,8706.579066943963,0.5,97.63207157270318,3.3520044732939485,180941701357.9705,39432.88601988765,90417.80738499666,4588599.0,100.0,28.225770963880876,0.0428679973714473,25.21194244604316,1.1510791366906474,0
SGP,2008,50.4479,4958.462482579934,8401.255032652834,0.5,97.48549786662832,3.305719353756172,193617323539.2028,40008.57204890916,87329.59377926865,4839396.0,100.0,26.415338159666153,0.0414321884664468,25.135714285714283,1.0,0
SGP,2009,51.4474,5321.08304981114,8119.379906820412,0.5,97.44877220668052,2.7722784114004257,194150283771.56647,38926.80543654528,84843.51940017336,4987573.0,100.0,27.016319368826235,0.040687761270138,25.23957142857143,1.0,0
SGP,2010,58.0509,4856.84920025022,8688.069411582097,0.5,97.4582848273186,3.277389729659811,239807980591.23965,47236.68308495301,95456.18930799964,5076732.0,100.0,26.635871724303712,0.0361489888834213,25.27122507122507,1.0541310541310542,0
SGP,2011,60.4471,4086.3260711538,8651.75527539466,0.5,97.36178720445062,3.3699365438108484,279356499090.45807,53891.45702643717,99296.75611112686,5183688.0,100.0,25.259592580881744,0.0346076007512353,24.838920454545452,1.0369318181818183,0
SGP,2012,58.5877,4787.023088380737,8673.796978674758,0.5,97.30921641314076,3.3732157313903453,295092888076.5895,55547.55530777861,101187.82533345403,5312437.0,100.0,25.022202155541184,0.033272726533169,24.409065155807365,1.0339943342776203,0
SGP,2013,62.0133,5273.752922086761,8680.606360764874,0.6,97.13576952742282,3.850618081757729,307576360584.9916,56967.42579403833,104359.03068072358,5399162.0,100.0,23.442728628319724,0.0343752167938134,24.015558698727013,0.9476661951909476,0
SGP,2014,63.9114,4986.327796518417,8844.687593012006,0.6,97.05566692991516,4.034667800660146,314863580758.45465,57564.80231149774,107066.85861399154,5469724.0,100.0,24.1685192477514,0.0345408510735361,23.58984485190409,0.930888575458392,0
SGP,2015,65.7467,5242.6504334370975,8948.686920076994,0.7,96.91392304641016,4.1796707655692185,307998545269.39795,55645.60686146057,108953.72429428714,5535002.0,100.0,24.288022905502757,0.0326135138026483,23.231875881523276,0.930888575458392,0
SGP,2016,63.8783,5449.419850108083,9040.028833929016,0.7,96.92706619966329,4.590456102327922,319646468521.49695,57005.58871765469,111579.74268433051,5607283.0,100.0,23.202952494110704,0.0315212894381262,22.969675599435824,0.930888575458392,0
SGP,2017,69.1026,5799.395294718075,9218.0448743134,0.7,96.88692930218356,4.279012062910368,343673334902.32996,61236.251270626955,116471.82076477626,5612253.0,100.0,23.496635285704144,0.0307635837552263,22.626404494382022,0.9269662921348316,0
SGP,2018,67.0864,5692.665647487336,9326.125494708333,0.8,96.84671972305318,4.116121992060356,377123710560.6142,66881.60670352653,119927.769127927,5638676.0,100.0,25.38042066893489,0.0301171482363283,22.3109243697479,0.9243697478991596,0
SGP,2019,69.5875,5565.915192910422,9451.801144160789,0.9,96.61458811434028,4.1754208816023795,376161998830.04755,65952.03789592929,120114.1338942352,5703569.0,100.0,24.07072940872004,0.0322521301996085,21.997206703910617,0.9217877094972068,0
SGP,2020,68.0675,5538.123715611539,9306.5065346045,0.9,96.61785085583728,4.081257725008427,349165858544.5685,61410.079263078835,115893.04239593777,5685807.0,100.0,23.241671973610032,0.032817252118695,21.685236768802227,0.9192200557103064,1
SGP,2021,70.6452,5966.327635212886,10220.468588809596,1.1,96.10737540585136,4.022159927612086,436591382250.4639,80056.12882478436,132617.3540208764,5453566.0,100.0,24.614071598973737,0.0305513686655138,21.434540389972145,0.9192200557103064,1
SGP,2022,71.908,5785.043673416814,10143.476466829472,1.1,95.21467685117366,4.022159927612086,509017841146.5568,90299.0694637269,133571.9624103219,5637022.0,100.0,23.840521792089987,0.0259773163736464,21.18384401114206,0.9192200557103064,0
SGP,2023,72.3929,5282.7637359990995,9750.495467118017,1.1,94.99593657600332,4.022159927612086,505439514078.0195,85412.23034523505,129555.24550924177,5917648.0,100.0,22.145995027166407,0.0288498020075513,20.93314763231198,0.9192200557103064,0
SGP,2024,76.0928,5282.7637359990995,9750.495467118017,1.0999999999999999,94.99593657600332,4.022159927612085,547386645891.8467,90674.066632628,132569.52522579458,6036860.0,100.0,21.37731512021351,0.0274391706944735,20.93314763231198,0.9192200557103064,0
SLV,2000,10.2699,537.1109674543886,609.2507175226967,33.5,41.93070772875333,59.966834468463134,11784927700.0,1982.870935426154,7545.44796218991,5943366.0,56.5638569810457,26.87772110812356,7.172784776609194,32.52316602316602,62.09942084942085,0
SLV,2001,10.8425,568.00569056859,624.658599276817,33.1,45.60425639726374,55.583734481884974,12282533600.0,2058.044590704517,7580.323384101586,5968060.0,57.4526760394716,27.077945058501612,6.686492597911559,32.30598455598456,61.66505791505792,0
SLV,2002,11.0045,582.4536587363627,666.8191174635617,34.0,48.42737094837935,52.723649459783914,12664190300.0,2115.4118735562624,7675.671061951137,5986631.0,58.3486233966841,27.27513578187466,5.822984198208077,32.08880308880309,60.98938223938224,0
SLV,2003,11.4652,622.3866571784145,693.1618532927439,33.9,42.74412296564195,58.69077757685353,13243892200.0,2207.830895180691,7780.271776855987,5998599.0,59.2468576589718,26.95253061633951,5.488397134491929,31.87162162162162,60.55501930501931,0
SLV,2004,11.875,627.60446428589,692.2943821568242,33.3,45.35761883607285,56.041314971123946,13724810900.0,2285.6890743889217,7841.532378868419,6004671.0,60.1425374326239,25.603921435449433,5.727925912625871,31.654440154440156,61.80984555984555,0
SLV,2005,12.1479,643.9031521625196,761.2922519697521,34.1,41.75824175824176,59.566659755339,14698000000.0,2447.3914084539406,8050.534512891895,6005578.0,61.0308213239291,24.471288610695332,6.171656007620084,31.43725868725869,58.81274131274131,0
SLV,2006,12.6386,686.957827636037,827.5134993658285,34.8,42.61715296198055,59.143412908930145,15999890000.0,2665.618071948525,8404.246749031432,6002319.0,61.9068679391763,24.47179324357855,6.046166567395151,31.22007722007722,58.73069498069498,0
SLV,2007,12.8902,694.5373117203649,896.3656839201947,28.2,43.80591878871301,57.8833448038541,17011750000.0,2830.6569377073274,8548.834761186046,6009824.0,62.7676878093683,24.521933369582783,6.993107704968625,31.002895752895753,59.90830115830116,0
SLV,2008,12.3786,702.3006958125682,870.250710820847,31.5,37.483243967828415,64.18264075067025,17986890000.0,2983.2482957797565,8704.805846325915,6029297.0,63.6372503452723,25.881294654050812,7.090108406734015,30.78571428571429,59.72490347490348,0
SLV,2009,12.1013,689.4224675320401,861.4020616443124,32.2,43.6982044198895,58.003107734806626,17601620000.0,2910.186517520108,8494.498474236214,6048279.0,64.5299047495248,24.97003116758571,6.6685907319894415,30.568532818532816,59.54150579150579,0
SLV,2010,11.7582,697.0369273155056,873.3985701641445,32.6,34.95989304812834,66.67981283422459,18447920000.0,3040.0730095287786,8648.929827176718,6068249.0,65.4327927543162,25.27591186431858,6.981708506975312,30.35135135135135,59.35810810810811,0
SLV,2011,11.6763,692.5053129909671,898.0108296592173,29.5,37.07052441229656,64.56403090580307,20283780000.0,3330.6004948665272,8943.06191543327,6090127.0,66.334413642034,26.195413280956508,7.330191907031135,30.13416988416989,59.16988416988417,0
SLV,2012,11.9408,701.4574045941847,934.2530841228496,30.3,39.7627064293731,61.22831489498156,21386150000.0,3497.912569155091,9165.42034804478,6113975.0,67.2232666950659,26.58935806585103,6.514356253930698,29.916988416988417,58.98648648648649,0
SLV,2013,11.1291,660.0941502135568,978.849583773088,27.5,39.556760204081634,61.32461734693877,21990960000.0,3582.266940051694,9327.56424468351,6138839.0,68.0878511957995,26.12164271136867,5.613306558695028,29.699806949806952,58.8030888030888,0
SLV,2014,11.615,649.0431756502733,976.9664065371238,24.0,39.84747378455672,60.21051795360661,22593470000.0,3666.012489138733,9451.744607867,6162955.0,68.9166664266223,26.01353399898289,5.866872153768323,29.482625482625487,58.6003861003861,0
SLV,2015,12.1114,674.3539966566586,1019.1348964596464,21.0,41.69004786268361,58.65703911536557,23438240000.0,3790.340891081616,9646.154323398538,6183676.0,69.6982116699219,25.288929544197856,5.52976674016479,29.265444015444015,59.02509652509652,0
SLV,2016,12.0696,686.9978050089957,1007.9344600696684,20.7,41.18710950345281,58.86616244656363,24191430000.0,3901.3401496581087,9863.76121214453,6200800.0,70.3990173339844,24.834827870861705,5.732153907396132,29.04826254826255,58.59555984555984,0
SLV,2017,11.4214,674.6654416220595,1016.8128180859424,25.0,25.229936880072135,74.85247971145176,24979190000.0,4020.126713739188,10064.793494260062,6213533.0,71.0856704711914,25.1714727339037,5.393009140808809,28.831081081081084,58.16602316602316,0
SLV,2018,11.7398,694.567755248769,1017.7164661218588,23.2,22.211930344572064,78.3957021118933,26020850000.0,4183.546209713581,10297.203612692012,6219807.0,71.7577209472656,25.07550675708134,5.132768529852023,28.613899613899612,57.70752895752895,0
SLV,2019,12.7669,734.7993698443636,1057.8051459279322,19.4,28.90316205533597,72.59156785243742,26881140000.0,4320.116715346275,10543.938329131672,6222318.0,72.4148941040039,25.348143717119143,5.146433521792602,28.396718146718147,57.70752895752895,0
SLV,2020,11.6461,669.9068940978573,989.4664884589776,23.7,15.45886075949367,86.14462025316456,24921190000.0,3997.192795837087,9692.449316057988,6234673.0,73.0570220947266,23.724749901589774,5.35480047301112,28.17953667953668,57.70752895752895,1
SLV,2021,12.5969,722.1445788858788,1070.689483744798,21.9,15.5397951142632,95.55933806146572,29043140000.0,4642.607431013421,10809.71339951796,6255782.0,73.6838531494141,24.10490050318251,4.812255148720145,27.96235521235521,57.70752895752895,1
SLV,2022,13.6027,768.672020235867,1109.9754646220997,21.9,22.07932855015568,95.55933806146572,31870120000.0,5074.602102218056,11085.617807468843,6280319.0,74.1465021298679,23.7319470400488,4.558752838081563,27.745173745173744,57.70752895752895,0
SLV,2023,14.3801,793.5380192230599,1136.9932661597584,21.9,22.07932855015568,95.55933806146572,33853940000.000004,5365.444913991706,11424.645917691656,6309624.0,74.6080675149903,23.184509690747955,4.450412566454599,27.52799227799228,57.70752895752895,0
SLV,2024,14.7516,793.5380192230599,1136.9932661597584,21.89999999999999,22.07932855015568,95.55933806146571,35364960000.0,5579.659691650286,11669.0817135644,6338193.0,75.0674905102199,22.438311820513864,4.380409309101439,27.52799227799228,57.70752895752895,0
SUR,2000,2.5281,1279.9100986817389,2238.572684378036,23.6,11.604095563139932,,947671969.6969696,1988.2217292543255,16220.179060326236,476643.0,66.7015222141811,24.890501204306887,9.539245695392298,95.5772128187567,0.5482606089518123,0
SUR,2001,2.5483,1352.0005107108268,2310.0953633673134,24.1,13.360323886639677,99.4502024291498,834279357.7981651,1714.648466372421,16556.94406099268,486560.0,66.718959290312,24.768231000880288,9.094867899505644,95.5516626283327,0.5358001405665438,0
SUR,2002,1.9677,963.4145261115576,2471.0452702743523,27.8,20.623145400593472,63.51706231454006,1093574468.0851064,2202.3406821960007,16678.071870658216,496551.0,66.7320549534773,28.66302190746722,6.704774504844546,95.52611243790872,0.4610373302549331,0
SUR,2003,2.1888,1004.1720776076688,2387.374756622052,24.6,27.389014296463504,58.10458991723099,1274190311.4186852,2516.1040402095623,17383.50155056122,506414.0,66.7404073281911,26.79902563810114,6.479723876483064,95.50056224748474,0.5015338525070556,0
SUR,2004,2.3325,1086.0286292676956,2490.645485802348,22.6,34.39943141435678,52.53802416488984,1484092538.405267,2887.7721728843953,18585.517086417614,513923.0,66.743604713168,31.028889892788904,5.224880585600673,95.47501205706072,0.4828431499291529,0
SUR,2005,2.6045,1231.361662505668,2659.282552141002,18.9,47.299077733860344,42.174571805006586,1793410397.387383,3453.428659377645,19220.283969660544,519313.0,66.7321826490881,33.84364155950194,4.91937130026536,95.44946186663672,0.453561049223772,0
SUR,2006,2.4806,1174.719073979219,2659.0628136922687,22.1,33.116036505867015,49.14667535853977,2626380435.178773,5002.657986957588,20113.67075476946,524997.0,66.6967982269052,36.98306966416875,9.991673605328891,95.42391167621275,0.453561049223772,0
SUR,2007,2.3731,1117.3243213243536,2664.7031351221053,24.6,25.85209003215434,57.286816720257235,2936612021.8579235,5530.176156383091,20902.139158927865,531016.0,66.6433180134835,37.067361369557126,10.147624364222802,95.39836148578875,0.4361163934843961,0
SUR,2008,2.4588,1176.346438731612,2918.5939375889957,26.2,22.054556006964596,58.050493325594886,3532969034.608379,6576.085463072488,21515.811955109275,537245.0,66.5776961831642,40.07011755001031,8.929676221901422,95.37281129536476,0.4411005808385035,0
SUR,2009,2.5673,1163.8930381974694,2912.239131074677,26.5,23.218390804597703,67.5919540229885,3875409836.0655737,7129.576862629098,21906.410544749808,543568.0,66.5058869102882,34.292160180485055,9.842075578116187,95.34726110494076,0.5009108290877922,0
SUR,2010,2.8783,1351.362141184864,2867.6742016609596,22.1,29.81438515081207,61.79988399071926,4368370997.921263,7943.604828169148,22772.47545436895,549923.0,66.4338443691967,35.17051613441174,9.472192112065372,95.32171091451676,0.4878273372832603,0
SUR,2011,3.1134,1676.9522189235136,3190.9022433391037,21.2,46.64274730907227,70.16350589441312,4422276621.787026,7949.888672183829,23829.53328563932,556269.0,66.3675227342307,35.109327428729586,8.732355383337946,95.26166391736815,0.4984187354107385,0
SUR,2012,3.5822,1411.638243855988,3188.579411445827,15.8,57.758620689655174,56.43255578093306,4980000000.0,8851.240506689084,24193.841237392193,562633.0,66.3132562693376,35.26226116587562,8.38505537300718,95.20161692021956,0.4560531429008257,0
SUR,2013,3.4655,1713.8374678044393,3108.8538188464377,17.6,57.994987468671674,42.0406015037594,5145757575.757576,9043.192815292216,24624.021985460105,569020.0,66.2683575134509,32.253695306519056,8.485954890760262,95.14156992307096,0.518355484827168,0
SUR,2014,3.8349,1785.9487689907069,3184.0214956211016,12.8,71.89510143493321,28.094012864918355,5240606060.606061,9108.18905406764,24414.35547597339,575373.0,66.2249266178037,30.247484676766508,9.38475771944027,95.08152292592231,0.5495066557903392,0
SUR,2015,3.9231,1577.3117289022466,3091.328291155672,11.6,76.3520157325467,23.79744346116027,5126237646.220717,8813.61705392067,23327.525249744667,581627.0,66.1828815074718,27.2599156580204,10.408157241193614,95.02147592877374,0.542030374759178,0
SUR,2016,4.1935,1728.6507173265825,2979.122324361939,11.1,60.020191822311965,40.29126703685007,3317421648.0991807,5644.2061057531955,21950.41221486252,587757.0,66.1426466980469,26.75536001756183,10.766127190099091,94.95076277068732,0.542030374759178,0
SUR,2017,3.6574,1613.954642529079,2802.7009683129727,15.5,50.265674814027626,50.057917109458025,3591679430.999881,6049.521285536751,22070.513757083536,593713.0,66.1046467051207,38.27369389480896,10.9177598208742,94.90528206108112,0.5233396721812754,0
SUR,2018,3.3176,1523.998993131385,2778.922225206126,18.3,46.28450106157113,54.011146496815286,3996198866.574535,6665.741804722391,22938.53537155452,599513.0,66.0693060442846,36.762241547910214,10.032466985928828,94.82902399456324,0.5233396721812754,0
SUR,2019,3.8786,1730.8370812182222,2936.7678715283737,14.9,52.087475149105366,48.232604373757454,4016040575.0879593,6629.667752486033,22966.74059991245,605768.0,66.0370492311305,33.880767014273104,8.596078140211707,94.75270362570348,0.5233396721812754,0
SUR,2020,3.7911,1688.413784938406,2931.488101751217,14.6,51.37931034482759,34.111822660098525,2911807496.2022653,4755.392217106932,19091.361718422617,612317.0,66.00830078125,36.56067184185816,8.136028415059101,94.67644555918564,0.4984187354107385,1
SUR,2021,3.9148,1698.9517408385714,2955.1898701399587,14.5,51.38014527845037,41.93365617433414,3107923197.9695435,5029.848385439529,18458.23499968104,617896.0,65.9853973388672,37.708853743993146,9.677664032326613,94.60014575009872,0.48595826702547,1
SUR,2022,3.9564,1738.8234545480486,2955.8832024956514,14.5,55.3742802303263,41.93365617433414,3791603200.025902,6084.438767364452,18742.587376036852,623164.0,65.8985443115234,42.230517326734706,7.295661794900951,94.52387397706563,0.4485768618696646,0
SUR,2023,3.5867,1695.1637896330656,2897.186453506677,14.5,38.28238719068413,41.93365617433414,3472693412.0849733,5521.97602122638,19020.86639087065,628886.0,65.7562408447266,39.66630717882028,7.161642391841018,94.44758351333,0.4450380888482484,0
SUR,2024,3.6666,1695.1637896330656,2897.186453506677,14.499999999999998,38.28238719068413,41.93365617433414,4416775112.096267,6961.789559615257,19179.101832163906,634431.0,65.7641857200885,35.0514487718833,6.770083957731724,94.44758351333,0.4450380888482484,0
SVK,2000,50.482,3292.7785560313027,4955.9078964949,3.7,30.99364529173888,15.96700686822004,29215726004.77653,5421.6448441887,18343.237153675003,5388720.0,56.1058893284907,29.510048601077106,1.5866267134736751,39.53035343035343,50.72765072765073,0
SVK,2001,51.0583,3456.890280509055,5027.452807440674,6.0,30.100480559196157,16.448230668414155,30726659550.971695,5712.47802761654,18914.39033045307,5378867.0,55.9968426739371,29.92458579991006,1.9852549303455016,39.56465696465696,46.88149688149688,0
SVK,2002,50.5961,3484.0310863216105,5051.598389558914,5.5,27.177968976470225,17.377494063588987,35243658398.75457,6554.628083694613,19757.067788899283,5376912.0,55.8776140379959,29.317746007699885,1.9090155227556975,39.598960498960494,46.50727650727651,0
SVK,2003,51.2172,3468.9362850333887,5021.798222122637,5.3,30.492655077298096,12.101481814099689,46616149116.74108,8675.396336964648,20730.24947993505,5373374.0,55.7386007222942,30.777971173167497,1.6705188019386128,39.6250259821243,46.47682394512576,0
SVK,2004,50.9486,3416.3986605042733,5097.83555585338,6.2,30.336637550299344,13.848267739719306,57215475076.29861,10650.129009712562,21851.954960187264,5372280.0,55.5843833415875,32.17088403989507,1.506473532189518,39.667567567567566,40.20790020790021,0
SVK,2005,51.0954,3504.6437606029585,4932.803281413235,6.3,28.3102845334605,15.1931330472103,62547753148.46378,11641.54103217625,23266.75704934423,5372807.0,55.4189847597721,32.05631581384447,1.4712597066395394,39.7018711018711,40.353430353430355,0
SVK,2006,51.3174,3469.4496050740977,5153.121483610625,6.6,26.612133172066972,15.81895728563244,70751813442.98813,13167.89547303789,25342.30992683584,5373054.0,55.2464278407442,34.22533046691462,1.6916129568088625,39.73617463617463,40.311850311850314,0
SVK,2007,50.2455,3321.106912681971,5272.370782540614,8.2,26.91046478471628,18.170801254633588,86587749517.97243,16110.48172652373,28075.807279499822,5374622.0,55.0707354484001,33.40076480011908,2.134560383329774,39.77047817047817,40.12474012474013,0
SVK,2008,50.1037,3406.3837220453547,5294.435098832863,7.6,25.678475243422415,16.45373247703888,100830060552.90231,18744.31922783459,29556.261797569536,5379233.0,54.895930446636,32.916389067755574,2.360474320177132,39.8047817047817,40.27027027027027,0
SVK,2009,45.7646,3107.879884397352,4954.138250997047,10.0,26.27413496463391,19.67715541961384,89342984697.52455,16586.752780522773,27891.896941941723,5386406.0,54.7260356993483,29.287182429276054,1.9094298769867668,39.847369515491785,40.13308380120607,0
SVK,2010,49.1014,3441.2564759351144,5201.40489681027,10.3,24.718213798549787,22.736520927561205,91112160800.76685,16899.448680528953,29758.174014011685,5391428.0,54.5650740704331,29.95665499658197,1.4985946805377972,39.88085088686032,40.43791977708927,0
SVK,2011,47.48,3339.0873887236994,5347.526222662189,10.4,27.1286990508096,18.72972501395868,99705104723.43404,18469.43543168364,30481.377866427953,5398384.0,54.4167387988534,29.929558524414784,1.7937308065375772,39.899309599068374,40.12851439028448,0
SVK,2012,45.3814,3220.5055262121,5137.789017969039,10.5,25.345380965671225,20.269327379291095,94724394278.05196,17516.969105407792,30907.03924895596,5407579.0,54.2764528316182,30.071104844078285,1.7946330470213143,39.91528031941441,40.080685410081514,0
SVK,2013,45.8419,3260.4443972295007,5202.467288076074,10.7,22.017203107658155,23.13748612652608,99134277850.34184,18312.780514982347,31090.9880191144,5413393.0,54.1384024098892,27.956273161768287,2.0743255556865052,39.93125103976044,39.37364831142905,0
SVK,2014,43.0451,3013.302938505243,5137.073835193975,12.2,19.25842122550272,23.656070946315825,101713075598.86238,18770.9289896545,31901.94249827019,5418649.0,54.0029125499893,29.894813766044127,2.6149279736894004,39.95386855241264,39.29700499168053,0
SVK,2015,43.9296,3131.8628292593144,5149.156467945634,13.4,19.774746310820355,23.458350369847228,89178548717.33238,16442.07608600175,33521.59547649753,5423801.0,53.8700628001622,29.931895228776806,2.0459698403411344,39.96817936025956,39.27873216588328,0
SVK,2016,44.8014,3159.5680466840236,5226.303758674139,13.1,19.442802246526753,25.40644398462903,90347173228.63564,16636.076913307334,34130.505067620295,5430798.0,53.7399327086517,28.670453337134287,2.0626421889712905,40.00353577371049,39.22628951747088,0
SVK,2017,47.0651,3316.8259702585956,5424.1113451310775,12.4,20.35474799913476,24.62686567164179,95978130734.97664,17645.529871676117,35057.22237631671,5439232.0,53.6126018237016,28.07680098379986,1.8481416688745589,40.056156405990016,39.08069883527454,0
SVK,2018,46.6697,3269.5725197612855,5400.998132655109,12.4,21.875347595565607,22.598346372029216,106611673364.8368,19573.37170313141,36430.79417041951,5446771.0,53.4881496935559,28.593016531076508,2.009329161571681,40.056156405990016,39.28868552412646,0
SVK,2019,44.0185,3128.3633793381437,5213.464176891455,17.6,21.917422803685728,24.122529366251673,105843498304.09396,19406.058968358197,37209.53325530733,5454147.0,53.3666558664583,29.146784064608212,1.6170097133414991,40.056156405990016,39.20549084858569,0
SVK,2020,41.9962,3032.6426951684493,5050.1692030174245,17.6,21.43005756293779,24.755530896733475,107732602896.44077,19735.485828080054,36216.40021108142,5458827.0,53.2481998906526,28.537727549881662,1.729178243098858,40.056156405990016,39.163893510815306,1
SVK,2021,46.3719,3305.899127892805,5404.564911413049,17.9,23.274253731343283,23.560767590618337,120511265913.34302,22123.334211454523,38346.09357681767,5447247.0,53.1901479870605,27.413037481050072,1.8713628798865587,40.056156405990016,38.60232945091514,1
SVK,2022,42.5243,3089.1457459110984,4957.700572485636,17.9,17.41933079961249,23.560767590618337,115792972358.20862,21317.794398236263,38664.90769498511,5431752.0,53.1902831072528,26.54619180360684,1.9303962266850043,40.056156405990016,38.4567387687188,0
SVK,2023,40.3077,3054.724382187151,4673.892613244784,17.9,14.623950774169815,23.560767590618337,133578518423.54352,24614.87346427939,39518.22093592454,5426740.0,53.190805019646,29.20811582456535,2.12570153523878,40.056156405990016,37.95757071547421,0
SVK,2024,39.0008,3010.7327104837104,4674.599308861617,17.899999999999995,14.623950774169815,23.560767590618337,140934076532.37497,25992.674850204778,40319.054723087305,5422069.0,53.1919702985684,28.937479955074792,1.5827826226933743,40.056156405990016,37.95757071547421,0
SVN,2000,20.5107,3281.0785934238547,5777.995650916952,18.0,36.399001761597184,28.66059894304169,20159190701.678864,10135.721910921158,30055.572646554567,1988925.0,50.6975029797519,30.44540548966684,3.002676714399805,61.2214498510427,25.719960278053627,0
SVN,2001,22.3482,3484.359322868011,6006.345190405911,18.7,36.921056269874185,26.736762062767873,20668868706.811455,10375.625586986062,30857.11220434367,1992060.0,50.7597503536323,30.59804855999485,2.7218925754686647,61.29096325719961,25.322740814299895,0
SVN,2002,22.9941,3484.570905228284,6380.951903455952,16.3,38.74503356624195,23.390601452253733,23214593516.209476,11639.129778047698,31830.555322668595,1994530.0,50.7744556266555,30.04148220463265,2.8942796753095803,61.3604766633565,25.074478649453823,0
SVN,2003,22.8311,3539.5091236842004,6578.034236042597,16.9,40.0,22.28140376266281,29360575031.817657,14711.674874253047,32827.75144194618,1995733.0,50.7553842628349,30.29333026485887,2.216146572723534,61.42999006951341,25.322740814299895,0
SVN,2004,23.3656,3638.843808210817,6830.7050733796295,17.8,36.61842708401545,27.602187152118397,34156553313.40309,17103.82977839046,34298.127743526304,1997012.0,50.7124410611224,30.263491534061217,2.4021365323747257,61.4995034756703,24.42899702085402,0
SVN,2005,23.5076,3763.904457939603,6917.860467069305,18.6,37.38837070847391,23.64893828140504,35947936823.77814,17969.70959071607,35558.37774191984,2000474.0,50.648781400021,29.811401446411885,2.424131321202131,61.56901688182721,25.273088381330684,0
SVN,2006,23.5878,3735.024313438069,7123.537771293379,17.4,38.76281839232551,24.499239166391,39260368837.03425,19563.005059144023,37539.459301666,2006868.0,50.5672552816963,30.113406726562292,2.092058525412182,61.6385302879841,24.37934458788481,0
SVN,2007,23.5153,3757.0271291083095,7137.824175148975,18.4,39.646347138203815,22.46500033238051,47880266542.57702,23725.159600151535,39995.20529383967,2018122.0,50.4707127083144,30.598319387671076,2.0328329561152647,61.70804369414101,24.726911618669316,0
SVN,2008,24.1343,3952.122096585931,6920.244039031997,17.6,35.45947923653882,26.267455332642236,55509332322.3578,27461.97641653151,41278.60908563415,2021316.0,50.3620036820409,29.75536784510986,1.7587145628057232,61.75854503578838,30.70355699834212,0
SVN,2009,21.8701,3514.075272254621,6104.421844916994,19.6,35.072852526976774,29.91257696762787,49975540954.84645,24501.78972904253,37802.08801867551,2039669.0,50.2439782050416,27.382437720603836,1.7613811129777162,61.82926466062405,31.029792810412093,0
SVN,2010,22.0039,3589.608695355341,6510.841884365926,20.1,35.54744525547445,30.011070559610705,47793117240.90009,23329.841769115577,38056.18152417752,2048583.0,50.1194862794826,26.3518668029855,1.8194253671862504,61.897529062552735,30.966633906146075,0
SVN,2011,21.0234,3580.693648593502,6753.07366418182,19.1,36.19154368267015,25.06183448533533,51199194599.30944,24940.628484160476,38226.12554899027,2052843.0,49.9463818748723,26.548723427815503,2.0408723096677193,61.908071081107906,30.80561898143552,0
SVN,2012,20.3663,3428.8978615268097,6719.461159783955,20.2,36.125055601448814,28.701023066658195,46167053954.33673,22442.141785995507,37033.76675418862,2057159.0,49.7619476318359,27.072439042947515,1.8260135408725509,61.91892066297026,30.368267173640035,0
SVN,2013,20.324,3334.7590129015225,6779.280886505663,22.5,33.4844438924424,33.56337328448115,47867056858.88915,23236.9655321695,36678.874664209616,2059953.0,50.0466580754027,27.136357331721996,1.8307708216806031,61.94637537239325,30.298411122144987,0
SVN,2014,18.6784,3236.5902066878825,6727.999301642111,22.9,23.943338877100416,39.485232551471015,49514466379.605705,24013.06820609594,37655.19798980735,2061980.0,50.983470916748,27.773620382745968,1.8213548975897704,61.95630585898709,30.528301886792452,0
SVN,2015,18.888,3195.4751228517384,6875.593339765674,21.4,31.82781456953642,30.711456953642383,42709468274.81365,20697.27485306189,38527.42225496827,2063531.0,53.6612160294144,27.62721232831464,1.9736118648021317,61.958237764737426,30.606277243255587,0
SVN,2016,19.792,3296.7350036186285,6996.467868450133,21.0,32.97575757575758,32.34260606060606,44290685824.0682,21447.83777960361,39667.457983007225,2065042.0,53.647274017334,27.599795617216387,1.851296154977032,61.859298977261446,30.6563399860987,0
SVN,2017,20.0988,3390.6628158019694,7218.876609813839,19.7,32.530932255298296,28.913573441136837,48153200134.66126,23303.07770595903,41692.83627978803,2066388.0,55.2451133728027,28.03117421932488,1.6930367326320657,61.769978299839615,30.541113610519368,0
SVN,2018,20.0332,3341.099715458654,7206.250656976683,20.6,31.34876883498714,33.20739924047532,53689067639.91761,25888.04810656553,43361.09444743104,2073894.0,55.1913430955675,28.071872965009465,1.9913429626019812,61.67438072346596,30.392721638425936,0
SVN,2019,19.3546,3267.2967194478415,7145.713074935896,20.9,31.206907261320577,32.56581154108951,53909922735.54501,25814.168716757213,44569.58784165351,2088385.0,55.4523277282715,28.55627409775645,1.7704065170579213,61.57307165133788,30.406626805188612,0
SVN,2020,18.0238,3068.819395942797,6820.2389723456645,22.7,28.81326352530541,34.16655031995346,53384760135.15813,25392.06510936123,42463.56353461945,2102419.0,55.384391784668,28.944881414007696,1.8972971412832864,61.47225919230846,30.317733060527203,1
SVN,2021,18.1905,3144.0935164207744,7006.378793204619,23.4,27.87855883093978,36.11268581506677,61540813361.8556,29192.840193301865,45914.05723924055,2108079.0,55.3046289429588,28.15083648750604,1.5114775511879648,61.371114002502935,30.34107387616456,1
SVN,2022,17.4982,3045.944585555818,6731.291866391171,23.4,26.99030552291422,36.11268581506677,59899117741.00218,28360.304146726812,47050.067644164155,2112076.0,55.3377817873563,27.991167622233014,1.6248023856561762,61.27019228859181,30.329155161796542,0
SVN,2023,16.6771,2895.951345901995,6418.415618113231,23.4,23.00037788134526,36.11268581506677,69255264238.38554,32660.475358134645,47977.426811765195,2120461.0,55.5378927789875,29.584878428118227,1.5319701443284754,61.174893838933166,30.355856862599023,0
SVN,2024,17.3369,3025.261601261921,6449.656858136693,23.399999999999988,23.00037788134526,36.11268581506677,72972015197.38591,34301.03186865935,48648.90788340814,2127400.0,55.7577708405917,29.06656852089029,1.537304190884576,61.174893838933166,30.355856862599023,0
SWE,2000,76.1995,5375.751511588507,15681.615273211815,39.8,3.1191056406867403,57.25732105241419,262903560280.282,29632.58908116233,48284.800184104344,8872109.0,84.0400009155273,25.999065915247375,1.7847661155566623,69.13885388534435,7.301277042232809,0
SWE,2001,75.7426,5701.682067719178,16020.980310163264,37.4,3.663599745076322,51.56791674143191,242497797484.776,27259.31743002172,48810.64459065499,8895960.0,84.0827152824223,25.67985902177593,1.7917712665044172,69.11675930433493,7.497182327182939,0
SWE,2002,77.1165,5826.341893425481,15709.429669024774,35.9,4.893174770845402,48.50899240126759,267371907446.77573,29957.77766649162,49760.216163600555,8924958.0,84.1342508376823,25.45575504901808,1.7519984236162565,69.09466472332552,7.708308323495107,0
SWE,2003,77.2382,5676.548345184433,15360.178892502076,34.6,6.576489437893633,43.406764768859325,334072443515.57574,37292.24197278008,50507.93307386413,8958229.0,84.1954289653543,24.894592083393487,1.711550634668562,69.07257014231611,7.680812844905615,0
SWE,2004,75.6856,5872.97554411383,15420.973141694849,35.5,3.43552702684891,44.97311813784286,384545442175.01935,42758.00485649289,52412.41127587302,8993531.0,84.2670710494849,24.746477866486245,1.6806169598858594,69.05047556130668,7.740959204320129,0
SWE,2005,71.9241,5711.642141965367,15430.963948235863,39.3,2.455265566320573,51.31584561492094,391688455928.5972,43378.40773943629,53661.31786436229,9029572.0,84.3499984741211,24.58185107786577,1.160318633253699,69.02838098029727,7.858796969703665,0
SWE,2006,72.1766,5532.7626571438595,15262.58726799886,40.1,2.9578289730573992,49.64635744965694,422528394459.3533,46531.37622404847,55855.49782793466,9080505.0,84.4553200620359,24.842734512505057,1.2403211677052663,69.00628639928786,7.733348848639109,0
SWE,2007,69.7622,5464.456137193559,15257.935753160333,41.8,2.4214018076576997,52.05883616926982,490047789548.44055,53568.30577878322,57230.79016101565,9148092.0,84.5906875454778,25.024734800966748,1.4388302409171123,68.98419181827845,7.661664208030791,0
SWE,2008,68.0879,5383.764797072326,14869.348977622438,43.2,2.4733734120689426,54.353230514936214,514614100832.9414,55817.17597264853,56262.47007519937,9219637.0,84.7517366727063,24.145450021271433,1.259569565252001,68.96209723726903,7.550945807639177,0
SWE,2009,63.0904,4891.392192462485,14143.011007671656,45.7,2.8361429041576773,58.4595604636706,434311714442.49915,46707.64250447509,53411.20058531819,9298515.0,84.9341031919813,22.334893137613243,1.1393339921513417,68.94000265625962,7.52983320800796,0
SWE,2010,69.1866,5443.323668006871,14935.286644687862,44.7,4.931739235802569,55.32790074588685,492750897239.4471,52542.57590902992,56003.270471551055,9378126.0,85.1334228515625,23.85900773585575,1.3616164824353785,68.91790807525021,7.545790405403648,0
SWE,2011,64.633,5281.4009633057385,14030.268975839575,45.4,2.924104916724843,55.988896645723216,570538581144.45,60379.48145993216,57340.50398132467,9449213.0,85.3600748880524,23.73372288023943,1.4116756644120343,68.8722459411641,7.519767898881449,0
SWE,2012,61.748,5295.928066158163,14289.59509312272,48.3,1.7603160403695943,59.098528467048105,549739674655.12714,57749.56154208534,56682.018701375346,9519374.0,85.6250668883122,23.105145798289435,1.252545647128,68.82658380707797,7.442191370003955,0
SWE,2013,59.711,5178.934938391297,13870.389908565068,47.3,1.7582231043443062,54.073991616938486,584125353119.1797,60843.98887993689,56843.164926373414,9600379.0,85.9249771259894,21.98468531733183,1.2306253705673833,68.78092167299185,7.453435056784301,0
SWE,2014,58.3613,4997.879903622763,13480.14822439102,48.6,1.1785530674267717,55.868706194724815,577727767303.5957,59583.45844917144,57574.05004852645,9696110.0,86.2563838747314,21.608455404668305,1.2515938527615595,68.73525953890574,7.453410507249846,0
SWE,2015,58.3909,4573.589079869327,13523.980461234229,51.9,1.195469798657718,63.30428962692459,501602351911.60016,51188.165212049265,59468.353868762526,9799186.0,86.6158654081858,22.274361985149387,1.3031159062675497,68.69449813537894,7.434988685785375,0
SWE,2016,58.0175,4858.899405440063,13675.787318157609,50.9,1.3281199923081854,57.20508941734504,513058312950.939,51703.50883328512,59977.38860106939,9923085.0,87.0,22.00607311826782,1.2811871059034998,68.69449813537894,7.416747080311971,0
SWE,2017,57.3362,4926.811175393335,13498.416834548025,51.8,1.0898021308980217,57.88925418569254,535172356784.7687,53210.22333189649,60288.79981686763,10057698.0,87.237373786911,22.183906237090486,1.3210162632013105,68.69449813537894,7.393300602213583,0
SWE,2018,54.8468,4966.261118146331,13330.432165849288,51.6,1.2784577723378214,55.80973072215423,549649344043.1821,54018.45543918606,60647.44952858595,10175214.0,87.4737430925296,22.272986709257765,1.2500845047664877,68.69449813537894,7.36634329022193,0
SWE,2019,54.9209,4781.87568337501,12811.503813593828,52.9,0.9997684621732496,58.748270887383555,530894124494.41754,51648.98928205141,61601.62923387776,10278887.0,87.7088420242759,22.37607097010345,1.2571837792862604,68.69966607739147,7.378216460420349,0
SWE,2020,53.7054,4284.9980555504435,12607.498066826472,57.8,0.5475087436597023,68.48070901466737,544265668451.6781,52568.57269801464,59975.364406189525,10353442.0,87.9424046895699,21.81842482976268,1.196224506793035,68.69966607739147,7.380671773718326,1
SWE,2021,55.8177,4558.744206932191,13017.99735037435,57.9,0.8003585606351645,67.39193704234042,631693331300.7758,60647.54163653466,62731.700616293034,10415811.0,88.1741651958315,22.57741206697971,1.1594275124774815,68.69966607739147,7.373305833824396,1
SWE,2022,52.8307,4323.665721393045,12418.397319103826,57.9,0.7085973007467126,67.39193704234042,575071237640.9214,54836.890723512355,63088.42366787344,10486941.0,88.4038576504809,23.75920562752142,1.2387699295872114,68.69966607739147,7.3536633274405805,0
SWE,2023,51.4013,4288.833339081217,12149.517986392617,57.9,0.6086951286327539,67.39193704234042,578990915246.0703,54950.28347256223,62662.76527977605,10536632.0,88.631216160938,22.587266186101772,1.2822823072128522,68.70135291084539,7.321924030741276,0
SWE,2024,52.5658,4308.308815270156,12226.259019997618,57.899999999999984,0.6086951286327539,67.3919370423404,603715224265.7979,57117.487744061626,62978.93904598351,10569709.0,88.8559748346228,21.686113592450475,1.4222920532683954,68.70135291084539,7.321924030741276,0
SYR,2000,84.9531,928.43318140297,1050.3737012774698,2.0,87.18721497402547,12.945552603402463,18937052543.4373,1138.188485427796,7807.929955487424,16637888.0,51.876811612138,33.31907324929833,24.733949943788737,2.351071933833932,74.60550658395908,0
SYR,2001,77.6545,929.3738105707424,1125.0730001364116,2.1,87.23420185684336,12.891135070380352,20237024724.70393,1186.8291347402724,7698.396936786597,17051338.0,52.2854637030759,30.123982554558072,25.297944164729653,2.383719664816629,74.67080204592448,0
SYR,2002,73.3106,942.4826529146744,1206.4689404804076,1.6,91.25049084353692,8.869025095491379,20669357462.383083,1183.2473451033038,7811.816019109719,17468332.0,52.6957745699164,29.14387237228227,25.005041715895125,2.4163673957993255,74.86668843182066,0
SYR,2003,73.7468,924.9280809796204,1259.9154265209766,1.9,90.66129414553212,9.452070565130532,21828144686.03942,1220.1790772559982,8177.545068543942,17889296.0,53.1024010548332,28.26116706682319,24.65547593800941,2.451549648673675,75.23830273980064,0
SYR,2004,74.7096,943.0406779367422,1358.7375166161082,2.6,86.98444368238926,13.123203541478318,25086950495.049503,1368.1148230028018,8528.656045971538,18336875.0,53.5,30.02349846987626,22.43326379301771,2.4845018249169253,75.74767118810263,0
SYR,2005,86.6424,1105.305011365715,1461.829859332561,2.1,87.61986546443394,12.478975239730929,28858965517.24138,1533.901665365676,8828.945904615228,18814091.0,53.8227202374695,31.18721115638347,20.293102006189436,2.517186904178242,75.32821267091573,0
SYR,2006,88.4347,1101.6382146378355,1492.639769920307,1.8,89.41876994877022,10.673845988788456,33751788856.304985,1718.7834721733766,8885.805396303735,19637022.0,54.059770380523,34.983005136688746,21.45679690269485,2.5490388280782006,75.57044055982138,0
SYR,2007,92.3729,1084.2731371046573,1466.1375566369193,1.5,90.9994306712903,9.089928057553957,40465318382.05847,1937.6113857802743,8829.309063674245,20884125.0,54.2883969431774,34.05780176342685,19.45880867244183,2.5815726421258987,75.67523415377913,0
SYR,2008,92.0369,1066.1371934825972,1488.9147833269644,1.2,93.00636228457206,7.0778100090193306,52557913568.9549,2429.124770871886,8903.77225264131,21636564.0,54.5858464394493,34.224283718536306,18.756403029337516,2.6142452624700505,75.68067959050316,0
SYR,2009,89.2459,977.72847382215,1546.5280949342923,0.9,95.6913272374619,4.388403990024938,54111735628.70651,2462.2019364320217,9284.10162126587,21976969.0,55.0293653833552,27.2972838947834,22.79501171299299,2.646917882814202,75.7351339577434,0
SYR,2010,88.7864,964.455311154982,1610.5027123191048,1.4,94.4153577661431,5.659039493245427,61390830874.700714,2730.614771189487,9546.56048805399,22482421.0,55.6962002889119,30.426524166198337,19.438973200725204,2.67973642650983,75.73925829112889,0
SYR,2011,84.4324,966.2965359392726,1501.4360022410954,1.6,92.82534820274732,7.542240712954122,67539428159.44738,2952.1434937225717,9648.824267183609,22878098.0,58.4817704183521,33.73321404855014,20.646904744337046,2.712410826117737,75.7773784240048,0
SYR,2012,66.593,755.9761230252661,1200.8473023203271,2.0,90.87372645878358,9.409871429804124,43190318032.56269,1897.6611501869631,7144.372449527448,22759763.0,65.0896662830335,25.048812466899093,23.43229828202597,2.745085225725644,75.8100528236127,0
SYR,2013,47.9008,531.8610419426216,1060.6492838828892,3.1,88.06635108795099,10.19564560024191,21361254635.051037,985.8926692270542,5530.974727570352,21666917.0,73.0620491886137,23.193609016755453,25.104930372641736,2.7777596253335513,75.8100528236127,0
SYR,2014,47.0355,536.2989930074832,933.871877789796,2.7,90.339360911568,9.80319544216002,21502061465.949757,1060.5910588685424,5301.625352579407,20273659.0,76.0,19.495228033254733,26.860125618412106,2.8104340249414586,75.79916135707673,0
SYR,2015,43.7198,511.03083578667446,793.6835617565298,0.6,97.92190802052932,2.2518365703934786,16466863117.000916,847.7316319425646,5302.074137214972,19424618.0,75.7529067188542,15.491336029037177,33.13046221293691,2.8431084245493654,75.78826989054076,0
SYR,2016,41.3362,498.9102627597504,777.4892707731035,1.3,95.1233595800525,5.057900262467192,12597854877.425447,656.3490586313004,5022.112717843698,19193834.0,75.15400963398,16.23677963147784,34.166872822714716,2.8431084245493654,75.78351031966454,0
SYR,2017,46.2696,511.80124111326865,861.601355092322,1.1,96.50673205940868,3.6494239578031737,16369843352.345345,851.5020052541528,4977.79210063798,19224668.0,74.5395596323392,17.206864907256573,40.635607528815704,2.8431084245493654,75.80477590807602,0
SYR,2018,47.8015,542.076387571206,1042.862480523265,0.9,96.60089686098657,2.983140982122652,21497782867.642567,1098.0668642356993,4956.092964647766,19577845.0,74.0612602381775,18.495951612867874,39.00988118962555,2.8431084245493654,75.79201655502914,0
SYR,2019,47.3415,501.04336909277765,1033.383195272133,1.0,96.59192825112108,2.9634460848439548,22583045060.08206,1109.539260360489,4825.406020537614,20353534.0,73.8248788261986,15.91604685469573,40.74104479159594,2.8431084245493654,75.75741436584435,0
SYR,2020,46.3394,456.6301425189011,967.674705095326,1.1,96.3047619047619,3.1280117569710333,12047752036.091032,572.3552898319015,4633.34951847728,21049429.0,73.4125031102512,21.090404340127375,33.88268866776576,2.8431084245493654,75.76853455317757,1
SYR,2021,46.2861,419.00655851642705,918.1260260895187,1.1,96.24930799040412,3.392002884730959,14353205678.499138,663.6142457068148,4592.83860100874,21628839.0,73.0125007629395,18.668935649341105,40.128457540531585,2.8431084245493654,74.99306758154985,1
SYR,2022,45.6991,392.31694145711543,850.3184442573744,1.1,95.72802950999451,3.392002884730959,23622827079.50465,1051.6714958746263,4454.853732714638,22462173.0,72.6124992370605,12.000958703636543,43.0599878108777,2.8426727658879267,74.09464684419757,0
SYR,2023,46.5307,395.89226040383227,853.9657531294313,1.1,95.72802950999451,3.392002884730959,23622827079.50465,1051.6714958746263,4454.853732714638,23594623.0,72.1673803143204,12.000958703636543,43.0599878108777,2.8431084245493654,74.09464684419757,0
SYR,2024,47.1656,395.89226040383227,853.9657531294313,1.0999999999999999,95.72802950999451,3.3920028847309585,23622827079.50465,1051.6714958746263,4454.853732714638,24672760.0,72.0761345758254,12.000958703636543,43.0599878108777,2.8431084245493654,74.09464684419757,0
TGO,2000,4.7254,410.7097559670913,91.24447936853372,77.1,71.81142857142856,51.42857142857142,2106848752.2775316,409.88980279276814,2160.989366719865,5140037.0,33.0994844063309,30.302827771640377,14.805210426333437,23.32164000735429,62.511491082919655,0
TGO,2001,4.7178,399.0750456745996,94.74394690397624,82.0,87.70491803278688,75.22131147540983,2093498674.4967809,396.6926545201353,2122.0804744958277,5277382.0,33.5503635916513,29.37861582870096,15.1644610248179,23.267229270086418,62.879205736348595,0
TGO,2002,4.8943,403.00392158539546,92.55027548947272,78.7,60.78431372549019,60.28104575163399,2410199032.4310193,445.23869148892504,2147.9743833722637,5413274.0,34.0011370438307,30.219872239630703,15.740364141963276,23.21281853281853,63.24692038977753,0
TGO,2003,5.2488,414.9306408346308,98.88031105692606,74.8,37.5,64.58015368309486,2987984050.9931836,538.1653777692896,2234.9772223053,5552167.0,34.4513989657696,31.074186510721898,14.572391580956316,23.158407795550655,63.61463504320647,0
TGO,2004,5.2731,408.68104442544626,103.04558511986642,76.1,87.09677419354838,68.87926161455573,3191561508.690881,560.2663085333824,2157.0275199146126,5696508.0,34.9007435603688,28.03859934871758,15.405869526176176,23.103997058282772,63.98234969663541,0
TGO,2005,5.4548,405.977841108573,105.05368089106054,77.2,92.5925925925926,68.87926161455573,3221910408.465157,551.2598500170766,2004.258582321528,5844631.0,35.3487650305291,24.429714310071137,17.332564124012855,23.049586321014893,64.71777900349329,0
TGO,2006,5.4302,394.05590501692495,104.14815790857187,79.7,81.17117117117118,77.47747747747748,3320907721.745081,552.5022712525598,2000.5417601505376,6010668.0,35.795057579151,25.05115479934181,16.960914848703588,22.995175583747013,65.63706563706563,0
TGO,2007,5.4985,397.6555396650752,97.92603643236382,79.9,80.61224489795919,91.83673469387756,3759962853.264759,607.5878867213521,1920.2692867065432,6188344.0,36.2392154091353,26.288406880245823,16.929783373943195,22.94076484647913,66.09670895385182,0
TGO,2008,5.9843,402.37852259967786,100.17566855482625,76.5,30.089430894308943,91.9219017215825,4578847112.70688,718.9483867174725,1941.1548666839276,6368812.0,36.6808327233827,23.86235986692561,20.68166838542998,22.886354109211258,66.8321382607097,0
TGO,2009,7.3898,475.8096400600119,118.43955881264344,63.4,38.14473684210527,92.00706874928743,4721888275.269374,720.6937681514155,1989.8299034696313,6551865.0,37.1195037247939,20.662880126880452,21.34834800080877,22.83194337194337,67.19985291413863,0
TGO,2010,7.2961,462.9805726974597,118.37940525117376,65.8,98.64804469273744,92.00706874928743,4746386893.225533,704.986772286079,2049.780559302031,6732590.0,37.5545882975638,20.33677030085353,21.077801220787016,22.77753263467549,67.3837102408531,0
TGO,2011,7.2213,453.3651617679948,128.6782831830207,69.1,55.34883720930232,92.00706874928743,5422439152.109061,783.9889446716725,2111.4748342991606,6916474.0,37.9872305648732,21.76414902730268,19.86497174323186,22.72311086596801,67.3837102408531,0
TGO,2012,7.5998,440.16754300931626,147.30867335442412,72.7,46.927374301675975,92.26256983240224,5413541649.149012,762.3916237906903,2186.3095197143666,7100736.0,38.4194359598204,20.01546355572054,20.975947911624008,22.66868909726053,70.78507078507079,0
TGO,2013,7.4794,416.704251255243,86.88560007752447,76.2,75.15923566878982,47.146496815286625,6021729629.824541,826.5427999872268,2254.9883835961627,7285442.0,38.8516767884103,22.198525283023944,19.13954669096509,22.61426732855304,70.23349880492738,0
TGO,2014,7.2483,423.5647477278965,172.90179258476135,81.4,41.82692307692308,57.99033816425121,6393314707.854565,855.5848092465744,2322.404082945432,7472450.0,39.2839506458368,23.84768999469707,19.338838158027286,22.55984555984556,70.23349880492738,0
TGO,2015,7.2801,400.70732708769515,91.34571154720712,81.0,80.13245033112582,18.846666666666668,5755457836.018664,751.0519875872484,2388.426098615683,7663195.0,39.7162551272934,22.86644053211955,18.92186014963438,22.50542379113808,70.23349880492738,0
TGO,2016,8.0746,422.785457073186,126.36338521019016,80.7,53.77777777777778,45.566964285714285,6071167584.195098,772.581357620609,2427.300362264029,7858289.0,40.1485878279739,20.88341012082913,20.38507891471696,22.451002022430593,70.23349880492738,0
TGO,2017,7.8173,403.8936362493838,170.15963480838113,78.4,84.25531914893617,29.226173541963018,6387424239.880101,792.765700965864,2462.2774493526836,8057140.0,40.5809463430719,20.40162301447248,20.31555978442131,22.396580253723112,70.23349880492738,0
TGO,2018,8.2848,411.05503345958806,125.56337027100136,76.7,65.54054054054053,18.433389544688023,7029215766.463669,851.1205612335951,2517.348986930094,8258778.0,41.013328267781,21.0297583235942,19.64947841550188,22.342158485015627,70.23349880492738,0
TGO,2019,8.7286,414.1034718396816,167.31521003966884,78.6,78.42809364548495,22.828333333333333,6992654019.288761,826.2552090197977,2577.5161683137235,8463068.0,41.445731197295,19.34441978456327,19.514590050018636,22.287736716308142,70.23349880492738,0
TGO,2020,9.3529,424.79301913653615,162.4043221695741,76.2,86.49093904448105,14.725040916530276,7486031561.868847,863.4686658702757,2570.4831520853395,8669720.0,41.8781527268075,20.074938701812897,19.17251798911776,22.233314947600665,70.23349880492738,1
TGO,2021,9.745,422.48469773325064,162.30440263926556,75.1,77.66990291262135,25.3008,8541668141.261978,962.0751875158718,2638.8109526796325,8878379.0,42.3105904515122,20.02161036030568,20.55080661999904,22.17889317889318,70.23349880492738,1
TGO,2022,10.1281,425.43385282687575,192.85484356094753,75.1,79.14634146341464,25.3008,8646453099.412397,951.2323786903866,2739.688132347113,9089738.0,42.7332327975627,21.2257076314374,21.21984851971211,22.124471410185695,70.23349880492738,0
TGO,2023,10.5451,429.1626011609285,217.2105331094521,75.1,79.14634146341464,25.3008,9816236302.585152,1055.0172787792565,2842.2307624074683,9304337.0,43.2496853032436,20.84408199075884,21.305048241318108,22.070049641478217,70.23349880492738,0
TGO,2024,10.8443,429.1626011609285,217.2105331094521,75.09999999999997,79.14634146341464,25.3008,10651180146.530964,1119.3816050942892,2960.7754256910853,9515236.0,43.8148491605996,20.42974823223412,21.32882481485433,22.070049641478217,70.23349880492738,0
THA,2000,266.5868,1153.0455222562598,1446.8046543115329,21.8,93.15981954009814,7.131083488752514,126392224253.79382,2005.976945142342,11622.525027853724,63007815.0,31.4626212652205,36.66940838136265,8.499848120840582,37.18608702460412,42.85658360899607,0
THA,2001,278.6569,1174.202791950135,1502.1097579381965,19.9,93.33626244874048,6.949521577816832,120296476180.40192,1889.934324671445,11901.31821046593,63651141.0,32.7428054763889,36.32100349466726,8.579287450086538,37.396504139834406,43.03861888077669,0
THA,2002,291.779,1286.144036843527,1612.5991238630515,19.9,92.49539045801876,7.79250181171053,134300904400.02176,2089.7518311155445,12512.183132496286,64266437.0,34.0732781018222,36.894431447152634,8.6921781801026,37.60692125506469,43.2206541525573,0
THA,2003,305.2296,1379.291757437155,1705.2123841454063,20.2,92.69210056162008,7.5255464469196385,152280615245.88742,2347.54001286066,13287.304898745875,64868166.0,35.4270354382579,37.91817489203858,9.441354957962282,37.817338370294976,43.40268942433792,0
THA,2004,327.0301,1477.384808771037,1814.488704990388,19.9,94.06730455669825,6.394537370652287,172895685154.65817,2641.5626871785717,13997.001386729184,65452047.0,36.785516284484,37.90230249506707,9.291110139048143,38.02775548552526,43.584724696118535,0
THA,2005,338.8722,1508.5802606271875,1897.3628475635671,20.1,94.3440471417657,6.175518355182039,189318408468.5952,2867.703834360616,14458.25518106945,66017420.0,38.1301594392881,38.50521071163613,9.194355282371808,38.23817260075554,43.766759967899155,0
THA,2006,343.8979,1525.126557576666,1982.5084203391357,20.5,92.80174712776233,7.629939023511266,221758296021.62064,3331.3204351177264,15051.060674871884,66567687.0,39.4424037014582,39.14685588390604,9.40199346621521,38.44858971598583,43.948795239679775,0
THA,2007,355.1025,1569.8723731987866,2055.604752343113,21.6,92.75196847652796,7.6331567331992,262942621455.05292,3918.5281743458054,15742.65528917806,67102394.0,40.7036878697821,39.43137187715568,9.3476847010693,38.65900683121611,44.128873142946624,0
THA,2008,356.9906,1596.8283545025622,2070.3246370184606,22.6,93.30749809968508,7.4128977087631664,291382982430.9515,4309.135092929862,15891.78234098854,67619830.0,41.8954507430475,39.47961296513037,10.072433825363303,38.8694239464464,44.31090841472724,0
THA,2009,354.2997,1578.7610726973207,2061.667254835067,22.8,93.0875016853175,7.29017796952946,281710630187.3191,4135.439869528185,15665.903115344903,68121080.0,42.9991311200422,38.60859888843874,9.787033759420426,39.07984106167668,44.49294368650786,0
THA,2010,373.9503,1718.6211836804257,2260.341935973908,22.8,94.08761962097552,6.1068154168391215,341104766329.1696,4973.862888237778,16730.36978844884,68579447.0,44.0018736622496,39.92172569853569,10.522175636984883,39.29025817690697,44.67497895828848,0
THA,2011,373.9837,1704.823340805253,2229.969947487225,23.0,91.91739465570402,12.915673175745118,370818739623.62195,5373.623283289797,16766.347705788314,69007208.0,44.8048723557374,37.98139827110971,11.591791777520749,39.28556049247392,44.68280843234355,0
THA,2012,392.5641,1818.1920430868397,2366.7948622343383,23.6,91.66324112583422,12.86154366960054,397558325278.5791,5725.5280283546335,17869.63766074586,69436098.0,45.373565813715,37.34369413746095,11.504100153576715,39.280862808040865,44.69063790639864,0
THA,2013,403.8667,1943.923039782282,2420.570177607556,23.2,91.8543853909526,12.167766112482528,420333654592.54706,6018.082447292549,18242.425671536326,69845114.0,45.8321343847773,36.89858846481011,11.322215337977282,39.27616512360782,44.698986866057275,0
THA,2014,395.7063,1926.2258261764812,2418.6241364495545,24.4,91.67107381682708,12.580086732715156,407339040197.6513,5801.1978916205,18324.614467487463,70216367.0,46.3138799467897,36.76304036551239,10.088921615104232,39.27146743917477,44.710211591536336,0
THA,2015,401.3825,1932.6739096881456,2487.567655000202,22.6,91.99131974187654,13.138364456627263,401296238228.0839,5688.853353978842,18811.99751000637,70540795.0,46.9521043776171,36.17917732626671,8.872723647867934,39.26676975474172,44.71804106559142,0
THA,2016,401.0899,1985.0053092834771,2713.878514065534,22.4,86.36786092263392,20.92336454623108,413366349747.5081,5833.577156170984,19370.608781011655,70859841.0,47.8801095551247,35.58676540507598,8.47807696285562,39.18064554013584,44.710211591536336,0
THA,2017,406.6368,1988.1378152909856,2690.338629942049,22.2,85.62240341249917,20.262796871875764,456356813536.7637,6413.091825303433,20094.67787626029,71160187.0,49.2311973571777,35.018759526321965,8.406412586650468,39.11018027364012,44.71999843410519,0
THA,2018,402.1173,1951.8556356188044,2700.176343393702,23.7,83.17023592660061,23.961467543430935,506754208404.4847,7099.776500814575,20879.90278214487,71376079.0,54.5843734741211,34.74248966750406,8.20181926195524,39.039715007144395,44.71744700424749,0
THA,2019,410.4601,1989.8123422686344,2774.0170610633995,23.9,82.12723184763921,25.24544372437508,543976691793.88586,7605.696577977591,21277.839268476393,71522271.0,55.9266166687012,33.59391051332646,8.128568040094796,38.96924974064867,45.01947581671201,0
THA,2020,403.9095,1884.3507372740212,2673.060206290534,20.9,83.34872875150668,18.80025571414088,500461898480.24554,6985.643938925742,19957.25714091695,71641484.0,57.2358779907227,33.290722967857505,8.702852146735541,38.89878447415295,45.551683728395545,1
THA,2021,398.6981,1848.063360933068,2722.002820347479,19.0,82.54763898332705,19.930740139250258,506194668789.9366,7057.2075480227895,20242.77000356559,71727332.0,58.5087776184082,35.03171196679927,8.692912930507973,38.82831920765722,45.998160073597056,1
THA,2022,417.7712,1867.4696831205304,2828.5504900939395,19.0,81.38514195876346,19.930740139250258,495644697587.6605,6909.352818158268,20762.795259852686,71735329.0,59.742374420166,35.12175770314611,8.719451384414441,38.7578539411615,45.998160073597056,0
THA,2023,410.6628,1851.272314241671,2965.2131060821016,19.0,80.43578028433312,19.930740139250258,515906283940.9326,7195.101309194487,21191.454030927387,71702435.0,60.9341926574707,32.98040932864924,8.5627759867239,38.687388674665776,43.79807786411948,0
THA,2024,422.3873,1851.272314241671,2965.2131060821016,18.999999999999996,80.43578028433312,19.930740139250254,526517658841.6837,7346.620221421852,21740.540321926088,71668011.0,61.8689338391321,32.1359776535892,8.711126618988196,38.687388674665776,43.79807786411948,0
TJK,2000,10.5086,341.87376751637095,2138.037642000816,62.4,1.558222783743946,98.68744297044992,860541842.2636966,136.9257164007228,1365.233274471293,6284735.0,26.5355104669232,35.27732691554262,25.124531258745176,2.929408402400686,32.67362103458131,0
TJK,2001,9.9992,330.97612822936907,2113.501359448648,64.1,1.2237519121123628,98.734529272702,1080772551.2943304,168.67628536518615,1467.39882474638,6407377.0,26.5345041786379,36.18456977923395,23.808409392308292,2.929408402400686,32.67362103458131,0
TJK,2002,10.8572,325.67988505441724,2106.199808961538,64.2,0.9018428963534176,99.33342046791267,1221106220.2867951,186.9516382852216,1594.93890470219,6531669.0,26.5336513960096,35.140580096584,22.232097887595177,2.929408402400686,32.659331237496424,0
TJK,2003,10.1997,325.58147431382395,2101.0501496191,64.6,1.047913259434248,99.33975407353564,1555318261.4172034,233.5812484528902,1736.640397498551,6658575.0,26.5331204386766,33.11631032889486,24.19456462385013,2.929408402400686,32.837953701057444,0
TJK,2004,12.3344,345.26104028078146,2119.416889390501,61.4,0.9217148747801832,99.0782851252198,2076176869.4108884,305.7451585875024,1878.28696227255,6790547.0,26.5327772632159,30.91628427350705,19.222350137012956,2.929408402400686,33.223778222349246,0
TJK,2005,11.8089,337.9159372883842,2107.5220369921094,63.7,0.7197191339964891,99.28320655354008,2312352020.668896,333.92715094168375,1965.300204582565,6924720.0,26.5324878262051,27.366580634418447,21.191685399494908,2.929408402400686,33.38096599028294,0
TJK,2006,12.4889,341.8637118480153,2096.8985624789057,61.6,1.3817537643932685,98.61234130498968,2830213848.620304,401.0184033164272,2063.288508243002,7057566.0,26.5321180842215,27.36417002313823,21.45106692947125,2.929408402400686,33.8310945984567,0
TJK,2007,13.9718,358.4276831990428,2035.1722578305553,53.8,4.458671544529553,97.82782668343432,3719524540.86193,516.9972106189136,2181.8979805653585,7194477.0,26.5315339938424,26.42841523226391,19.43472556308769,2.929408402400686,33.78822520720205,0
TJK,2008,12.7895,334.36263729914674,1912.950269970183,54.6,4.006936272991887,97.85099399269214,5161299725.276728,703.3273758986428,2308.0943004033425,7338403.0,26.5306015116451,24.55751962500706,19.867284124922342,2.929408402400686,33.773935410117176,0
TJK,2009,12.0066,284.6515614907286,1879.1145265232176,60.6,2.401191288701371,98.6535955823044,4979472364.453397,664.7956557346566,2349.5003026941645,7490230.0,26.529186594207,24.508810626075576,18.552003296410305,2.929408402400686,34.00543012289226,0
TJK,2010,11.8875,284.3312493508091,1862.354601150188,61.8,0.4137511408579252,99.7870398539702,5642221099.177043,737.3388832193556,2449.2735874535856,7652141.0,26.5274312963978,24.976626151996793,19.58667751375111,2.929408402400686,27.209202629322665,0
TJK,2011,11.8545,278.85452298568333,1781.7741957127255,60.0,0.4926715112698608,99.7659810321468,6522756255.012003,833.6019782028519,2572.4807489549785,7824785.0,26.4792213439941,22.468749064716626,23.83550984167523,2.9462703629608464,26.8076593312375,0
TJK,2012,12.8296,294.85565582972555,1730.4535365489055,55.8,0.7305290444208791,99.56403911865206,7633036903.076341,952.4528196954687,2700.0954603735836,8014084.0,26.4102249145508,22.0426346192666,23.32681656163327,2.963132323521006,26.21463275221492,0
TJK,2013,13.0525,288.3949605962693,1660.394093801861,55.1,0.2570844288635699,99.74291557113642,8448411318.254166,1028.197042793961,2828.3854207514746,8216724.0,26.4883155822754,23.11516464514462,21.320887846520016,2.979994284081166,26.45684481280366,0
TJK,2014,14.518,301.6149649230424,1431.7162839894645,45.9,1.7433168316831684,99.10814348653545,9112605459.328451,1081.5440293203876,2943.0886791731673,8425552.0,26.5633735656738,22.604741510553605,23.773783673859462,3.0222068508350985,26.800974161658957,0
TJK,2015,15.2879,318.69827737817917,1521.8930475344291,48.1,2.3181447383754805,98.4733714019345,8271431485.0748415,956.916310930656,3041.44479553257,8643840.0,26.478832244873,30.22021350470205,21.5905747207608,3.039123856185604,27.076158224655956,0
TJK,2016,16.3223,326.56921878873936,1484.4967041827028,43.7,5.024025069637883,97.50974930362118,6992416096.890184,788.710481734485,3169.9667820523964,8865631.0,26.3718509674072,32.21336623453421,20.856976508615578,3.039123856185604,27.36436342675985,0
TJK,2017,18.0551,328.78176893187236,1531.9263398659864,44.2,7.814287291597659,95.57292701777632,7536402852.858016,829.4571476495696,3312.7120224350565,9085946.0,26.2731513977051,31.846857962296475,20.28329631888606,3.039123856185604,27.679948123063618,0
TJK,2018,19.4273,347.711461590981,1555.5476525874813,41.6,9.649630229966569,94.08003241819472,7764999999.453624,834.2884045788009,3479.6923596604056,9307333.0,26.2338752746582,34.398360803386474,19.771964784292535,3.039123856185604,27.77289430074213,0
TJK,2019,20.4106,370.77887573753145,1640.509525427478,40.1,8.522212148685405,92.3222789521401,8300813599.3084,871.0223729348457,3649.883755186463,9529966.0,26.1300735473633,33.06214906370639,20.86707335880005,3.0463289862382017,27.840622523236547,0
TJK,2020,21.1264,375.3673791824129,1647.1934936934,38.8,9.875621890547263,96.25860696517414,8133963550.657425,834.3117154606249,3724.748959146598,9749310.0,26.1925442328719,33.7965394725715,22.69043084483607,3.053534116290799,27.83125585416817,1
TJK,2021,21.3532,367.76904194991266,1427.1226342211646,34.9,9.957044258892804,93.38278874463052,8937805347.13963,896.7480533721822,3985.9124761121857,9966908.0,26.1991525151375,35.17768260215303,22.449080546082513,3.0607392463433967,27.788745586857843,1
TJK,2022,21.849,374.5473321265516,1475.6111190661527,34.9,7.291424317156019,93.38278874463052,10713525200.39978,1052.1794948489417,4213.756183626869,10182222.0,26.1957126615618,34.70258085642701,22.934853704084475,3.067944376395994,28.07262771093018,0
TJK,2023,21.6738,393.055077961309,1497.4303160244006,34.9,7.291424317156019,93.38278874463052,12244169292.799822,1178.4799006024873,4472.324137877705,10389799.0,26.1890127571429,33.63877085934711,22.85886210651729,3.075149506448591,27.94653793500973,0
TJK,2024,22.189,393.055077961309,1497.4303160244006,34.89999999999999,7.291424317156019,93.38278874463052,14204575548.55358,1341.2022902767226,4755.932967047187,10590927.0,26.1788063651548,33.63877085934711,22.85886210651729,3.075149506448591,27.94653793500973,0
TKM,2000,59.5897,3247.6366918929916,1668.0206787430143,0.1,99.96952767902488,0.0319959370238699,2904663310.9824967,633.8354876380108,5112.529481473521,4582677.0,46.0736689106993,41.06069308826345,22.53877082136703,8.782159044964144,75.54316600344733,0
TKM,2001,61.2012,2700.8834490237327,1740.8102692192276,0.1,99.97172478793593,0.029688972667295,3534772732.3974595,756.0349762763984,5228.803292864911,4675409.0,46.3715562022892,41.97198724171405,23.098044654000834,8.782159044964144,75.54316600344733,0
TKM,2002,67.5835,2214.750446781389,1717.3833962509425,0.1,99.97196261682242,0.0294392523364485,4462029108.723494,935.5408014784664,5138.871177606039,4769465.0,46.5924846062154,40.29840848806366,20.932802829354554,8.782159044964144,75.22396952737643,0
TKM,2003,77.0118,3005.3530688226956,1671.9214040685752,0.1,99.9722222222222,0.0291666666666666,5977440582.801714,1228.948702894039,5203.854381317605,4863865.0,46.7000007629395,38.885615688915074,19.119602727043176,8.782159044964144,74.88349328623411,0
TKM,2004,80.8717,3714.875226581733,1815.819106257184,0.1,99.9748322147651,0.0264261744966442,6838351088.466884,1379.230096826922,5360.224299105317,4958093.0,46.7375427392139,37.87185044703333,18.355459225142237,8.782159044964144,74.58557657523461,0
TKM,2005,81.222,3554.4011638534816,1931.414019516426,0.1,99.97659906396257,0.0245709828393135,8103901996.370235,1604.016184523122,5945.952398048038,5052257.0,46.7728683922582,37.06399417725771,18.531997088628856,8.782159044964144,74.22382056902092,0
TKM,2006,85.2256,3604.174628786337,1977.6165436687224,0.1,99.978021978022,0.023076923076923,10276674364.896074,1996.593107173076,6476.82805700551,5147105.0,46.8060040482349,35.7901703447346,17.197874061755584,8.782159044964144,73.84078479773584,0
TKM,2007,89.7992,3507.1279081727735,2094.1845285110007,0.1,99.9798387096774,0.0211693548387096,12664165103.189491,2414.9607198696376,7060.148449930428,5244046.0,46.8369760333063,37.70962962962963,18.854814814814816,8.782159044964144,73.52158832166494,0
TKM,2008,93.563,4237.036188792165,2139.745172570626,0.1,99.98005319148936,0.0209441489361702,19271523178.807945,3605.503951205493,7944.995900731063,5345029.0,46.8658106736347,60.54578532443905,10.721649484536082,8.782159044964144,73.09599302023706,0
TKM,2009,81.744,3647.890548226757,2162.4875816091885,0.1,99.98122653316643,0.019712140175219,20214385964.91228,3707.978506996173,8264.865343227348,5451592.0,46.8925342953825,60.9102428355696,10.515352970786829,8.782159044964144,72.78743642670184,0
TKM,2010,88.8567,4077.6679049189697,2178.32935204002,0.1,99.98199279711883,0.01890756302521,22583157894.736843,4058.5393700073905,8842.33283585112,5564356.0,46.9171732247121,59.13116435163606,11.340542556166683,8.782159044964144,72.35120124273828,0
TKM,2011,95.5483,4314.9852817545325,2196.389953438222,0.1,99.98257839721254,0.0182926829268292,29233333333.333332,5143.619293346473,9929.689346346451,5683417.0,46.9397537877858,65.8692912440737,8.88435455800276,8.782159044964144,72.0064690485817,0
TKM,2012,99.4391,4232.430083592451,2203.305267789908,0.0,99.9830985915493,0.0177464788732394,35164210526.31579,6053.874846874895,10794.233523366323,5808546.0,46.9603023107661,66.57985591410724,8.501466802370832,8.782159044964144,73.57611771966037,0
TKM,2013,98.4199,3952.268485495159,2296.214344318671,0.1,99.98410174880765,0.0166931637519872,39197543859.64912,6599.645290554815,11633.29059877574,5939341.0,46.9788451198152,63.42771208364291,8.47439420658294,8.782159044964144,75.14576639073904,0
TKM,2014,97.0348,3758.606671752707,2410.7518941915955,0.1,99.98529411764706,0.0154411764705882,43524210526.31579,7164.145361840064,12544.398346406131,6075283.0,46.9954085410955,60.66960110928379,8.295443552287898,8.782159044964144,76.71541506181771,0
TKM,2015,102.8238,3722.7831299137674,2645.0463900691307,0.1,99.98668678441466,0.0139788763646045,35799714285.71429,5759.497903834004,13057.830325355657,6215770.0,47.0100189007695,54.29333035379372,9.306538759287784,8.782159044964144,78.28506373289639,0
TKM,2016,100.9136,3589.90954802381,2717.4353121308495,0.1,99.9873348250095,0.0132984337400261,36169428571.42857,5686.980409627638,13552.847711874516,6360041.0,47.0227025249994,51.4325436635517,10.52743832597379,8.782159044964144,79.85471240397506,0
TKM,2017,105.3017,3558.319018503607,2679.55072190041,0.1,99.98744559758956,0.0131821225309675,37926285714.28571,5828.481662348902,14107.66711992893,6507061.0,47.0334857399476,47.04388965060041,11.117807476156754,8.782159044964144,81.42436107505372,0
TKM,2018,107.1599,3427.9062439981435,2780.547406935953,0.1,99.98817174624452,0.012419666443244,40765428571.42857,6125.0516971208535,14648.135352724958,6655524.0,47.0423948717765,44.90639827865349,11.041568836338914,8.782159044964144,82.9940097461324,0
TKM,2019,106.3272,3462.2549261039917,2577.18170519922,0.1,99.98222222222222,0.0139999999999999,40810067974.50898,5998.001743475399,15231.305617656546,6803944.0,47.0494562466485,42.41227931655244,10.811357104506838,8.782159044964144,84.56365841721107,0
TKM,2020,109.8841,3393.063713602374,2618.7381940951195,0.1,99.98835494138652,0.0122273115441347,41509903181.72308,5972.723565668613,15791.17758576012,6949912.0,47.0546961907259,37.38268802653979,11.492052406103651,8.782159044964144,84.55876407124465,1
TKM,2021,128.4349,5109.260620113429,2659.1773343731843,0.1,99.9788732394366,0.0110915492957746,40589905812.036354,5723.302271579058,16434.13990603527,7092043.0,47.0581410301711,37.12419869048027,11.80795996023448,8.782159044964144,84.55365692762751,1
TKM,2022,134.7789,4841.280393446303,2829.2467434825044,0.1,99.98159509202456,0.0110915492957746,42208726137.71921,5837.842245389467,17119.574494614222,7230193.0,47.0592103414926,40.44776697900214,10.934487068923753,8.782159044964144,84.55365692762751,0
TKM,2023,128.3196,4558.646393695731,2777.67291950859,0.1,99.98159509202456,0.0110915492957746,45894538665.55379,6231.913238396981,17866.40418091692,7364438.0,47.0678875054171,39.27219947125602,11.291652725481972,8.782159044964144,84.22156321154215,0
TKM,2024,114.8122,4558.646393695731,2777.67291950859,0.09999999999999998,99.98159509202456,0.011091549295774597,51387209872.29937,6856.658027302078,18662.29879905601,7494498.0,47.0875253910294,37.48262000827084,12.166743078998149,8.782159044964144,84.22156321154215,0
TTO,2000,23.5022,7575.588963138756,3833.989758852652,0.8,99.63363253343104,0.3760762044330463,8154342116.103107,6178.589755596872,19637.55454107208,1319774.0,55.9291468285602,47.53604681267726,1.3571938867876046,46.13060428849903,13.060428849902534,0
TTO,2001,26.2946,8336.823022540391,3934.919924832166,0.7,99.46846208362862,0.5322466335931963,8824849191.035706,6657.414669372205,20366.75313221195,1325567.0,55.9010190940268,45.20699108480344,1.286377056094475,46.04795321637427,11.695906432748536,0
TTO,2002,28.3449,8990.734416977413,3915.883577538023,0.7,99.52161587526577,0.4849397590361445,9008298228.602732,6762.930808080963,21876.852907040266,1332011.0,55.8298121439974,42.90957541303962,1.39847219754841,45.96530214424951,11.695906432748536,0
TTO,2003,32.4057,10077.812459753166,4575.303520033107,0.6,99.79804256641292,0.2159391020661799,11305459802.068275,8445.046535182983,24910.823196151985,1338709.0,55.7188050758235,51.49643805589512,0.947884612682488,45.88265107212476,11.695906432748536,0
TTO,2004,34.547,10262.129041581562,4505.790185672449,0.6,99.61119751166407,0.3978227060653188,13280291989.575474,9871.03419820086,26757.90756014294,1345380.0,55.5711241312409,54.368280150732694,0.7614839459639038,45.8,10.721247563352826,0
TTO,2005,41.542,12423.568314885277,5151.819938910493,0.5,99.659960328705,0.3505242278265797,15982389018.404148,12346.437309407496,29536.439410109608,1294494.0,55.3898955519853,59.647015348026514,0.4839991903775169,45.71734892787524,10.526315789473683,0
TTO,2006,45.6992,13820.646751978282,5313.788576394667,0.6,99.59559336215312,0.4056616929298563,18369361094.388645,14152.660742211256,33348.75074708856,1297944.0,55.1782455797922,60.81944155327069,0.5668769913694233,45.63469785575049,10.526315789473683,0
TTO,2007,46.5095,14651.43925688312,5695.264228952385,0.4,99.71339239187076,0.2903856175091193,21641620049.93521,16606.675360681045,34793.64575211048,1303188.0,54.9393004563973,59.65214216607948,0.3716617075263321,45.552046783625734,10.526315789473683,0
TTO,2008,45.5018,14167.283457552232,5736.72212852489,0.5,99.70249644289224,0.0456603285474065,27871587349.541267,21298.994525806283,35825.33334563622,1308587.0,54.6761864235364,63.97825967897257,0.3655144243276177,45.46939571150097,10.526315789473683,0
TTO,2009,44.3753,14193.299078549982,5764.41906227435,0.5,99.7067448680352,0.0502358791278847,19172165225.50151,14634.056500391198,34212.26830570082,1310106.0,54.3920297229449,53.135852877445146,0.5951458263935383,45.38674463937622,10.526315789473683,0
TTO,2010,48.0744,15018.909783926329,6238.075940606232,0.4,99.95285798467884,0.0519740718915733,22157920592.366913,16815.424737361,35145.12536390618,1317714.0,54.0899565963587,53.81395645156723,0.52014610527508,45.304093567251456,10.526315789473683,0
TTO,2011,48.2117,14838.98829237014,6422.347873034949,0.4,99.95440036479708,0.0502735978112175,25433007437.160465,19151.08702297216,34769.76202513761,1328019.0,53.9253615474727,57.051012282847815,0.456542570355529,45.22144249512671,10.526315789473683,0
TTO,2012,44.706,14480.169106299609,6660.4553345805925,0.4,99.93429697766098,0.0682216381953569,27147349937.46892,20332.138953192512,36903.68985740943,1335194.0,53.9254053431618,46.82408979796904,0.6238615273459228,45.13879142300195,10.526315789473683,0
TTO,2013,43.9096,14331.498544682696,6915.7820219505775,0.4,99.93687532877432,0.0655444502893214,28560537057.154778,21304.977749662845,37994.068648047265,1340557.0,53.9255789963372,44.980140786358206,0.7127707383023838,45.05614035087719,10.526315789473683,0
TTO,2014,43.7752,14611.618220613256,6821.3087666119345,0.3,99.93631925281257,0.0661218424962852,29474180005.13333,21908.301455564368,39248.6570516023,1345343.0,53.9259699537793,43.63135761069849,0.6685633396080005,44.97348927875243,10.526315789473683,0
TTO,2015,43.3621,14043.97598326854,6906.888884443348,0.4,99.93730407523512,0.0654127481713688,26841141793.214268,19887.232771649797,38963.96417830112,1349667.0,53.926665238022,35.97704895479306,0.9220534260205724,44.89083820662768,10.526315789473683,0
TTO,2016,40.05,12250.99269362698,6770.096647081199,0.4,99.93629897016667,0.0664614077927593,23624322192.627434,17449.15388019561,35914.990197098305,1353895.0,53.9277523084951,34.41458590359298,0.992434424479726,44.808966861598435,10.526315789473683,0
TTO,2017,39.0762,12330.86332127001,6670.190095626452,0.4,99.92491687225144,0.0671457685294433,23830750900.689945,17566.099970065556,34095.98992561517,1356633.0,53.9293186833833,36.13582592770442,1.0863432616295432,44.7270955165692,10.526315789473683,0
TTO,2018,39.2792,12397.100739996087,6474.430047829852,0.5,99.91327913279132,0.0678590785907859,23883058083.217064,17571.498737277976,33710.017854000784,1359193.0,53.9314518934907,37.774598881680504,0.9645176993708506,44.645224171539965,10.526315789473683,0
TTO,2019,40.0682,12492.898463424232,6425.290600703087,0.4,99.92381367000436,0.0681323465389638,23477745791.69768,17212.61288921629,33748.706084992446,1363985.0,53.9342394732739,35.19696931545961,0.7650529409922691,44.56335282651072,10.526315789473683,0
TTO,2020,36.524,10700.596752381423,6438.749565567324,0.5,99.91327913279132,0.0678590785907859,20888515184.223858,15283.62705315543,30720.887693604225,1366725.0,53.9377689584806,31.15261873716361,1.0620292127584186,44.48148148148148,10.526315789473683,1
TTO,2021,35.3065,11212.0075366802,6459.689461068561,0.5,99.9244142101285,0.067595292085088,24222963262.72133,17712.567410465464,30482.120179863057,1367558.0,53.9421278853848,39.04742905674641,0.908362622380658,44.39961013645224,10.526315789473683,1
TTO,2022,35.1893,10999.46206288145,6590.984803833637,0.5,99.92626145580954,0.067595292085088,28341164301.126022,20750.520243465224,30784.11125803557,1365805.0,53.9474037904998,45.675783276547534,0.7628156502284126,44.317738791423,10.526315789473683,0
TTO,2023,33.6754,10590.42820920293,6663.936643973353,0.5,99.92626145580954,0.067595292085088,25036993423.366383,18308.453629857464,31196.60355471798,1367510.0,53.9536842104572,34.50538179545229,0.8358551072011648,44.23586744639377,10.526315789473683,0
TTO,2024,33.5866,10590.42820920293,6663.936643973353,0.49999999999999983,99.92626145580954,0.06759529208508798,25633544529.484867,18733.411040649364,31960.156888898287,1368333.0,53.961056681951,34.64370578698485,0.7776301668561251,44.23586744639377,10.526315789473683,0
TUN,2000,31.6044,748.2738311517147,970.8205942999108,14.2,99.17893544733862,0.8353152132880333,21473528160.778236,2199.044659363143,9134.41506327005,9764935.0,63.6166653822584,26.806621049555947,10.006319351485049,4.298725540679712,61.47657054582905,0
TUN,2001,32.58,781.4001218048302,1027.3892448557333,14.2,99.31530898876404,0.7000526685393259,22065832448.86228,2235.7198162475106,9380.563176170244,9869677.0,63.9541757453358,26.43669833429933,9.421855706473805,4.311328527291452,61.1418640576725,0
TUN,2002,32.3263,783.6979219524014,1055.406324916525,14.6,99.20614812938096,0.8103200743180475,23141616604.524197,2320.7723805784976,9407.55676671593,9971515.0,64.2822554892505,26.576234301484448,8.298481514352062,4.323931513903193,62.84114315139032,0
TUN,2003,32.0343,797.1583346358465,981.0723823110296,14.1,98.23737821080604,1.7844109831709476,27453902261.462925,2725.864314885902,9752.024423358238,10071632.0,64.6055972687544,25.56144199563511,9.291497517894904,4.336534500514933,62.97631307929969,0
TUN,2004,33.6074,832.5546718491597,1019.9521687779352,13.9,98.34170854271356,1.668592964824121,31183885241.439552,3067.419363769748,10263.805542240823,10166163.0,64.9272741461338,25.57977264827426,9.902545154936467,4.349137487126673,63.27239958805355,0
TUN,2005,34.8237,810.8369297332254,1067.8201841904497,14.2,98.52302345786272,0.4665508253692442,32272186694.80428,3146.8260743927026,10529.159895684455,10255472.0,65.2340901739004,26.43356977382914,9.169831148049964,4.361740473738414,63.23377960865088,0
TUN,2006,36.2035,845.9856046627767,1092.0696164176752,14.3,99.00467039277238,1.0073501263302964,34376664600.589775,3322.5693357009604,10983.922190399127,10346410.0,65.5209809651521,27.18473124953558,9.280709499477666,4.374343460350154,63.117919670442845,0
TUN,2007,37.0607,865.7644564903864,1135.9259247199354,14.3,99.3303733896208,0.6819273600698741,38915353866.75699,3726.916729356669,11613.924751142824,10441702.0,65.8000030517578,28.908341605751588,8.642019873858157,4.386946446961895,63.11148300720907,0
TUN,2008,38.341,894.3041608120029,1174.4691910513832,14.6,99.5195989695746,0.5546891317969783,44859439902.21906,4255.050080195232,11990.196237171582,10542635.0,66.0676053984361,31.449418524709987,7.848649978651498,4.399549433573636,63.60066941297632,0
TUN,2009,38.2274,859.9629253849947,1259.1683104582703,16.1,98.8460529766588,1.1730264883293997,43455740497.30611,4080.0903244878054,12229.775253669271,10650681.0,66.3362197875977,28.041215327248064,8.456606654714268,4.412152420185376,63.0084963954686,0
TUN,2010,40.1416,955.7070473721668,1348.4141713062816,12.6,95.93818714879062,1.1724896164182752,46206091937.96283,4291.861208915754,12458.271036655113,10765980.0,66.6280059814453,29.523551770956495,6.846146170058997,4.424755406797116,64.61122554067971,0
TUN,2011,38.3174,902.9030411159076,1305.4339803243329,13.2,97.85402521823472,1.018792434529583,48123325825.07389,4420.64772206537,12068.713625766672,10886035.0,66.9191886197857,30.54812597421001,7.576844504274716,4.4346035015447995,64.83007209062822,0
TUN,2012,40.3244,930.16863461378,1387.964573251077,13.0,97.10409745293464,1.7493355481727573,47311401812.67335,4297.267824542726,12436.395811573506,11009647.0,67.2098922729492,30.12153682304558,8.30025725587419,4.444451596292482,63.86457260556128,0
TUN,2013,40.0553,935.7970996904508,1401.624092424615,13.2,96.33277109744816,2.3672125795745145,48685446413.95297,4369.79345826358,12587.995064559633,11141361.0,67.4999542236328,29.1379467288349,7.969308648093739,4.454299691040164,63.99974253347065,0
TUN,2014,42.0137,939.7691330029533,1442.8405589780923,12.9,95.7130951140744,3.092197103864986,50271812920.612015,4458.978954645474,12824.002891444126,11274288.0,67.7524643379101,27.128883639618863,8.57165956609159,4.464147785787848,62.82826982492276,0
TUN,2015,42.4361,952.9839551267888,1438.9247609071322,12.5,96.1057447890188,2.8855617691916624,45779494041.92953,4014.9477368643215,12802.791721143314,11402264.0,67.8807907104492,24.89705151989595,9.205899187325032,4.473995880535531,63.29814624098867,0
TUN,2016,41.6274,955.176493865808,1442.0565626194305,12.4,95.9793918577634,2.967521971916355,44360072680.44765,3847.8035444880866,12803.879737154331,11528674.0,68.0623356528248,24.007602304199217,8.525411153054616,4.483843975283213,62.452368692070024,0
TUN,2017,41.8407,973.9534814563206,1457.5342616255546,11.8,96.2674203294026,2.68365656368775,42163530590.9462,3619.032473199531,12955.401481424073,11650498.0,68.2877807617188,23.624101204275988,8.986045690927003,4.493692070030895,62.711766220391354,0
TUN,2018,41.8308,973.0743413330092,1464.7893836172393,11.9,95.99904397705544,2.7951720841300194,42686504459.80096,3628.1036646423577,13163.195223035676,11765514.0,68.5485240272509,23.686225223590636,9.888525518761258,4.503540164778578,62.4388516992791,0
TUN,2019,41.8837,950.6142637245928,1533.8000641848253,12.2,95.5619151449078,3.2256291450894885,41905642418.825035,3528.8721330679796,13243.902423324596,11875081.0,68.8206382576031,23.235311577767785,9.766258732870725,4.513388259526262,62.4388516992791,0
TUN,2020,40.3555,896.5155939981746,1423.2436007278068,12.9,96.01254270604204,3.1067066036411286,42491780918.36103,3548.6536366380274,11955.59836984789,11974057.0,69.1043166438476,21.51200690197076,10.391700229535717,4.523236354273945,62.4388516992791,1
TUN,2021,43.3199,964.474882954034,1519.5928629846633,11.6,95.92507994518044,2.820009136592051,47073234359.18191,3906.939263193908,12444.3264026887,12048622.0,69.3997523770568,23.356869077103887,10.090037903494329,4.5330844490216275,62.4388516992791,1
TUN,2022,42.7054,956.0411188872014,1595.467209666802,11.6,95.93408645317898,2.820009136592051,44929920092.79546,3707.292834143812,12712.223454530023,12119334.0,69.707138648303,25.96244383966381,10.821724772221206,4.54293254376931,62.4388516992791,0
TUN,2023,43.6021,901.544846500177,1628.630988528192,11.6,95.93408645317898,2.820009136592051,48205328303.339775,3951.1168337692143,12650.961515816594,12200431.0,70.0266686486584,24.093758389889256,9.473679289512454,4.552780638516992,62.4388516992791,0
TUN,2024,44.621,901.544846500177,1628.630988528192,11.6,95.93408645317898,2.8200091365920508,51332285656.54216,4181.137893012285,12774.915856802114,12277109.0,70.3585355691955,22.55725128723853,9.738633931019288,4.552780638516992,62.4388516992791,0
TUR,2000,301.8184,1166.0141200544308,1597.530986208976,17.3,75.01801123901315,24.938881862282063,274748463178.50223,4199.379863575901,14856.914625257,65425961.0,58.9706120006403,26.803868354719786,10.018377945639982,26.179267959928797,52.59540298585035,0
TUR,2001,278.6054,1060.5707195356813,1563.0130565979132,18.1,80.1246689753514,19.838215522509675,202195080239.0363,3052.225670679303,13872.128728456584,66245128.0,59.8722461417316,25.521851396935492,8.772139692871086,26.300719826410095,53.230773228694304,0
TUR,2002,289.7373,1107.2799101185533,1620.0291146171978,17.5,73.71715610510047,26.249528593508504,240778008473.84537,3591.0862898258697,14587.89462165597,67048795.0,60.7385342729423,24.63186708670853,10.17126888011837,26.42217169289139,53.52701947689149,0
TUR,2003,302.7071,1159.996658037693,1726.3159881076303,16.3,74.67936634395829,25.29537419708211,315392899922.37915,4649.636680685855,15255.717796068884,67831730.0,61.5845060653258,24.843292975147747,9.774259900721576,26.543623559372687,52.80979171809831,0
TUR,2004,309.6687,1176.7543016011796,1848.2164049813116,16.8,69.25042137254643,30.73247820143599,410156784495.9478,5979.605421614805,16583.883709406215,68592617.0,62.4388481173262,25.15922848483313,9.303342176533194,26.665075425853985,53.54521003599132,0
TUR,2005,320.7302,1211.465616466687,1972.4632020943104,15.3,75.40319592975871,24.54405517547976,508314210212.5437,7331.854294302553,17902.59660044867,69329557.0,63.3302470273874,25.2941440738888,9.134974627806397,26.786527292335276,53.562101269441165,0
TUR,2006,352.1909,1328.6923013897938,2138.985701962881,14.2,74.69185871729277,25.255673599963696,559668118237.0018,7990.082514072445,18972.008956363203,70045349.0,64.2873893939536,26.09497368567788,8.061976740094256,26.907979158816573,52.61359354495016,0
TUR,2007,379.2564,1429.9230057017926,2328.3551301950656,12.5,80.9060441224068,19.03410455319016,685228481017.03,9766.91734545294,19909.083519674987,70158112.0,65.3389618154687,26.431092516988837,7.418251410052468,27.029431025297868,51.32985980276237,0
TUR,2008,378.8085,1385.1780153279742,2401.125558216936,12.5,82.61347256801298,17.350633511072584,775415944332.8656,10913.407904776936,19839.58454622688,71051678.0,66.513650890377,26.211194684474147,7.3802240332434685,27.150882891779165,50.83221807881709,0
TUR,2009,383.4098,1364.0973037987203,2291.62714536304,13.1,80.37646551547132,19.58219206209063,653894449921.2883,9076.924722369766,18612.19252319049,72039206.0,67.8401432171223,24.053408263062583,8.019526647474976,27.272334758260463,50.5580603666697,0
TUR,2010,394.8512,1445.4101635433194,2463.859758019145,14.2,73.56302791560925,26.38180371955608,782545664268.333,10698.96994097566,19897.44648368865,73142150.0,69.3471253941487,24.50861435057671,8.907379627471641,27.393786624741757,50.68929225731845,0
TUR,2011,418.0067,1515.8803361269495,2666.738377882332,12.7,74.61823159381498,25.3319717689729,844192507380.7953,11373.635576088516,21760.42919236336,74223629.0,71.0028723528334,26.847536583098623,8.126584644535697,27.535990021179007,49.695308135077894,0
TUR,2012,434.1387,1567.316061236719,2749.7136812342615,13.0,72.71561946754852,27.238225273073457,885327622479.0521,11776.759336203271,22517.714828787513,75175827.0,73.7788680234324,26.683556400051696,7.658344974583003,27.678193417616253,49.903200239075915,0
TUR,2013,427.8429,1510.7911896702517,2747.5840874562286,13.8,71.05482315514212,28.83539312274624,962167643588.9248,12635.557001606836,24117.31210998387,76147624.0,78.5218368384696,27.75136913163924,6.649972614172173,27.820396814053503,49.92398944947572,0
TUR,2014,451.7437,1543.090956938794,2848.971657649611,11.5,78.97350007739232,20.88886860372356,942343431928.654,12209.386232767443,24888.852174257572,77181884.0,83.6024850744433,28.198175392869217,6.538280428684132,27.962600210490756,50.0942011096241,0
TUR,2015,465.3477,1646.8363113033945,2930.202721021972,13.3,67.84550562870774,31.958236401905392,865460050683.6558,11064.649450466248,25984.80273061772,78218479.0,87.2167107972537,27.96329741041377,6.876898343089069,28.104803606928,50.090303132674144,0
TUR,2016,492.3681,1724.54363987712,3073.678912179907,13.2,66.84426110025947,32.888144660505525,870818016909.8402,10984.36431690613,26489.643681604568,79277962.0,88.1020958581776,28.33851284022878,6.265561963996991,28.104803606928,49.8005535127269,0
TUR,2017,535.8772,1828.0298677090764,3262.7841739297564,11.4,70.35996730322225,29.34585924911783,863874522365.2756,10756.387767788296,28194.688309381043,80312698.0,88.0320472717286,29.034724586253407,6.196423235377776,28.263529228330498,49.327598976131384,0
TUR,2018,538.8942,1771.3374285696386,3347.7626869484425,11.8,67.60443699331695,32.07699121722042,788356985773.667,9684.118198847204,28780.30364581514,81407204.0,88.1655749576173,29.185184890490778,6.004186391854915,28.466094097163573,49.11710822083339,0
TUR,2019,528.9145,1774.1962572227542,3294.2219031758996,14.1,56.1104584777079,43.52259153594804,775853144222.6127,9395.233780013676,28741.05350827015,82579440.0,88.6618152857124,27.06799269307733,6.654153562822699,28.668788898561647,49.00536621493445,0
TUR,2020,543.4289,1762.0106222005768,3318.847059196006,13.7,57.73174699954027,41.84769630554641,733628247119.0771,8798.11791709313,28976.717916161066,83384680.0,88.9303114965222,27.79745336405792,6.891225909096847,28.87148369995972,49.06513519483388,1
TUR,2021,581.9848,1894.6271928173871,3587.4583667657716,12.0,64.18531143662072,35.418946412406676,839938668172.134,9981.763984113362,32105.547440050563,84147318.0,89.1762048153239,30.82055982354184,5.704881716368163,29.074178501357796,49.49001468237984,1
TUR,2022,564.2614,1841.55630679263,3554.2281621305024,12.0,57.60752057835611,35.418946412406676,926097476913.8176,10897.83978613649,33520.811138420824,84979913.0,89.0381164550781,30.89010239872704,6.693609619226043,29.276873302755867,50.02533685017476,0
TUR,2023,564.0621,1849.535923445425,3581.254545436433,12.0,57.29099979465375,35.418946412406676,1141242864657.4524,13375.094728286427,35069.17017146847,85325965.0,89.0218446796121,28.19328003054743,6.38984597795627,29.479568104153948,50.13837818172369,0
TUR,2024,579.5068,1924.9381509899345,3730.823147476549,11.999999999999998,57.29099979465375,35.41894641240667,1359123768774.1223,15892.715728724075,36154.49043655701,85518661.0,89.3443122873887,25.503568245014783,5.8204246787695135,29.479568104153948,50.13837818172369,0
TZA,2000,39.1968,394.2140409844192,58.69795215950525,93.6,13.46384338793448,75.07351178585697,13371767081.742811,401.698150634766,1839.93664550781,34260139.0,22.1944164040635,19.211526656069957,26.21727236207215,60.58930909911944,38.383382253330325,0
TZA,2001,40.0359,397.6229932213941,62.44619945980912,93.1,5.141843971631205,68.60957446808511,13563990022.364098,396.638732910156,1899.74536132813,35198299.0,22.5963228653037,19.38051487558612,25.80916230257945,60.16934974034771,38.49627455407541,0
TZA,2002,41.2736,406.2852142331711,67.91006216165397,92.4,3.6985345429169576,66.98360083740404,14129651895.69114,402.649047851563,1982.64428710938,36121304.0,23.0306918214565,21.49452940725676,25.17173628990732,59.74939038157597,38.6091668548205,0
TZA,2003,43.0491,411.3608066068385,67.99758045088436,92.4,4.066543438077634,67.36598890942699,15211487708.76844,422.18359375,2059.83740234375,37089555.0,23.5202087261949,23.245151732303796,24.919292650955065,59.32943102280424,38.688191465342065,0
TZA,2004,44.6146,415.1385922270617,79.50738379562897,91.3,39.21394799054374,61.66903073286052,16673062473.398092,450.385284423828,2155.24145507813,38109668.0,24.0832469119457,23.10549978244566,25.705813988743344,58.90947166403251,39.238089862271394,0
TZA,2005,46.441,426.6318795506343,79.47511510109878,90.3,49.251662971175165,51.530210643015515,18395383647.497456,483.334869384766,2253.09326171875,39182076.0,24.7061884538741,22.93951558444877,24.648841084381356,58.48951230526078,39.86701286972229,0
TZA,2006,48.0044,429.7701386534357,65.54178987704202,89.9,57.391552511415526,43.326198630136986,18619859795.285236,475.746734619141,2334.1044921875,40294902.0,25.3741033202009,22.84522243779005,23.669310727864605,58.06955294648905,40.49593587717318,0
TZA,2007,48.0086,419.60961592122953,81.59667485223785,90.6,39.12222746578575,61.3487494100991,21860434823.480766,543.198303222656,2423.61596679688,41435512.0,26.0720614791471,23.197190074787464,23.24548823677198,57.64959358771732,41.11356965454956,0
TZA,2008,49.44,415.33059445672626,86.16249174785078,90.3,39.09520594193113,61.71573261309926,27947821397.927227,675.977233886719,2493.25927734375,42570728.0,26.7851328989335,23.737539193896684,24.76549387689969,57.22963422894558,41.74125084669226,0
TZA,2009,50.1256,415.3535906426349,72.81022392134643,91.0,43.6848686952897,57.055856606919555,29400573553.60746,693.823547363281,2560.81103515625,43633982.0,27.498387547781,21.676908638807365,26.035190360121884,56.80967487017385,41.98092120117408,0
TZA,2010,52.9243,421.07723472056966,96.71908488061528,89.4,47.912749153817224,52.789206468597214,32012892919.369995,736.530151367188,2654.80346679688,44758488.0,28.1968953939105,23.556173657206795,25.58240688614404,56.38971551140211,42.22059155565591,0
TZA,2011,57.7279,433.1477752766533,88.11765758151746,87.6,60.0,41.32170542635659,34657140096.4836,775.392761230469,2779.70776367188,46029367.0,28.865726405543,26.382084087918543,24.97686444608847,55.96975389478438,42.46026191013773,0
TZA,2012,61.1353,425.1997286983227,98.68228020870406,85.2,67.64394206993995,33.82656305192511,39650394362.92873,861.969909667969,2822.4853515625,47374260.0,29.4878764597911,25.399498721166296,26.55092652078611,55.549792278166635,42.33189659065252,0
TZA,2013,65.1655,432.3831233130656,100.3806970193098,84.5,70.02173549573651,31.36833305467313,45648857242.314995,963.05712890625,2924.86328125,48824128.0,30.0725108782502,25.446745032469565,26.790867917237637,55.12983066154889,42.93960261910137,0
TZA,2014,66.8365,414.95654969430706,103.01577438230652,84.7,57.304806003512695,44.42056522433339,49986726460.68049,1022.74841308594,3027.56909179688,50351512.0,30.6443077170742,25.14150347585249,25.802577447557095,54.70986904493114,43.1792729735832,0
TZA,2015,70.4158,420.0731273902913,105.51515752438412,82.8,66.42704190884062,35.52523707555827,47413919817.12405,939.127319335938,3111.44458007813,52020962.0,31.2061566592472,24.487350109585307,26.745885729563017,54.28990742831339,43.418943328065026,0
TZA,2016,72.5574,416.6573892093999,105.69631810991127,81.7,63.910105757931845,38.16554054054054,49774409374.453766,953.0107421875,3214.24682617188,53824013.0,31.7577303242916,24.85839936815579,27.444142571775416,53.76044253781892,43.65861368254685,0
TZA,2017,73.1608,406.5825860906792,107.97282944335863,82.0,65.36391956952706,36.7172189181535,53274884532.78861,986.674011230469,3318.28833007813,55652890.0,32.2987013317296,25.04215118615375,28.75348095281276,53.23097764732445,43.898284037028674,0
TZA,2018,74.277,403.24630548023583,110.95607206799713,81.3,68.15138680147561,33.97650273224044,57003712892.08581,1023.10626220703,3392.68872070313,57437145.0,32.8287423010834,27.00776551109675,27.86859947737702,52.701512756829985,44.1379543915105,0
TZA,2019,79.4425,414.6998025052247,121.7408241613829,80.4,66.83817854386416,33.51192660550459,61026731925.92128,1063.32250976563,3484.63256835938,59174891.0,33.3475258518752,28.671833356505186,26.594311951601796,52.17204786633551,44.37762474599232,0
TZA,2020,81.8797,404.4141010406936,119.33190272816412,80.8,58.590758233341845,41.170333655706,66068737786.06392,1117.41528320313,3449.82153320313,60972798.0,33.8547246036273,27.084450287713157,25.25490166534305,51.64258297584104,44.616391962068185,1
TZA,2021,85.3282,404.1806402879453,129.04578757178928,78.3,63.10982658959537,37.19956331877729,70655628147.89859,1159.85656738281,3493.0830078125,62830412.0,34.3500111758619,27.29614188785181,24.78845061587826,51.11311808534658,44.616391962068185,1
TZA,2022,89.5229,406.5591974793091,131.64519045137055,78.3,69.61038961038962,37.19956331877729,75749121842.91487,1207.52062988281,3546.98095703125,64711821.0,34.8234736377147,27.684811175678252,24.25696945695516,50.583653194852104,44.616391962068185,0
TZA,2023,99.485,400.79903628363047,134.96432159390417,78.3,69.61038961038962,37.19956331877729,79030935627.07812,1224.00219726563,3620.79345703125,66617606.0,35.4748019434954,28.033943352314584,23.68714737786312,50.05418830435764,44.616391962068185,0
TZA,2024,102.525,400.79903628363047,134.96432159390417,78.29999999999997,69.61038961038962,37.19956331877727,78844405385.21951,1186.71691894531,3713.26293945313,68560157.0,36.1684458862992,28.57155297901761,23.31807808564653,50.05418830435764,44.616391962068185,0
UGA,2000,19.6339,386.5845954064266,29.749814063662104,95.3,0.3780718336483932,,6193246837.096873,258.05033873108596,1487.004988535119,24000150.0,11.6414758125187,21.438181599467843,27.509106881360836,15.82978829888394,62.61948851408838,0
UGA,2001,20.2044,386.0897082143547,33.05628021639013,95.5,0.3787878787878788,,5840503868.515731,236.02118885399335,1516.9642375569515,24745676.0,11.9013889740088,21.16865430830403,27.85024147952726,15.623327160802765,63.119963965767475,0
UGA,2002,21.0556,387.3181000057044,30.50969201660448,95.6,0.3502626970227671,,6178563591.120514,241.9846884083346,1598.5828380848989,25532870.0,12.202793574555,22.92010211715472,23.433428002667533,15.416866022721583,64.12091486912567,0
UGA,2003,21.9404,388.3810691478493,33.46978786226112,95.6,0.3327787021630615,,6606884275.23087,250.7154366468096,1649.1482601447972,26352124.0,12.5904136719317,22.67670776596163,24.50702257748249,15.210404884640408,65.62234122416295,0
UGA,2004,22.51,388.64013180559846,36.56850435369588,95.3,0.1030927835051546,,7939487547.773837,292.38185796262013,1709.361592168574,27154515.0,13.1221118400615,20.864008814174113,21.670352642217885,15.003943746559232,66.3730544016816,0
UGA,2005,23.6879,392.2821589048734,40.410124860491194,94.5,3.472931562819203,97.71699078812692,9239221763.057926,330.40540270702513,1765.0378845706573,27963289.0,13.7907239496723,23.510106493539663,25.0749361336647,14.797482608478054,66.3730544016816,0
UGA,2006,24.4881,393.8426912546721,32.78460448864995,94.2,23.636363636363637,76.80088216761185,9977647682.969542,346.5182553106472,1898.9791528047851,28794003.0,14.5851520274647,22.766161150690262,24.034932983870263,14.591021470396878,67.37775887092738,0
UGA,2007,25.8175,396.6300262212061,40.029096128171346,94.1,27.090635953930896,66.5901309164149,11902564494.883345,401.3891308655809,1999.062489643405,29653430.0,15.494298100139,25.07733143057063,22.27811367886889,14.3845603323157,68.38246334017316,0
UGA,2008,33.3818,402.65127361718424,52.48930788214222,94.1,26.387702818104188,62.3083870967742,14440404132.204687,472.8426814958519,2110.100492715031,30539553.0,16.5070641943955,25.768110035453013,21.384598562560704,14.178099194234523,69.6374055352585,0
UGA,2009,34.7256,414.73521512139257,49.314570395213835,94.3,36.84426229508197,54.93220338983051,25127805566.658375,798.9470899382466,2188.299162463274,31451151.0,17.6123523369348,27.286185285671323,34.872859937466046,13.971638056153346,70.64211000450427,0
UGA,2010,35.8324,421.0979698785384,59.33783300580208,93.6,41.05263157894737,52.33162892622352,26673441430.785694,823.488144282,2244.6059519458368,32390802.0,18.7990645544572,27.591833618899376,32.86800907765357,13.7164372631159,71.14003590664272,0
UGA,2011,37.3811,429.2253118434152,55.73453667166119,93.3,39.19821826280624,62.25485799701046,27871725241.4723,835.620060555838,2384.465327315405,33354543.0,20.0561028736631,27.558295675451383,28.969247477790205,13.510712148414122,71.63873927787752,0
UGA,2012,38.6247,436.07583510951514,58.94440930625051,93.4,10.92896174863388,90.6594501718213,27305915910.78771,795.222867553127,2405.094559327674,34337438.0,21.372369321253,27.178607337895905,27.177257747557977,13.304987033712347,71.8880909634949,0
UGA,2013,39.6553,449.3409400095684,61.238855249966875,93.1,1.1927788523533205,92.20418592995222,28915786516.61233,818.2854274167128,2420.8880808726617,35337042.0,22.7367659239271,25.464664680377652,26.03032374029592,13.099261919010573,71.8880909634949,0
UGA,2014,41.3837,455.9976095128252,64.29359378356781,92.4,3.880232202871983,93.74892168808313,32612397257.44579,896.0547955463935,2470.5038090959815,36395539.0,24.1938503391826,25.22268201299605,24.819975935343734,12.893536804308797,71.8880909634949,0
UGA,2015,43.4284,470.5261069439691,74.17779746615678,91.7,3.25542570951586,95.29365744621404,32387183730.10015,862.9346103558107,2520.0201028842985,37531446.0,24.9777856560427,27.10988487632573,23.4723696930371,12.68781168960702,71.8880909634949,0
UGA,2016,45.3988,473.57774282163695,75.64598319056046,91.4,2.959664745940283,93.46085128744087,29203988696.262615,752.6965717256556,2554.2276906207285,38799152.0,25.6953567134098,26.16646038845928,22.66032278698873,12.48209654897267,71.8880909634949,0
UGA,2017,45.9647,468.5304291814789,69.06870103153545,91.3,2.8534031413612566,97.23129430296666,30744473841.42399,765.2183322973606,2543.8475439495646,40177388.0,26.4139260579546,26.03099481479287,23.458835382742553,12.27638140833832,71.8880909634949,0
UGA,2018,48.0743,468.4986539702286,75.18194451591741,90.5,7.209302325581396,92.38110749185668,32927025619.679543,792.1657002281404,2613.8797641396313,41565831.0,27.1280475018884,26.236011648437835,23.250293541273393,12.07066626770397,71.8880909634949,0
UGA,2019,49.9804,455.4268685057899,80.81463571425033,90.5,3.044906900328587,96.55626094570928,35353061003.435905,822.1711500363574,2689.4100914491924,42999637.0,27.8369781799403,26.620436695348232,22.945508806556425,11.864901256732496,71.8880909634949,0
UGA,2020,50.9181,475.32948502322864,78.92993235374142,91.6,2.5937227550130775,96.69346405228758,37600368241.66573,845.7664638901235,2678.009072022927,44457152.0,28.5399752271502,26.4905245869762,23.929033720510283,11.659186116098144,71.8880909634949,1
UGA,2021,53.5602,483.42710008232893,84.27187164363693,91.0,2.4075829383886256,90.00852918877938,40529788748.67369,882.7917175425043,2684.9203593974353,45910930.0,29.2362957789022,27.149441688846977,23.84180382721719,11.45343756233792,71.8880909634949,1
UGA,2022,54.2696,488.2106162940794,89.84898965540323,90.9,2.614718614718615,90.00852918877938,45565333210.91079,963.0673141171784,2724.9060956840863,47312719.0,29.9251969709665,26.766148633372634,24.011722052955268,11.247711450229405,71.8880909634949,0
UGA,2023,56.6028,497.3903377728276,95.27998061352456,90.9,2.614718614718615,90.00852918877938,48768955863.31749,1002.3091391714248,2791.0557688586127,48656601.0,30.6059359395495,25.753211439448208,24.089574689727822,11.041970377019748,71.8880909634949,0
UGA,2024,57.2982,497.3903377728276,95.27998061352456,90.9,2.614718614718615,90.00852918877936,53911907086.152534,1077.912784528169,2879.670092903761,50015092.0,31.2777698213557,24.865812529609784,24.61895059863303,11.041970377019748,71.8880909634949,0
UKR,2000,462.1109,2700.1006100716636,2757.086534887541,1.2,48.206713523287355,6.682026305812359,32375083934.824116,653.294311523438,10364.0625,49556660.0,67.403857296906,31.650277071220927,13.951785065406977,16.414947786312247,71.46975058254941,0
UKR,2001,460.2655,2730.984993312196,2766.4976712518037,1.2,48.90155632125431,7.062992854334806,39309580983.228165,800.49072265625,11379.3857421875,49106855.0,67.2749805493459,29.90789629454244,13.97608618444418,16.42150686113748,71.43350306377837,0
UKR,2002,463.1576,2786.0049867363377,2817.0636728867416,1.0,49.46239653723508,5.647138729321837,43956163612.043274,903.011901855469,12092.7890625,48677281.0,67.2672733350904,30.215513927683674,12.60325107415285,16.42834950115649,71.45372320226464,0
UKR,2003,495.6579,2914.066962513735,2966.8135467941142,1.0,49.64127300953648,5.22344200487913,52010355753.04612,1076.48156738281,13342.8798828125,48315136.0,67.419679868405,30.426709451785616,10.499540300337111,16.434908689198053,71.38295301550039,0
UKR,2004,468.9643,2957.984993440512,3116.476373965243,1.2,45.68495594653199,6.544067191831582,67220154164.316605,1401.01806640625,15021.06640625,47979507.0,67.5970968423685,29.371769628353434,10.43703711990692,16.441467877239617,71.3812269133842,0
UKR,2005,456.2352,2964.777015969615,3213.264966369207,1.3,45.55427158635887,6.740963693531482,89238865118.52626,1875.33508300781,15610.5732421875,47585556.0,67.8136046317755,30.186191439348388,8.875307494670093,16.44689150471193,71.28999965480341,0
UKR,2006,455.7343,2866.623473269503,3364.221524393208,1.8,46.585238467067605,6.75774765876689,111884752475.24751,2366.494140625,16901.5078125,47278694.0,68.0293347798948,30.543451713042767,7.239061410432942,16.45401822700911,71.25793979563656,0
UKR,2007,471.2176,2961.883516828982,3487.4254607641474,2.4,47.45147795425246,5.3932464038399806,148733861386.1386,3160.32763671875,18374.013671875,47062798.0,68.2102322372037,30.658522232547735,6.283001334032747,16.46142958244869,71.23055943935236,0
UKR,2008,455.9925,2875.8965784368265,3492.0094170817833,2.7,47.21215456990643,6.138140882514825,188110390659.51477,4017.806640625,18883.986328125,46819175.0,68.3752085755346,28.083434007623996,6.535401521367677,16.468273147828487,71.2766691983705,0
UKR,2009,389.7941,2453.439574268649,3188.462115998396,3.0,45.25829546305416,6.979478052517293,121552153444.12442,2607.08764648438,16092.7958984375,46623731.0,68.5251442249547,24.759831137373,6.905395959207723,16.474832562314436,71.24905061106125,0
UKR,2010,414.1999,2848.7816007793226,3510.37518229883,2.9,45.69502404304446,7.091903743088948,141209170427.2334,3039.63232421875,16811.794921875,46456003.0,68.637397133357,25.649281402124785,7.402205098229943,16.481391976800385,71.23351515569979,0
UKR,2011,441.1345,2732.8842703467594,3614.872838090766,2.7,47.961507684100376,5.744865297412644,169333835201.5541,3656.69799804688,17783.95703125,46307853.0,68.7234299826222,24.83912426677577,8.150221838778872,16.519022302009255,71.25768141959539,0
UKR,2012,431.6528,2650.9986159071736,3591.967081797088,2.9,48.76959744164765,5.90774243506069,182591753827.9488,3951.34228515625,17848.740234375,46210056.0,68.8241983107739,24.266052405050797,7.761312483894136,16.556652627218117,71.28530000690465,0
UKR,2013,423.1549,2517.9113226714335,3550.4978995927963,3.5,49.07267835186262,8.121742798787922,190498811460.02753,4129.89697265625,17889.091796875,46126770.0,68.9326288082226,22.430264990736585,8.692305621029556,16.594282952426983,71.68059103776841,0
UKR,2014,372.0593,2298.6077862828943,3366.564880913279,3.5,45.62953319694997,6.416468837860605,133503871861.7233,3054.908203125,16978.8125,45972380.0,69.0554339301313,22.818991565395752,10.154608154816106,16.63277460339381,71.65840943223601,0
UKR,2015,316.8593,2027.641681733998,3164.580738591172,4.2,40.87804401216994,5.738865605258978,91030967789.07176,2094.47387695313,15403.7099609375,45784896.0,69.1587317201337,21.727957741945865,12.059376106337098,16.670406877384384,71.65323067893455,0
UKR,2016,322.8815,2007.977941856276,3160.982332135646,5.5,44.15001245647828,7.03753957210478,93355869403.92232,2158.46118164063,15856.8125,45616832.0,69.2102241609089,23.17836207174829,11.72570090891674,16.68249063508778,71.66531443663796,0
UKR,2017,297.8249,1967.8353523378769,2950.7852587772777,6.5,37.14615310667478,8.808171243631238,112090505081.73862,2604.28759765625,16310.3603515625,45436041.0,69.2633108489282,23.288800215481743,10.177655039351247,16.6942862074918,71.61919558087347,0
UKR,2018,311.1926,2068.7560837261913,3025.310919372592,6.9,38.0409552470391,9.596585185787667,130891088293.55,3059.0517578125,16978.984375,45208907.0,69.3157992777909,23.293332981303273,10.139533107022944,16.703486365205386,71.33068691750086,0
UKR,2019,301.6375,1987.624733142579,2973.077347923007,7.4,37.494242284661446,9.20016089165115,153883047509.57697,3619.86157226563,17636.5546875,44957458.0,69.3527648708735,22.58041968239952,8.96518101437243,16.7138419054194,71.29962029685882,0
UKR,2020,292.7273,1932.9218229230255,2921.7090218458748,8.7,36.72198750732782,12.78325820210637,156617722013.3422,3709.76928710938,17092.5390625,44680014.0,69.3839100516745,20.799942965770462,9.310151098074716,16.724197445633415,71.29962029685882,1
UKR,2021,285.0364,2096.0621756232563,3165.1761769661553,8.9,32.34355408640146,12.013659333561304,199765859570.9353,4775.94580078125,17846.408203125,44298640.0,69.4027032653896,23.153714219564694,10.885772106326923,16.73455298584743,71.29962029685882,1
UKR,2022,199.7695,1479.4722495393942,2419.5855242030907,8.9,29.996259817977812,12.013659333561304,161989520721.1905,4199.6708984375,13787.12109375,41048766.0,69.42345912103,18.010831602442703,8.57297627041519,16.74490852606144,71.29962029685882,0
UKR,2023,201.6123,1508.2779130002075,2516.3229183197363,8.9,32.73800471447038,12.013659333561304,181221517868.74365,5139.59814453125,15916.9580078125,37732836.0,69.4754455027606,19.086759864760825,7.551945462563826,16.75526406627546,71.29962029685882,0
UKR,2024,196.964,1508.2779130002075,2516.3229183197363,8.9,32.73800471447038,12.013659333561302,190741262414.70465,5389.47314453125,16319.8447265625,37860221.0,69.5315643200148,19.02506692098447,7.1111665893467775,16.75526406627546,71.29962029685882,0
URY,2000,33.8289,948.5957012668306,2010.8958222475865,38.7,6.6157090142329995,93.27807063784924,22823270892.10942,6987.7009876625725,18752.05781129658,3266206.0,91.2769768173566,22.045203721792095,5.994193799588156,7.821963204205233,85.46451834076106,0
URY,2001,33.48,831.8844844637781,1990.6842816876288,41.6,0.2054054054054054,99.68691891891892,20898761742.238617,6382.761047408588,17986.900759643268,3274251.0,91.3759250620534,21.93513373962177,5.586703233024502,8.028968117929379,85.48737287167181,0
URY,2002,34.1797,772.0083483251716,1911.9409234958296,43.2,0.3227485684539302,99.55783446121812,13606515722.586388,4149.761403126869,16572.788176013353,3278867.0,91.4886084712534,21.862328848376613,7.529659045358525,8.235973031653526,85.26454119529197,0
URY,2003,35.1329,774.9713272168509,1853.598058750708,43.8,0.1282200722694952,99.74146170882388,12045638351.85074,3671.1232925688273,16694.438923159465,3281186.0,91.6260094228609,23.093794411579115,9.638783006291076,8.44297794537767,85.28739572620272,0
URY,2004,37.1488,884.9703634147927,1956.049498834655,39.3,18.35593220338983,81.49186440677965,13686329890.119078,4168.660654383865,17519.379625113266,3283148.0,91.8009434091917,22.434805806594277,10.996790871986564,8.649982859101819,84.72745971888928,0
URY,2005,37.303,916.6986128308212,2019.312970989153,41.3,12.495119094103863,87.31068592997528,17362857683.85447,5284.25677987129,18811.319597102072,3285771.0,92.0812710048572,23.77533687107734,8.745836743362764,8.856987772825962,84.74460061707234,0
URY,2006,39.3341,990.4880242942374,2241.6739777948424,37.6,35.434626436781606,64.36242816091954,19741420739.890133,6001.332947831721,19560.081755640535,3289506.0,92.4845482788191,22.89652220383454,8.913845229988327,9.063992686550108,83.96183293337904,0
URY,2007,38.502,985.9057324980872,2430.8431201828867,43.2,13.009170398805717,86.96139901898059,23797773024.39923,7222.054036458771,20803.893182055996,3295153.0,92.9603688038713,23.644048640083017,8.499364188642645,9.270997600274256,83.13335618786425,0
URY,2008,42.1101,1274.169494724147,2612.5189534055867,44.1,38.745724059293046,61.355758266818704,31119602538.832172,9423.965625958926,22249.383516553266,3302177.0,93.45975578621,22.76735131449422,9.168924036490337,9.4780025139984,83.84184664609758,0
URY,2009,41.4935,1254.736288656596,2645.546602797325,44.6,31.821853005653622,69.60101534556364,32708319077.517914,9881.395731270806,23138.08206870144,3310091.0,93.9337324320314,24.079407044212346,7.886996095628021,9.685007427722546,84.64175522797395,0
URY,2010,38.4637,1226.9840852731047,2773.174068426857,53.3,10.811062482540274,89.09721575565696,41950361211.95806,12641.057684900788,24879.835019261813,3318580.0,94.3333219475319,24.528855717688593,7.202064507491491,9.892012341446693,82.46486115872472,0
URY,2011,39.6781,1327.778787882732,2860.084314624304,49.7,25.35769528228925,74.61803944315545,50342406067.07767,15132.26757255872,26099.32152938026,3326825.0,94.6036824756941,22.705120243998746,8.829161998562492,10.107644840589648,82.99622900239973,0
URY,2012,40.267,1407.5175731978943,2954.3674058981214,47.9,35.33685601056803,64.61209662200416,54232266358.781075,16259.594081425614,26953.28110653839,3335401.0,94.7606597546186,22.86222892561507,8.121772485123927,10.323277339732602,81.34498914409781,0
URY,2013,39.0731,1378.7909265647347,3040.351390607284,51.9,15.866209262435676,84.03859348198971,61337621933.78566,18335.259477232237,28119.483334140365,3345337.0,94.8844735142936,23.669240342794485,7.616200627054914,10.538909838875558,81.97177465432523,0
URY,2014,39.2291,1397.5577756200098,3120.070886866444,56.7,5.249384236453202,94.53656096059112,61496186973.90199,18322.427676715724,28935.0974409271,3356334.0,94.9897821210514,24.70064114590844,6.735462172425372,10.75454233801851,82.7054050965604,0
URY,2015,39.673,1491.048971585108,3242.2639196892414,59.4,6.860805593998107,93.03452545706168,57680327998.66888,17125.901680029787,28941.629410701113,3368017.0,95.0800002298303,25.441758054522545,6.131441942903578,10.970174837161467,82.66255285110273,0
URY,2016,39.88,1550.9829958024234,3408.7112562043485,60.3,3.1748307160351534,96.45757095519376,57480787465.27156,17009.75842072758,29332.567261524637,3379283.0,95.1585424955685,18.867314453474226,6.678719662931069,11.12444292080905,81.5066849502914,0
URY,2017,39.0143,1512.8381875656955,3308.0138990295823,60.8,1.5806698697862265,98.28758443005364,65005997963.48216,19184.650261708244,29762.43331716852,3388438.0,95.2288235732042,18.031903721720173,5.40639904878287,11.244429208090503,81.26442692263741,0
URY,2018,38.6614,1560.9789787585248,3500.6277739448183,60.8,2.4620434961017645,97.36383531664616,65344577415.75352,19249.94046775007,29757.938854378273,3394534.0,95.2942581176758,18.33338867446752,5.823866393323003,11.364415495371958,81.08101931207862,0
URY,2019,39.2381,1540.78251179675,3464.3174420391347,59.3,1.7761768724382063,98.0227300956403,62222313618.84535,18315.731698002815,30010.57426157972,3397206.0,95.3479309082031,17.560169419206435,6.502795596969646,11.48440178265341,80.71820363387042,0
URY,2020,38.6049,1531.600555905007,3479.5855683254445,61.2,5.960264900662252,93.7486387049301,53559359261.826,15757.53559957787,27788.185496815313,3398968.0,95.3997650146484,16.955590966156418,7.206702913734526,11.604388069934863,80.35310250257113,1
URY,2021,42.2718,1643.3257544065627,3524.6025916368703,57.8,15.348546420756486,84.35379806189435,60739084240.863335,17881.81872109899,29431.885008747067,3396695.0,95.4497146606445,17.732158898341126,7.734267744990012,11.724374357216318,80.39081247857388,1
URY,2022,41.1104,1623.820451277302,3589.888622916601,57.8,8.911091608722069,84.35379806189435,70594110920.03578,20818.614609114353,30804.703277579687,3390913.0,95.4977416992188,17.70865421086169,6.918402775770738,11.84436064449777,80.87352873957262,0
URY,2023,42.9272,1771.5272920868067,3789.75591197495,57.8,8.911091608722069,84.35379806189435,77991666837.73819,23019.42215600459,31059.253707245934,3388081.0,95.5439605712891,16.752025996534943,6.0910093984627185,11.964346931779223,81.35413095646213,0
URY,2024,44.6271,1771.5272920868067,3789.75591197495,57.8,8.911091608722069,84.35379806189432,80961511073.57965,23906.51330294079,32038.772728822725,3386588.0,95.5981951588181,16.75725730168247,6.42188821840422,11.964346931779223,81.35413095646213,0
USA,2000,7219.8245,8055.14548852416,13671.052024006132,5.4,71.12032644182213,8.812616481936463,10250947997000.0,36329.95607271019,55038.622495945114,282162411.0,79.0740897861327,22.451586084267987,1.150555363606533,33.13017358806888,45.230584855576126,0
USA,2001,7157.7928,7824.243938774067,13046.614147846383,4.7,71.70429153492853,7.422489339139168,10581929774000.0,37133.62311343704,55017.30497866084,284968955.0,79.3086223667912,21.46900444928241,1.1292569744094012,33.18675561454368,45.29007020362544,0
USA,2002,6992.3986,7840.460959498982,13296.182299302272,4.8,70.5541924208614,9.203825115029918,10929112955000.0,37997.75965730513,55436.11698137775,287625193.0,79.5461039768657,20.65246551384005,0.9737118596739768,33.24333764101848,45.0848730397122,0
USA,2003,7058.6437,7791.3039152684605,13307.49200850016,5.3,70.81577964821092,9.494620463113495,11456442041000.0,39490.27495570071,56498.20783149111,290107933.0,79.7773350255284,20.739476693521553,1.1210476039626482,33.29991966749328,45.08036743390032,0
USA,2004,7157.7987,7878.537171434275,13388.58971055913,5.5,70.9278595477305,9.216198115575724,12217193198000.0,41724.6316287624,58131.63368534956,292805298.0,79.9960936968363,20.95003655519666,1.265483630276958,33.35650169396808,45.075861828088435,0
USA,2005,7160.639,7843.391057462698,13704.577048140703,5.8,71.67701976169718,9.120923032213357,13039199193000.0,44123.407067905515,59604.753637457674,295516599.0,80.1961581748464,21.20626981819895,1.150506559333302,33.41308372044288,45.07135622227656,0
USA,2006,7041.3086,7694.406579481162,13583.266959338738,6.4,70.89771720860458,9.78948021905534,13815586948000.0,46302.000880005624,60676.565569066355,298379912.0,80.3713066436159,21.586961786171084,1.0094871866460204,33.46966574691768,45.06685061646467,0
USA,2007,7129.1818,7756.014189498102,13657.452828252286,6.3,71.53794816868019,8.913912025749907,14474226905000.0,48050.223777113504,61306.59693863303,301231207.0,80.5153172872016,21.423882162084983,1.0751239774073449,33.52624777339248,45.06234501065279,0
USA,2008,6941.7305,7484.832689007121,13663.427968182705,6.8,70.97900056796057,9.530199775150798,14769857911000.0,48570.045980458555,60798.43384016056,304093966.0,80.6219682896606,20.793507368224,1.0530005971429823,33.636063502058505,45.354955123958455,0
USA,2009,6487.701,7053.358466909653,12913.714688301468,7.3,69.07195547506515,10.780630889292931,14478064934000.0,47194.94335473355,58714.97369158612,306771529.0,80.6850378350499,19.268477298017345,0.9602858920290016,33.692735219329606,45.576134822715034,0
USA,2010,6754.1864,7162.559330241587,13392.691011833876,7.4,69.89146794627298,10.61439831172361,15048964444000.0,48642.61001793122,59789.41290697488,309378227.0,80.6997744673366,19.310257239385106,1.029437338206791,33.7494069366007,45.797314510539586,0
USA,2011,6546.87,7009.646079649074,13235.008766257455,8.4,68.05876955385067,12.686393699636024,15599728123000.0,50024.868799398035,60245.48439945651,311839461.0,80.6957554256024,19.40750234317401,1.2005591028466156,33.779470058224064,46.01849420929617,0
USA,2012,6311.6935,6820.460620648753,12945.15703883213,8.5,68.54544522287947,12.41296210839358,16253972230000.0,51708.4011556577,61134.530608776025,314339099.0,80.6837493386238,19.162611316950677,1.1493296429730642,33.809533179847435,46.23967390805276,0
USA,2013,6448.6367,6888.381437426371,12972.219968786803,8.9,67.52135382669073,13.028580212898516,16843190993000.0,53179.012763456114,61958.723441695285,316726282.0,80.660889281215,19.241626021737293,1.3210841644702356,33.8395963014708,46.33301879655684,0
USA,2014,6488.4768,6915.6416528032105,12962.142540962852,9.0,67.13221058752812,13.379294074170156,17550680173999.998,54973.42075157123,63018.80339421919,319257560.0,80.6242231779766,19.331515208317647,1.17206510494526,33.86965942309416,46.42636368506092,0
USA,2015,6364.0037,6789.647332910749,12828.816082883812,8.9,66.76622287944456,13.632808288969668,18206020741000.0,56572.91889960634,64359.47258994662,321815121.0,80.5707989535091,18.587132043518302,1.03393378310334,33.89972254471753,46.51970856263296,0
USA,2016,6237.738,6663.496329441805,12806.197710188524,9.3,64.94373719064941,15.259444965546344,18695110842000.0,57638.10183671918,65017.65496386696,324353340.0,80.4976645324131,18.042221281845876,0.9426445528426036,33.89972254471753,46.613053451137034,0
USA,2017,6183.6445,6590.835097456326,12604.16255592332,9.7,62.79200303842734,17.285422034383874,19477336549000.0,59635.098439796486,66155.55556762492,326608609.0,80.4018678392891,18.43542408360939,0.9468686775321375,33.86692641203749,46.706398339641126,0
USA,2018,6370.4476,6738.272724339856,13054.40453539439,9.9,63.61426194237245,17.16288634248754,20533057312000.0,62499.87443900675,67719.7656392064,328529577.0,80.2804567987377,18.63089824311888,0.903900642655548,33.86692641203749,46.58171454902038,0
USA,2019,6248.2429,6700.93033990565,12678.254050366508,10.2,62.50664881505365,17.938273721696994,21380976119000.0,64746.45067788634,69112.60268865603,330226227.0,80.1304793353594,18.28042804148085,0.8388128914312081,33.86692641203749,46.45703075839964,0
USA,2020,5703.9154,6141.531257558891,12393.438256346051,11.0,60.40603346022563,19.916698728158376,21060473613000.0,63515.94918078332,67342.07092877217,331577720.0,79.997451762548,17.508428484361836,0.9488474317911342,33.86692641203749,46.33234696777889,1
USA,2021,6000.5067,6445.834092433581,12556.091579229083,10.9,60.84507744116364,20.273308926192477,23315080560000.0,70205.05091602595,71307.40172772181,332099760.0,80.0074765140272,17.884653361026174,0.9595666565434334,33.86692641203749,46.207663188090194,1
USA,2022,6074.2362,6511.688413945455,12968.162809736445,10.9,59.97802627059675,20.273308926192477,25604848907611.0,76657.24888444034,72679.25753963484,334017321.0,80.0324978239707,17.884653361026174,0.9595666565434334,33.86692641203749,46.08297939746945,0
USA,2023,5890.9864,6363.500158200724,12551.225633352373,10.9,59.300367722775704,20.273308926192477,27292170793214.4,81032.26211754496,74158.71641556053,336806231.0,80.071561119178,17.884653361026174,0.9595666565434334,33.86692641203749,46.08297939746945,0
USA,2024,5912.6177,6359.439798558551,12835.295400688436,10.9,59.300367722775704,20.273308926192474,28750956130731.2,84534.04078415484,75489.26643348167,340110988.0,80.1247798047184,17.88465336102617,0.9595666565434332,33.86692641203749,46.08297939746945,0
UZB,2000,169.405,1871.113155367471,1767.3742107472715,0.7,92.47151209935556,12.545345909265505,13760513969.314005,555.149231099186,3410.650449918977,24787054.0,47.6731005044,20.229757955522793,30.05590367366998,6.792887043684699,62.68393104951085,0
UZB,2001,175.0142,1868.1308150342147,1637.8053607446357,0.8,90.91724181071332,12.425196522029234,11401421329.197435,454.4158122567783,3509.728637616935,25090283.0,48.4901886313987,19.952084137006885,29.973808702007997,6.882769418528094,62.68481410196118,0
UZB,2002,185.7878,1912.2562937275736,1622.2453718467495,1.0,87.8049274247424,12.52302771423366,9687788512.801842,381.40929688928264,3604.693462025141,25399980.0,49.2574592650723,19.388741241845857,30.122681270301467,6.971810300726525,62.044775194936584,0
UZB,2003,174.1371,1827.8870418900608,1561.3782273361253,1.4,83.24032661770137,15.633334701079152,10134453435.46029,394.1640288972349,3711.7785305442258,25711259.0,49.9566881481443,20.445956928078015,28.462007314099957,7.061401955138721,61.63436015206125,0
UZB,2004,176.1412,1784.5133642891851,1549.981079051148,1.0,87.72611118935994,18.129137407191298,12030023547.88069,462.17149286788526,3939.530398148765,26029350.0,50.5696510233382,22.30568469129761,26.44400946089226,7.150843518342194,61.22247638538681,0
UZB,2005,177.2523,1666.13498733072,1492.3184470145,1.6,81.27137312493444,18.105528165320468,14307509838.805326,542.8358086922086,4160.955129707034,26356975.0,51.0781236333777,26.01203260610171,26.331059949508273,7.239962693501649,60.80775681486019,0
UZB,2006,189.41,1699.258920541695,1585.3002671294248,0.8,90.48062706337473,18.552650233933527,17330833852.918976,649.118167003925,4413.722812272658,26699043.0,51.4638817209862,26.83847024127925,25.079408659922652,7.328999426408169,60.392336813123784,0
UZB,2007,183.6009,1638.4536092760904,1604.4093353791295,0.9,90.47968823325375,13.058293036257169,22311393927.88172,824.0281923347682,4764.563914275293,27076008.0,51.7087010288873,26.862717275629656,23.235899255054985,7.415772826525743,59.95862233476458,0
UZB,2008,195.1412,1660.6376326587626,1560.9875534892558,0.8,91.0629654705484,22.6213708232108,29549438883.83379,1074.7292879670074,5115.64391465594,27494774.0,51.7943572998047,29.06507090105672,19.68960579730971,7.505091440407187,59.54579130989273,0
UZB,2009,176.5481,1492.2747847265116,1517.180370265169,1.2,87.06065505059577,18.621639422789055,33689223673.257736,1205.7993547037972,5439.550681238467,27939328.0,51.6105041503906,30.352643815973885,18.63268496990416,7.594504123226555,59.13360630354747,0
UZB,2010,192.4441,1596.9237227759268,1473.392794195742,1.3,84.23857623857623,15.584415584415584,49765676402.449455,1753.2073024327788,5760.805119577912,28385506.0,51.3321647644043,21.229514810140923,26.92202731272545,7.6844723004781,58.72555587163792,0
UZB,2011,198.3916,1607.252990141527,1500.7704211566268,0.9,89.19968184228468,15.33974698886448,60178909297.20801,2087.8638613569433,6100.251009982842,28823196.0,51.3395500183105,19.777980459269735,29.698578103928043,7.777627355102809,58.32142062233685,0
UZB,2012,187.0615,1391.812104425488,1493.9903259196778,1.3,87.46018282913958,15.267175572519085,67517349212.06092,2307.346491171846,6435.564672264285,29261903.0,51.3359680175781,20.427938155189,28.963556697879127,7.869481413492427,57.90729692519504,0
UZB,2013,186.4686,1354.1112058641745,1501.3424307879827,1.2,89.56839795171909,14.81711777615216,73180037914.91043,2461.979474035951,6797.774947844938,29724065.0,51.1276969909668,21.29451963621375,27.81060181660293,7.961375803427806,57.50489342319334,0
UZB,2014,178.1141,1242.6477278767418,1515.0054293098824,1.4,89.105679393146,14.52943708193605,80845385809.45294,2674.9628382103024,7145.109806641512,30222994.0,50.8868713378906,22.070892548120167,28.69632894769552,8.053071555271014,58.61093327275356,0
UZB,2015,173.1853,1167.293850714227,1531.8699786330417,1.7,88.11224134327318,14.112345851041594,86196264755.31053,2803.190180217509,7529.763642741788,30749346.0,50.6597328186035,22.520460823214965,29.220718566953668,8.05583295506128,57.98456650022696,0
UZB,2016,182.9667,1211.946084941876,1538.1065834119877,1.6,88.31684180050071,13.802885024779876,86138288644.17099,2753.379514275888,7839.978201002364,31284568.0,50.6572189331055,22.921271298947207,29.27665430555561,8.139748655782801,57.98053069626933,0
UZB,2017,188.0524,1255.9775464817665,1582.3790294017024,1.7,86.95823742190069,13.328329496876028,69703222282.72784,2190.604115628878,8047.053754694658,31819178.0,50.6787376403809,24.72537784344576,25.4562457149834,8.198443897700345,57.95255431378068,0
UZB,2018,185.5182,1276.0853286517645,1781.581164094449,1.5,90.62102518443145,9.387131137115237,58695899092.10833,1813.0853081366367,8348.960578731274,32373490.0,50.5814971923828,28.642898635969495,23.92626243930857,8.257120614089839,57.92340672784263,0
UZB,2019,189.6361,1289.0781755237033,1824.406051794615,1.6,89.80340306307157,10.180226975807086,67293639798.39958,2041.384807294311,8755.12593984949,32964701.0,50.5920104980469,31.99911836956066,21.841911741119723,8.316373665036148,58.00705927750224,0
UZB,2020,198.2383,1351.1412357299591,1758.034478984512,1.0,92.4812030075188,7.542556390977444,66443265418.30865,1978.280518607626,8727.411049392229,33586372.0,50.7670402526855,32.025243325007104,22.5277110093492,8.373221377510495,58.28321797344832,1
UZB,2021,210.4789,1465.1851351493451,2118.9009504114274,1.0,92.96133850875104,7.076776480809382,77340060003.0347,2258.519641192782,9247.643827039294,34243696.0,50.9269905090332,32.396818011286875,22.15472830931664,8.431804617238507,58.30120298738463,1
UZB,2022,206.8547,1381.8051713259256,2094.0523264075873,1.0,90.67982603778158,7.076776480809382,90095926567.4359,2578.6668939421884,9607.561672734491,34938955.0,50.9847412109375,31.48135075071116,20.97377168914149,8.490464130424916,58.47925346985831,0
UZB,2023,211.3657,1394.0904671425892,2059.2496300449784,1.0,90.67982603778158,7.076776480809382,102641879248.76396,2878.9687929245074,10007.68550261802,35652307.0,50.9964841114568,31.02441176057507,20.167649595056112,8.549143311017815,58.05514580733008,0
UZB,2024,227.4884,1394.0904671425892,2059.2496300449784,0.9999999999999997,90.67982603778158,7.0767764808093805,114965293466.61102,3161.7001063287503,10450.205140285188,36361859.0,50.9986686706543,31.809763118256335,18.32598269323204,8.549143311017815,58.05514580733008,0
VNM,2000,163.6424,372.4867382024766,296.8607814828966,57.7,45.21667105907157,52.961070742818414,31172518403.316227,404.02978405511834,4349.223487514622,77154011.0,24.3672526919772,36.73077532684548,24.53458199553489,37.88368803446281,28.226065710795343,0
VNM,2001,168.1308,393.0816273049384,338.14564672397404,56.1,40.50575013068479,53.284533455305805,32685198808.55485,419.2056775809006,4570.268465773852,77969361.0,24.9489362725143,38.12942166446774,23.241047590355187,38.39562827477579,30.483139927352216,0
VNM,2002,182.8945,424.57244952502543,390.7976496893118,52.2,49.161917532685216,49.33425522404738,35064105500.83445,445.1328618173133,4809.62151118535,78772224.0,25.5540925665659,38.48667878647608,23.029442177683375,38.9788826275962,30.44598293350507,0
VNM,2003,191.0392,441.33150122399167,448.1059263941178,50.8,53.60781918142944,43.67203420891875,39552513231.91688,497.1170892492557,5090.2899086988455,79563777.0,26.1745407830283,39.470007808386434,22.54243670561079,39.55651304544136,30.757570871093627,0
VNM,2004,213.4154,485.4327053723715,500.3673746331653,45.8,61.4404120409444,39.00707654353048,45427854693.25543,565.452284586212,5421.097028291215,80338971.0,26.8021001307977,40.20874952992211,21.80769935146727,40.07380268971523,31.59157609572032,0
VNM,2005,225.2049,509.2451266316491,589.2464429491831,44.1,68.32600268376324,33.87386312807514,57633255738.19916,710.7467599948609,5776.363044512679,81088313.0,27.4285898187702,38.13113990028457,19.29997888404936,40.2320697359967,32.13846188270569,0
VNM,2006,231.4367,515.0750424726715,664.4444119094346,44.2,66.15641479179409,31.77746185509067,66371664817.043625,807.7566451170537,6098.24495436514,82167897.0,28.0458290558422,38.584731033898066,18.72678545355207,40.7502549593184,32.219185089275726,0
VNM,2007,245.1668,544.6731833663822,743.6385294746266,41.9,65.50561127029609,31.23750895415473,77414425532.24516,925.6403383487174,6418.54381402878,83633375.0,28.6456370509099,38.51162484790687,18.655099701708977,41.29432617306228,32.19434472961819,0
VNM,2008,256.1988,572.0995423051079,812.6135563312898,39.3,64.5185023707014,34.22400403291733,99130304099.12744,1163.8319577287318,6659.135614320655,85175788.0,29.2198330128693,37.07769637888007,20.413143924650708,41.776221898258264,32.739967774111875,0
VNM,2009,275.6843,615.1421470701741,912.7802864903406,37.0,63.86774872257289,36.64434024646829,106014659565.21388,1226.1697605153618,6914.338635895455,86460018.0,29.7581347355675,37.38818637934189,19.16845986704246,42.293066293219766,32.90681092971652,0
VNM,2010,292.7404,670.1080291006401,1028.4242602425527,34.6,70.85971992455454,38.685647450554775,147201173196.97876,1683.1618244397855,7274.733106980158,87455152.0,30.2504027258526,33.02287713600045,15.37509068723813,42.733215446194315,34.345056081508105,0
VNM,2011,295.6414,663.5744401407039,1107.8316695398987,36.3,60.53981858713199,41.07132562072412,172595049183.9247,1950.925041749125,7652.61895672271,88468314.0,30.6996041680996,34.58040878053903,16.259148489628313,43.1647323195567,34.373284304337275,0
VNM,2012,295.4604,664.3473126141025,1210.2398520233792,37.9,54.98078100551058,48.106750459214915,195590661129.24908,2185.117676542914,7979.868289268585,89510356.0,31.1222779403029,35.860232394676615,16.19950764039303,43.57082470641906,34.433112037695764,0
VNM,2013,304.038,674.6781651072752,1229.9677838136142,37.4,56.79145449418633,48.62930219443016,213708811665.34036,2359.517364728279,8324.198712500469,90573104.0,31.5334201724543,35.57515043773598,15.215612246512672,44.06395211255915,34.67267044512983,0
VNM,2014,320.0895,745.633531778112,1384.5068091391083,36.7,56.646454718249295,44.48266566450093,233451469642.51935,2546.3846445990334,8751.882806343749,91679578.0,31.9480269945454,35.298568488033276,14.880348926272232,44.44284889156942,34.69912659435621,0
VNM,2015,343.6263,679.4459239729465,1615.4895841078787,27.8,65.22617224171154,35.39641904244281,239258328381.7414,2577.568853401125,9248.023960696222,92823254.0,32.3810945365679,34.26654663821168,14.474726178954748,44.871164038891706,38.76343005204494,0
VNM,2016,364.3785,738.8795333858989,1788.721177868321,26.8,63.66915843312405,36.029092158416496,257096001177.98184,2735.060438041602,9743.188223145504,94000117.0,32.8476189285136,34.11522886123721,13.818255373086611,45.878354877515655,38.84079428948872,0
VNM,2017,370.3905,757.4799799413119,1918.1949853271765,28.3,55.215328094703544,45.17160934789264,281353605986.90344,2956.1099212775316,10290.54871422442,95176977.0,33.3625963003742,35.390364072972794,12.929879485236237,45.996336984649155,38.82796271892739,0
VNM,2018,427.7399,885.6468417877653,2115.3540239415856,24.3,60.83574096906571,39.5259564601314,310106478394.6589,3222.3100312536644,10936.893785955768,96237319.0,33.9410227821412,36.54243340864467,12.306668431042803,46.23468153872168,38.73445022636706,0
VNM,2019,484.71,987.2714724403896,2290.2681069015985,20.4,69.06083181296033,30.86737701871748,334365270496.66705,3440.9002537543365,11628.613914745056,97173776.0,34.6239134999511,36.80313689775539,11.784528554038657,46.47684164515727,39.52410274735267,0
VNM,2020,492.9551,991.2812324851652,2303.7098664486334,18.9,64.55578645766093,35.73447137068395,346615738537.7963,3534.0395348264683,11851.396568564898,98079191.0,35.5706676299742,36.743713293880056,12.65540356855563,46.71900175159286,39.43476832073611,1
VNM,2021,486.7794,962.1995248811894,2403.5454030681813,24.2,55.88969958605776,41.16973210163486,366474752771.00934,3704.193559003796,12048.901993553598,98935098.0,36.6540656426603,37.39151924693015,12.603090465274503,46.96116185802845,39.43476832073611,1
VNM,2022,494.4744,1023.0571362686971,2624.400893031853,24.2,50.9022632553832,41.16973210163486,413445230668.5782,4147.69777213621,12979.763904993424,99680655.0,37.5478515625,38.4823612398341,11.880299830258508,47.20332196446404,39.29119513510237,0
VNM,2023,542.9235,1018.0694042216336,2585.494096631193,24.2,50.9022632553832,41.16973210163486,433857681378.29095,4323.3503198245135,13545.934661675186,100352192.0,38.1298904418945,37.58156975488241,11.86167115887942,47.44548207089962,39.21473762797954,0
VNM,2024,584.2576,1018.0694042216336,2585.494096631193,24.199999999999992,50.9022632553832,41.16973210163485,476388230307.1752,4717.290287324488,14415.215953281288,100987686.0,38.4900703430176,37.641465203424865,11.863490698354566,47.44548207089962,39.21473762797954,0
ZAF,2000,449.6813,2269.3706346490108,4367.0743670037555,16.2,91.81148241325296,2.0008544168604927,151752757215.3085,3217.8469344846712,11183.825503143024,47159719.0,56.2589954883628,28.229755513028888,2.6147479932776783,14.655211072550264,80.888474886447,0
ZAF,2001,461.0861,2180.265933841692,4121.635258205303,15.0,92.89005235602096,2.106049500237982,135429905922.5262,2847.1519194590805,11387.492366781962,47566800.0,57.0014339378269,28.53161312266398,2.812451694552399,14.625205054859904,80.79614867816898,0
ZAF,2002,475.9107,2072.0576634937324,4352.593633221063,13.3,92.45426725603537,1.8742740564433864,129087556612.44882,2688.2367603280636,11697.565726168685,48019415.0,57.6723587528482,28.50591601547647,2.9569718254908404,14.595199037169545,80.80851379534907,0
ZAF,2003,502.808,2300.850526032555,4392.318999443056,11.8,92.90864922789235,1.7418039610808227,197018965308.69696,4062.217559937858,11923.121101363264,48500348.0,58.3724341232066,26.89286806461112,2.6539775287002123,14.56519301947918,80.7260796808151,0
ZAF,2004,537.0016,2478.0037860522766,4430.65327702987,11.0,92.54144436949368,1.945516240469328,255806908594.57257,5221.463337317212,12341.210265582842,48991421.0,59.0977390950102,26.303636667974615,2.4117161148620037,14.53518700178882,80.46229051430645,0
ZAF,2005,549.4026,2374.435502455374,4486.135622499989,9.7,93.56080711410164,1.8748785327573676,288867217196.534,5836.876633251265,12861.563308911373,49490033.0,59.8241758378997,26.01507926595069,2.085117989720124,14.50518098409846,80.35924787113899,0
ZAF,2006,553.5642,2397.9908224011197,4579.437807426844,9.3,93.64061182515228,2.155458277843009,303858675363.64276,6077.382933888757,13444.233212605764,49998277.0,60.5276465215157,24.85911763191474,2.0509765123846444,14.475174966408098,79.86876488966193,0
ZAF,2007,575.5994,2576.7850395665155,4716.419522066955,8.7,94.14526394892953,1.7336941464025597,333077117253.6838,6591.85535960564,14016.244471638598,50528584.0,61.1840533154988,25.294618309082807,2.3559140050425595,14.445168948717738,79.87041357195261,0
ZAF,2008,604.938,2738.084673699622,4543.320392672943,9.7,93.3238091919579,1.6404830210886172,316131258616.309,6184.754743283988,14297.688780263246,51114599.0,61.7692983894896,26.941556109134403,2.5724887669648893,14.415162931027377,80.05011994163664,0
ZAF,2009,573.0525,2735.0061852964427,4321.020923932942,9.2,93.10217705774632,1.7540081023573777,329754060647.12897,6374.705600429925,13910.701709339375,51728516.0,62.2592839131287,25.74307618875928,2.399496134877553,14.385156913337015,79.9511990041959,0
ZAF,2010,581.5067,2518.441903144772,4444.783992740646,9.4,93.2962507848583,1.9412714126679016,417363822801.71265,7973.471957715169,14164.995836311546,52344051.0,62.6299120560569,25.303463099336263,2.107787493141579,14.355150895646654,79.87123791309796,0
ZAF,2011,561.3166,2536.4141763841276,4480.895960304333,9.0,92.8501778790118,1.99910108250996,458199494830.8336,8646.055710716348,14434.261145604813,52995205.0,62.850627754452,24.839491150799876,2.0438930862029685,14.325144877956292,79.44505354095739,0
ZAF,2012,582.7117,2394.3979870535554,4288.917633849645,8.3,93.63327246150924,1.8076450358445868,434400545085.8111,8076.976784797406,14563.762404103238,53782567.0,62.9616560303263,24.468600235575277,1.976709595463612,14.295138860265933,79.41785028316119,0
ZAF,2013,597.1763,2341.17923180198,4207.920398239969,7.8,92.8192351399796,1.735657410191625,400886013595.5732,7331.654673849192,14681.096638957037,54678791.0,63.0524024097034,24.551741767348393,1.9268492459719893,14.26513284257557,79.41785028316119,0
ZAF,2014,610.893,2438.6789165688547,4118.709726251923,7.6,92.0404785848332,2.142585656708027,381198869776.10565,6856.731370925222,14643.338478293632,55594838.0,63.1352327065742,24.30528200582272,2.1257485486993635,14.23512682488521,79.41785028316119,0
ZAF,2015,584.9499,2257.194676178127,4023.197636635388,7.6,91.63485610141996,2.6711541927860445,346709790458.56305,6112.273824859742,14541.674861366871,56723537.0,63.2096349937231,23.73230797463257,2.233978390459119,14.205120807194849,79.41785028316119,0
ZAF,2016,582.2042,2311.7690186515083,3935.657825888296,7.8,89.70630709761144,3.1019003192916235,323585509674.4806,5651.205851657492,14501.280782340202,57259551.0,63.2750973439347,23.78253729774931,2.414186073945762,14.175114789504487,79.41785028316119,0
ZAF,2017,599.0716,2283.458154476689,3939.81715536776,7.9,88.75884829148605,4.18104603855229,381448814653.4564,6618.335082557006,14573.59808400042,57635162.0,63.3311078299936,23.610556495569476,2.493798638497657,14.145108771814128,79.41785028316119,0
ZAF,2018,600.3929,2184.8777755068877,3906.3176444420583,8.0,88.94604851070801,4.876851133203586,405260723892.5169,6914.178031807599,14553.561566895734,58613001.0,63.3771545246841,23.537060839274368,2.260703826699196,14.115102754123765,79.41785028316119,0
ZAF,2019,604.7019,2231.9107471029556,3768.651966754652,8.7,87.78869788594974,5.24124159386961,389330032224.2691,6533.711210328561,14352.669870987076,59587885.0,63.4127255007908,23.62201528436516,1.9503211452697968,14.085096736433403,79.41785028316119,0
ZAF,2020,576.999,2037.4619416610287,3477.819011111865,9.8,87.96681710580701,6.011915447914797,337974655408.0553,5580.603830751887,13250.566659445636,60562381.0,63.4373088310982,23.33943840795816,2.57866122238783,14.055090718743044,79.41785028316119,1
ZAF,2021,575.4292,2124.622974365719,3518.4527067903127,9.7,85.60502996654043,6.447863939241665,419986284375.36835,6828.756245900167,13681.954814481312,61502603.0,63.4503925883909,24.90060174821321,2.4578719966737084,14.025084701052684,79.41785028316119,1
ZAF,2022,556.0799,1938.3064469327448,3404.6234907237936,9.7,85.17935927793643,6.447863939241665,407596043067.88525,6534.248677833969,13767.496758993606,62378410.0,63.4766699210327,24.982028787222333,2.605774849856178,13.995078683362324,79.41785028316119,0
ZAF,2023,555.4453,1938.5091601805275,3247.1485334266144,9.7,85.13839404471696,6.447863939241665,381440724491.2316,6034.272089646732,13695.375569407595,63212384.0,63.5823705163545,24.56396551206514,2.535171123098481,13.96507266567196,79.41785028316119,0
ZAF,2024,569.8096,1938.5091601805275,3247.1485334266144,9.7,85.13839404471696,6.447863939241664,401144998373.5852,6267.186814093005,13597.653849599776,64007187.0,63.6917984858172,24.310530888881683,2.8111952698353933,13.96507266567196,79.41785028316119,0
ZMB,2000,14.01,596.1949554858778,623.2012339045029,90.0,0.6124792650248819,99.9955340053592,3600632111.414137,359.4295009882214,2220.565371271404,10017631.0,35.8735460960387,23.243894154924387,16.149773456038517,63.29651999623347,30.301725877399484,0
ZMB,2001,15.1786,597.0438987162079,642.8940498402692,89.8,0.6264094211976947,98.68721444458335,4094441301.2142286,396.5489529935036,2268.9696556459685,10325185.0,35.8846482932758,23.360611690358425,15.527482235864827,63.24836223247555,30.34073635642126,0
ZMB,2002,14.4562,604.5625050716077,666.5133351033143,89.6,0.62255859375,97.37889488380748,4193850445.4263234,393.86462551861615,2299.3328918811426,10647949.0,36.0706035730014,23.8755524352252,15.36142993836803,63.20020446871764,30.422792881260175,0
ZMB,2003,15.0111,611.8607685368615,683.1096740183883,89.3,0.6229036895064686,97.37889488380748,4901869764.059568,446.2901048390412,2383.876117410889,10983595.0,36.3858560115875,24.134973039682393,15.617099615815585,63.15204670495971,30.816933238273315,0
ZMB,2004,15.2732,612.3895104406714,703.4627548398785,89.4,0.5616005616005616,94.76225576225576,6221110219.455416,548.6859745662773,2471.720733286847,11338198.0,36.8035881130253,25.69612517571153,15.58094288222842,63.10388894120179,30.80079097109189,0
ZMB,2005,16.2935,608.6659489923285,706.3851741374281,88.9,0.5905292479108635,97.53738161559887,8331870169.149771,710.9820681716964,2564.475609659117,11718819.0,37.2969823813059,26.8496240283076,14.58855137172847,63.055731177443874,30.61919046530085,0
ZMB,2006,16.2946,605.1254811690678,712.7220599143266,89.7,0.1337310976237012,97.87125098902673,12756858899.281174,1051.717148956864,2673.4615192852852,12129553.0,37.8392213204204,30.396117322366244,13.206271058776576,63.00757341368595,31.003914499791495,0
ZMB,2007,15.7682,598.0611370828547,660.9585211719618,90.7,0.123941334435034,98.2051203624546,14056957976.264832,1118.7316262695265,2796.3529332184025,12565085.0,38.4034874343601,31.909680430812205,12.105596237559734,62.95941564992803,30.917822408157225,0
ZMB,2008,16.7026,617.6143302136472,581.8148753536891,89.8,0.1254180602006689,98.2051203624546,17910858637.904797,1375.5021100699742,2908.1436251066807,13021324.0,38.9629632271162,30.990615570580893,11.4539997547605,62.91125788617011,31.05637686813113,0
ZMB,2009,18.2625,620.7671952946457,556.9891275929849,89.2,0.1206393887604302,98.2051203624546,15328342303.957512,1136.2416831684773,3065.8442010899753,13490389.0,39.4908312026796,30.224468879122707,11.552783633397338,62.8631001224122,31.72762614509208,0
ZMB,2010,19.9409,629.5925538540044,575.4857258488254,89.2,0.1236681887366818,,20265559483.854828,1451.1061601715494,3266.507492938285,13965594.0,39.9558857709992,32.23891476107008,9.420946109817734,62.81494235865427,31.525847805324258,0
ZMB,2011,19.7789,646.4513928118593,613.4592842287009,87.9,0.1297465617161145,,23459515275.577595,1624.8681776344254,3335.6433950065702,14437796.0,40.3684491825881,34.44428192435842,9.64805782176724,62.56180470547088,31.794885591681354,0
ZMB,2012,23.2692,662.5552045487385,711.3627407521,85.4,0.1447527141133896,99.87446722959388,25503060420.026028,1710.0506134372813,3474.5525284409214,14913629.0,40.7698556821596,32.01065039181359,9.321639535706009,62.30866705228749,32.063923378038446,0
ZMB,2013,24.5537,671.7652663544061,724.3328899927703,85.3,0.1421517282657489,99.86951967679188,28037239462.71422,1820.718548273905,3535.22449043144,15398997.0,41.1682266235825,32.55644910824616,8.226523184278172,62.0555293991041,31.930749673791688,0
ZMB,2014,25.548,682.4576328583674,695.1733891401334,84.6,2.823108173242443,97.19238449356192,27141023558.08286,1707.485731366938,3585.577485071313,15895315.0,41.5634741658525,32.94414802487833,6.779597852178649,61.802391745920715,31.93209486272347,0
ZMB,2015,26.2109,686.1316901056455,718.1496484347392,84.0,2.991484635320252,97.01162532395408,21251216798.776245,1295.877886800678,3576.92544834125,16399089.0,41.9555104679652,33.657249115230044,4.980836564311461,61.54925409273733,31.933440051655253,0
ZMB,2016,27.0611,682.992655103275,661.3290917461388,84.0,5.698248001360776,94.3085558768498,20958412538.309345,1239.0852787771328,3598.1716602338947,16914423.0,42.3442476889162,34.87716660959379,6.228471989560292,61.29595501688212,31.933440051655253,0
ZMB,2017,29.2846,701.8374541094195,719.3836246339154,83.5,13.65605445918999,86.23743381695661,25873601260.835304,1483.4657732806522,3612.505976645926,17441320.0,42.7295979877011,37.30404492146256,4.024271193736498,61.04288462314532,32.067958944833805,0
ZMB,2018,30.9647,725.3453667753522,748.8217838093258,83.8,15.332145271308304,84.59827956989247,26311507273.67354,1463.8999785559306,3646.959664816546,17973569.0,43.1114735233156,34.48532158492323,3.3411239920944884,60.78970661429397,32.067958944833805,0
ZMB,2019,32.3912,740.779623928295,714.5465616288442,86.1,15.340409708606584,84.29124442642886,23308667781.225754,1258.9861984446204,3591.5641888310797,18513839.0,43.4897864547552,34.94198121711667,2.8607749368079616,60.53651515355332,32.067958944833805,0
ZMB,2020,33.0129,757.4788177079388,618.6450304429915,85.4,14.540799579859517,85.48176570903844,18137764930.65097,951.6443166559574,3391.5954115609516,19059395.0,43.8644489410157,40.1976896628281,2.972633845488468,60.283337144701974,32.067958944833805,1
ZMB,2021,34.1493,768.8643020754497,675.0798462752289,83.0,7.9832881662149955,92.001184566787,22096416932.008896,1127.1607787285725,3503.034914183715,19603607.0,44.2353731410926,41.831938472446694,3.0009183153374694,60.03015012308478,32.067958944833805,1
ZMB,2022,37.1091,791.6213856226273,704.8103854633999,83.0,11.121951219512196,92.001184566787,29163782140.485832,1447.1231013803465,3585.1237908434655,20152938.0,44.5988511178469,35.28382101824494,3.0940158340762234,59.77696915481779,32.067958944833805,0
ZMB,2023,37.492,804.2230601748556,726.7431690798551,83.0,11.121951219512196,92.001184566787,27577956471.243988,1330.7278057670908,3673.4841969922018,20723965.0,45.0285853521585,35.10777806940196,2.2301203425934344,59.52378415098401,32.067958944833805,0
ZMB,2024,38.519,804.2230601748556,726.7431690798551,83.0,11.121951219512196,92.001184566787,25303185342.251072,1187.1094335006403,3708.069042956468,21314956.0,45.4703838491279,35.24658305651424,2.8337076446501905,59.52378415098401,32.067958944833805,0
ZWE,2000,31.2436,555.9206930460916,897.0695140579152,69.5,54.33881343817012,47.03345246604718,6693250000.0,562.8337574960761,6170.333908322016,11892055.0,32.3991568853313,,15.668770776528593,47.47571410107276,39.07808814786093,0
ZWE,2001,31.406,540.2706139669054,868.5337441397152,72.3,62.496837844674936,39.189223374652165,6780750000.0,566.3887464488722,6217.4117942519915,11971901.0,32.4999278382836,,15.628802123658888,47.3566240144759,39.281676618844514,0
ZWE,2002,28.6886,519.5818001715552,868.6549820713748,74.7,55.64224991265867,45.173518108769066,6345250000.0,524.936478570323,5610.191468614367,12087653.0,32.5631884166934,,12.568456719593396,47.23753392787902,39.87880806514153,0
ZWE,2003,25.4367,477.20079747957845,861.651544028064,78.0,39.265825662007046,61.32924195931356,5730500000.0,468.4719329272126,4601.660746825104,12232323.0,32.6003372313948,,14.793648023732658,47.11844384128215,40.35134470725087,0
ZWE,2004,24.6078,449.272021527134,831.8038579654883,81.8,43.39952670027781,57.494186644716535,5808500000.0,469.7192989493038,4287.598291960832,12365896.0,32.6278168233873,24.382370663682533,18.064044073340792,46.99935375468528,41.24962388522683,0
ZWE,2005,25.8978,479.19059840395335,862.8236209401389,80.3,47.56774055899296,53.08342223170472,5758250000.0,461.2713875479115,4004.664437209453,12483432.0,32.6482709722903,26.47939912299744,17.14930751530413,46.8802636680884,41.50320899573478,0
ZWE,2006,24.8157,494.4347999860546,838.7643834955163,78.7,32.116879859543516,67.550163029847,5446750000.0,431.0349944149641,3819.2334285388984,12636445.0,32.6640794641194,30.651305824574283,19.23165190251067,46.76117358149153,42.0098622204989,0
ZWE,2007,24.8398,473.0168219897028,727.6599340615296,78.0,28.426862925482983,71.54356682875542,5294750000.0,413.52124459292514,3631.537615662557,12804058.0,32.67762208489,32.46140044383588,21.19552386798243,46.642083494894656,41.74412407910042,0
ZWE,2008,22.2332,416.1112502640976,599.8079040529591,81.6,24.104918032786884,75.57311475409836,4418000000.0,340.9174475885724,2954.0993237792645,12959149.0,32.6912786206175,30.483250339520147,19.018786781349025,46.52299340829779,42.36632208866485,0
ZWE,2009,22.8139,418.04242583891016,558.0245899082311,82.6,24.35879851872171,75.59868330818817,9670750000.0,735.821693871697,3299.413795948729,13142790.0,32.7074288573175,21.453868624460355,10.743737559134503,46.40390332170091,41.9757303864547,0
ZWE,2010,25.9896,420.10904684877113,576.7957409354573,81.2,32.178616641730926,67.44654160432731,12047750000.0,902.0107590673878,3885.3937845434302,13356548.0,32.7284525810054,20.69473553153078,9.609678155672222,46.284813235104046,41.71335375468528,0
ZWE,2011,32.487,444.8069627480297,603.5118875292158,77.2,42.294372294372295,57.06136363636364,14109000000.0,1037.775651572176,4358.925826493095,13595424.0,32.7567295776968,21.720178609398253,8.666454036430647,46.165723148507176,42.231384257464136,0
ZWE,2012,29.5335,454.70802021124354,577.8018013897494,77.0,39.64599847974807,61.24856119014008,17123500000.0,1239.2270974570858,5003.48706186748,13817887.0,32.7931752128328,25.33068589949485,8.044500248196924,46.0466330619103,41.85129171513506,0
ZWE,2013,29.6596,462.8652830722856,599.266095268324,79.3,46.088772845953,54.80845953002611,19100750000.0,1362.9949832336792,5031.687444003906,14013808.0,32.9019343169941,23.80011256102509,7.145007394997579,45.92754297531344,41.84425281116712,0
ZWE,2014,27.4098,460.3336982357896,582.7261773282423,80.8,44.40011967687244,56.76892390545527,19505500000.0,1372.9152617316138,5081.11240399225,14207359.0,33.1628075970801,23.718951065084205,8.744969367614262,45.80845288871656,41.83876541295076,0
ZWE,2015,28.4694,453.584519266008,552.5378718666342,80.8,47.29687982700031,54.024920193594895,19973250000.0,1387.1263259502578,5102.714323476071,14399013.0,33.5612641766874,22.358654700662136,8.284830961410886,45.68936280211968,41.8325022618586,0
ZWE,2016,26.5928,423.26403197028907,511.77051640193,81.7,56.77615235992272,41.44810930168369,20559249999.999996,1408.1394525343117,5070.402170160511,14600294.0,34.0799460726314,22.11534953852889,7.873584882717026,45.57027271552281,41.82753211839214,0
ZWE,2017,26.0514,413.68723928349687,542.7179590834271,82.0,45.43769037213614,55.181432922791686,51035657370.51794,3445.449410201338,5234.383865574803,14812482.0,34.7014953017273,32.015737766345694,7.247881529592232,45.45118262892594,41.82178622204989,0
ZWE,2018,28.0311,441.9024614385811,641.6595696337985,79.7,44.1135660155833,63.033301312840216,34141666666.666668,2270.895318743022,5415.469763716895,15034452.0,35.4085538807905,31.03777512957831,7.319200562822151,45.33209254232907,41.81681607858343,0
ZWE,2019,26.4695,439.67637546170977,539.3753853616781,81.0,48.22322919150966,66.17031518624643,33357695635.12844,2184.329238554689,4993.84383894752,15271368.0,36.1837638266364,38.97494594938319,22.70565248054756,45.2130024557322,41.81960294687864,0
ZWE,2020,24.7938,394.9192407086429,479.8772297449431,84.1,41.12093511164394,58.32930687374173,31980334561.312298,2059.674453844988,4527.719880827238,15526888.0,37.0097671560802,40.433644893532325,20.847051091370812,45.09391236913532,41.81695980354142,1
ZWE,2021,27.1497,405.00450069165254,460.4610560978806,82.4,29.404205607476637,88.30951704545454,41287673690.077065,2613.6054208355185,4827.0886936086,15797210.0,37.8692058859373,36.916310135025846,21.48565301605987,44.974822282538454,41.809145405195814,1
ZWE,2022,28.0256,447.3859828337427,554.481856308174,82.4,31.001608086377217,88.30951704545454,40757561708.77414,2536.4005022307556,5036.7613610948865,16069056.0,38.7055207169041,46.47236353928249,17.06123089314713,44.85573219594158,41.79771074059713,0
ZWE,2023,30.125,472.2289578609699,503.7690270416017,82.4,31.001608086377217,88.30951704545454,35871779680.63354,2195.2249207924506,5218.022664621287,16340822.0,39.2919370795795,33.255551908393066,11.494869401141738,44.73664210934471,41.79170634612899,0
ZWE,2024,30.7843,472.2289578609699,503.7690270416017,82.39999999999999,31.001608086377217,88.3095170454545,41539411516.44479,2497.203322087631,5215.253010757424,16634373.0,39.8933716820696,34.99261131416194,8.688450827786035,44.73664210934471,41.79170634612899,0
